DeviceTag: Movella DOT4,FirmwareVersion: 3.0.0,AppVersion: 2023.6.0,SyncStatus: Unknown (Synced/Un-synced),OutputRate: 60,FilterProfile: Unknown,Measurement Mode: Sensor fusion Mode - Extended (Euler),StartTime: 2026-04-02 14:42:34.608,© Movella Technologies B.V. 2005-2026
SampleTimeFine,Quat_W,Quat_X,Quat_Y,Quat_Z,FreeAcc_X,FreeAcc_Y,FreeAcc_Z,Status
1446917,0.3877,-0.0068,0.0041,0.9218,0.0054,0.0009,0.2096,0
1447084,0.3875,-0.0067,0.0043,0.9218,-0.0011,0.0141,0.2141,0
1447251,0.3877,-0.0064,0.0044,0.9218,0.0170,0.0009,0.2138,0
1447417,0.3878,-0.0064,0.0045,0.9217,0.0067,0.0162,0.2051,0
1447584,0.3880,-0.0063,0.0045,0.9216,0.0122,0.0077,0.2092,0
1447751,0.3881,-0.0061,0.0046,0.9216,0.0235,0.0153,0.2121,0
1447917,0.3882,-0.0060,0.0047,0.9216,0.0230,0.0032,0.2295,0
1448084,0.3881,-0.0060,0.0048,0.9216,0.0299,0.0161,0.1978,0
1448251,0.3884,-0.0059,0.0049,0.9215,0.0263,0.0135,0.2248,0
1448418,0.3885,-0.0058,0.0051,0.9214,0.0067,0.0081,0.2021,0
1448584,0.3887,-0.0057,0.0052,0.9213,0.0289,0.0224,0.2075,0
1448751,0.3888,-0.0056,0.0053,0.9213,0.0473,0.0137,0.2168,0
1448918,0.3889,-0.0055,0.0055,0.9212,0.0377,0.0165,0.2175,0
1449084,0.3890,-0.0054,0.0056,0.9212,0.0313,0.0164,0.2082,0
1449251,0.3891,-0.0053,0.0057,0.9212,0.0316,0.0139,0.2038,0
1449418,0.3892,-0.0052,0.0059,0.9211,0.0500,0.0212,0.2242,0
1449584,0.3893,-0.0050,0.0060,0.9211,0.0325,0.0267,0.2057,0
1449751,0.3893,-0.0049,0.0061,0.9211,0.0424,0.0329,0.2444,0
1449918,0.3894,-0.0048,0.0063,0.9210,0.0662,0.0358,0.2261,0
1450084,0.3894,-0.0047,0.0064,0.9210,0.0561,0.0208,0.2147,0
1450251,0.3895,-0.0046,0.0066,0.9210,0.0525,0.0287,0.1816,0
1450418,0.3896,-0.0045,0.0067,0.9209,0.0607,0.0373,0.2195,0
1450584,0.3898,-0.0044,0.0069,0.9209,0.0646,0.0403,0.2014,0
1450751,0.3899,-0.0043,0.0070,0.9208,0.0750,0.0372,0.2060,0
1450918,0.3900,-0.0042,0.0071,0.9208,0.0661,0.0454,0.2107,0
1451084,0.3901,-0.0041,0.0073,0.9207,0.0706,0.0354,0.2101,0
1451251,0.3902,-0.0040,0.0074,0.9207,0.0902,0.0344,0.2239,0
1451418,0.3903,-0.0039,0.0076,0.9206,0.0800,0.0554,0.2192,0
1451584,0.3904,-0.0038,0.0077,0.9206,0.0839,0.0496,0.2054,0
1451751,0.3905,-0.0036,0.0079,0.9205,0.0917,0.0353,0.2187,0
1451918,0.3907,-0.0035,0.0080,0.9205,0.1034,0.0487,0.2126,0
1452084,0.3907,-0.0034,0.0081,0.9205,0.1165,0.0628,0.2011,0
1452251,0.3908,-0.0033,0.0083,0.9204,0.1004,0.0517,0.2203,0
1452418,0.3909,-0.0032,0.0084,0.9204,0.0965,0.0560,0.2063,0
1452584,0.3910,-0.0031,0.0085,0.9203,0.1027,0.0447,0.2152,0
1452751,0.3911,-0.0030,0.0087,0.9203,0.1134,0.0597,0.2260,0
1452918,0.3912,-0.0029,0.0088,0.9202,0.1087,0.0650,0.2040,0
1453084,0.3914,-0.0028,0.0090,0.9202,0.0959,0.0587,0.1910,0
1453251,0.3915,-0.0027,0.0091,0.9201,0.1294,0.0700,0.2106,0
1453418,0.3916,-0.0025,0.0093,0.9201,0.1085,0.0670,0.2027,0
1453584,0.3917,-0.0024,0.0094,0.9200,0.1193,0.0781,0.2128,0
1453751,0.3918,-0.0023,0.0095,0.9200,0.1147,0.0772,0.2465,0
1453918,0.3919,-0.0022,0.0097,0.9199,0.1255,0.0765,0.2045,0
1454084,0.3920,-0.0021,0.0098,0.9199,0.1340,0.0659,0.2276,0
1454251,0.3921,-0.0020,0.0099,0.9199,0.1510,0.0698,0.1942,0
1454418,0.3921,-0.0019,0.0101,0.9199,0.1260,0.0681,0.1909,0
1454584,0.3921,-0.0018,0.0102,0.9199,0.1334,0.0872,0.2229,0
1454751,0.3922,-0.0017,0.0104,0.9198,0.1439,0.0798,0.1962,0
1454918,0.3923,-0.0016,0.0105,0.9198,0.1533,0.0791,0.2190,0
1455084,0.3924,-0.0015,0.0106,0.9197,0.1445,0.0804,0.1951,0
1455251,0.3925,-0.0013,0.0108,0.9197,0.1410,0.0922,0.2225,0
1455418,0.3926,-0.0012,0.0109,0.9196,0.1589,0.1018,0.1921,0
1455584,0.3927,-0.0011,0.0111,0.9196,0.1600,0.0922,0.2282,0
1455751,0.3928,-0.0010,0.0112,0.9196,0.1590,0.0805,0.2207,0
1455918,0.3929,-0.0009,0.0113,0.9195,0.1532,0.0980,0.2149,0
1456084,0.3930,-0.0008,0.0114,0.9195,0.1750,0.1035,0.2052,0
1456251,0.3931,-0.0007,0.0116,0.9194,0.1621,0.0977,0.2229,0
1456418,0.3932,-0.0006,0.0117,0.9194,0.1692,0.0813,0.1829,0
1456584,0.3933,-0.0005,0.0118,0.9194,0.1658,0.0982,0.2091,0
1456751,0.3933,-0.0004,0.0120,0.9193,0.1700,0.1041,0.2111,0
1456918,0.3935,-0.0003,0.0121,0.9193,0.1917,0.0972,0.2103,0
1457084,0.3935,-0.0002,0.0122,0.9192,0.1810,0.1072,0.2197,0
1457251,0.3936,-0.0001,0.0123,0.9192,0.1919,0.1174,0.2157,0
1457418,0.3937,0.0000,0.0125,0.9192,0.1918,0.1105,0.2205,0
1457584,0.3938,0.0001,0.0126,0.9191,0.1939,0.1018,0.2071,0
1457751,0.3939,0.0002,0.0127,0.9191,0.2035,0.0996,0.2183,0
1457918,0.3940,0.0003,0.0128,0.9190,0.1977,0.1166,0.2128,0
1458084,0.3941,0.0004,0.0130,0.9190,0.2041,0.1239,0.1965,0
1458251,0.3942,0.0005,0.0131,0.9189,0.2047,0.1106,0.2283,0
1458418,0.3943,0.0006,0.0132,0.9189,0.2136,0.1136,0.1902,0
1458584,0.3944,0.0007,0.0134,0.9188,0.2048,0.1220,0.2143,0
1458751,0.3945,0.0008,0.0135,0.9188,0.2209,0.1186,0.1922,0
1458918,0.3946,0.0009,0.0136,0.9188,0.2120,0.1198,0.2072,0
1459084,0.3947,0.0010,0.0137,0.9187,0.2220,0.1127,0.2123,0
1459251,0.3948,0.0011,0.0139,0.9187,0.2191,0.1326,0.2247,0
1459418,0.3949,0.0012,0.0140,0.9186,0.2202,0.1181,0.2010,0
1459584,0.3950,0.0013,0.0141,0.9186,0.2306,0.1231,0.2162,0
1459751,0.3951,0.0014,0.0142,0.9185,0.2226,0.1266,0.2080,0
1459918,0.3952,0.0014,0.0143,0.9185,0.2529,0.1347,0.2126,0
1460084,0.3953,0.0015,0.0144,0.9184,0.2313,0.1169,0.1909,0
1460251,0.3954,0.0016,0.0146,0.9184,0.2304,0.1463,0.2226,0
1460418,0.3955,0.0017,0.0147,0.9184,0.2484,0.1290,0.2091,0
1460584,0.3956,0.0018,0.0148,0.9183,0.2346,0.1470,0.2400,0
1460751,0.3957,0.0019,0.0149,0.9183,0.2471,0.1519,0.1917,0
1460918,0.3957,0.0020,0.0150,0.9182,0.2480,0.1276,0.2075,0
1461084,0.3958,0.0021,0.0151,0.9182,0.2591,0.1331,0.1893,0
1461251,0.3960,0.0021,0.0152,0.9181,0.2641,0.1509,0.2176,0
1461418,0.3961,0.0022,0.0153,0.9181,0.2582,0.1415,0.2105,0
1461584,0.3961,0.0023,0.0154,0.9181,0.2632,0.1416,0.2070,0
1461751,0.3963,0.0024,0.0156,0.9180,0.2575,0.1351,0.2047,0
1461918,0.3963,0.0025,0.0157,0.9180,0.2572,0.1482,0.2099,0
1462084,0.3964,0.0026,0.0158,0.9179,0.2684,0.1422,0.2086,0
1462251,0.3965,0.0026,0.0159,0.9179,0.2592,0.1464,0.2069,0
1462418,0.3966,0.0027,0.0160,0.9179,0.2677,0.1464,0.2049,0
1462584,0.3967,0.0028,0.0161,0.9178,0.2644,0.1482,0.1964,0
1462751,0.3967,0.0029,0.0162,0.9178,0.2738,0.1549,0.2289,0
1462918,0.3968,0.0029,0.0163,0.9177,0.2712,0.1542,0.1930,0
1463084,0.3969,0.0030,0.0164,0.9177,0.2849,0.1462,0.2318,0
1463251,0.3970,0.0031,0.0165,0.9177,0.2788,0.1653,0.2183,0
1463418,0.3971,0.0032,0.0166,0.9176,0.2793,0.1572,0.2189,0
1463584,0.3972,0.0032,0.0167,0.9176,0.2919,0.1569,0.1891,0
1463751,0.3973,0.0033,0.0167,0.9175,0.2892,0.1604,0.2282,0
1463918,0.3974,0.0034,0.0168,0.9175,0.2900,0.1566,0.1827,0
1464084,0.3975,0.0034,0.0169,0.9175,0.3011,0.1383,0.2238,0
1464251,0.3975,0.0035,0.0170,0.9174,0.2868,0.1482,0.2050,0
1464418,0.3976,0.0035,0.0171,0.9174,0.2971,0.1635,0.1962,0
1464584,0.3977,0.0036,0.0172,0.9174,0.2941,0.1634,0.2312,0
1464751,0.3978,0.0037,0.0173,0.9173,0.2925,0.1545,0.2265,0
1464918,0.3979,0.0037,0.0173,0.9173,0.2982,0.1607,0.2041,0
1465085,0.3980,0.0038,0.0174,0.9172,0.3103,0.1723,0.2251,0
1465251,0.3981,0.0038,0.0175,0.9172,0.3130,0.1696,0.1881,0
1465418,0.3981,0.0039,0.0176,0.9171,0.3021,0.1777,0.1956,0
1465585,0.3982,0.0039,0.0176,0.9171,0.2973,0.1762,0.1863,0
1465751,0.3983,0.0040,0.0177,0.9171,0.3040,0.1705,0.2346,0
1465918,0.3984,0.0041,0.0178,0.9170,0.3036,0.1739,0.2157,0
1466085,0.3985,0.0041,0.0178,0.9170,0.3065,0.1730,0.2263,0
1466251,0.3986,0.0041,0.0179,0.9169,0.2997,0.1638,0.1932,0
1466418,0.3987,0.0042,0.0180,0.9169,0.3090,0.1728,0.2099,0
1466585,0.3988,0.0042,0.0180,0.9169,0.3057,0.1707,0.2014,0
1466751,0.3928,-0.0069,0.0036,0.9196,0.0005,-0.0221,0.2190,0
1466918,0.3929,-0.0069,0.0036,0.9196,-0.0002,-0.0136,0.2139,0
1467085,0.3928,-0.0069,0.0036,0.9196,0.0040,-0.0025,0.1978,0
1467251,0.3928,-0.0069,0.0036,0.9196,-0.0027,-0.0052,0.2270,0
1467418,0.3927,-0.0069,0.0036,0.9196,0.0093,-0.0018,0.2342,0
1467585,0.3927,-0.0069,0.0036,0.9196,-0.0095,-0.0091,0.2126,0
1467751,0.3927,-0.0069,0.0036,0.9196,0.0125,0.0075,0.2174,0
1467918,0.3926,-0.0069,0.0036,0.9197,-0.0023,-0.0014,0.2085,0
1468085,0.3926,-0.0069,0.0036,0.9197,-0.0003,0.0051,0.2174,0
1468251,0.3926,-0.0069,0.0036,0.9197,0.0101,0.0101,0.2352,0
1468418,0.3925,-0.0069,0.0036,0.9197,-0.0116,-0.0077,0.2069,0
1468585,0.3925,-0.0069,0.0036,0.9197,-0.0014,-0.0102,0.2275,0
1468751,0.3925,-0.0069,0.0036,0.9197,-0.0120,-0.0008,0.2125,0
1468918,0.3925,-0.0069,0.0036,0.9197,0.0014,0.0060,0.1980,0
1469085,0.3924,-0.0069,0.0036,0.9198,-0.0083,-0.0159,0.2044,0
1469251,0.3924,-0.0069,0.0036,0.9198,-0.0086,-0.0147,0.2139,0
1469418,0.3924,-0.0069,0.0036,0.9198,-0.0068,-0.0001,0.1993,0
1469585,0.3923,-0.0069,0.0036,0.9198,-0.0003,-0.0013,0.2073,0
1469751,0.3923,-0.0069,0.0036,0.9198,-0.0086,0.0019,0.2294,0
1469918,0.3923,-0.0069,0.0036,0.9198,0.0072,-0.0063,0.1941,0
1470085,0.3923,-0.0069,0.0036,0.9198,-0.0006,0.0011,0.2110,0
1470251,0.3922,-0.0069,0.0036,0.9198,-0.0061,-0.0091,0.2305,0
1470418,0.3922,-0.0069,0.0036,0.9198,0.0010,0.0093,0.2018,0
1470585,0.3922,-0.0069,0.0036,0.9199,0.0039,-0.0134,0.2313,0
1470751,0.3922,-0.0069,0.0036,0.9199,0.0119,0.0041,0.1969,0
1470918,0.3921,-0.0069,0.0036,0.9199,0.0178,-0.0001,0.1995,0
1471085,0.3921,-0.0069,0.0036,0.9199,0.0038,-0.0154,0.2155,0
1471251,0.3921,-0.0068,0.0036,0.9199,0.0007,0.0046,0.2350,0
1471418,0.3921,-0.0068,0.0036,0.9199,0.0049,-0.0036,0.2163,0
1471585,0.3920,-0.0068,0.0036,0.9199,0.0012,-0.0152,0.2166,0
1471751,0.3920,-0.0068,0.0036,0.9199,0.0087,-0.0187,0.2381,0
1471918,0.3920,-0.0068,0.0036,0.9199,-0.0015,-0.0037,0.2002,0
1472085,0.3919,-0.0068,0.0036,0.9200,-0.0136,0.0163,0.2198,0
1472251,0.3919,-0.0068,0.0036,0.9200,-0.0002,-0.0075,0.2143,0
1472418,0.3919,-0.0068,0.0036,0.9200,-0.0009,-0.0018,0.2223,0
1472585,0.3919,-0.0068,0.0036,0.9200,-0.0007,-0.0131,0.2093,0
1472751,0.3918,-0.0068,0.0036,0.9200,0.0027,0.0079,0.2229,0
1472918,0.3918,-0.0068,0.0036,0.9200,0.0025,0.0041,0.2128,0
1473085,0.3918,-0.0068,0.0036,0.9200,-0.0078,-0.0093,0.2257,0
1473251,0.3918,-0.0068,0.0036,0.9200,-0.0077,-0.0011,0.2224,0
1473418,0.3918,-0.0068,0.0036,0.9200,0.0107,-0.0008,0.2320,0
1473585,0.3917,-0.0069,0.0036,0.9200,0.0003,0.0050,0.2198,0
1473751,0.3917,-0.0069,0.0036,0.9201,0.0000,0.0106,0.2084,0
1473918,0.3917,-0.0068,0.0036,0.9201,-0.0096,-0.0045,0.2162,0
1474085,0.3917,-0.0069,0.0036,0.9201,-0.0095,-0.0037,0.2203,0
1474251,0.3917,-0.0069,0.0036,0.9201,0.0062,0.0055,0.2121,0
1474418,0.3916,-0.0069,0.0036,0.9201,0.0021,-0.0024,0.2155,0
1474585,0.3916,-0.0069,0.0036,0.9201,-0.0079,-0.0076,0.2034,0
1474751,0.3916,-0.0069,0.0036,0.9201,0.0077,0.0111,0.2081,0
1474918,0.3916,-0.0068,0.0036,0.9201,0.0036,0.0043,0.1882,0
1475085,0.3915,-0.0068,0.0036,0.9201,0.0148,0.0022,0.2240,0
1475251,0.3915,-0.0068,0.0036,0.9201,0.0003,0.0110,0.2070,0
1475418,0.3915,-0.0068,0.0036,0.9201,-0.0138,-0.0162,0.2322,0
1475585,0.3915,-0.0068,0.0036,0.9202,0.0073,0.0080,0.2008,0
1475751,0.3914,-0.0068,0.0036,0.9202,0.0063,-0.0026,0.2242,0
1475918,0.3914,-0.0068,0.0036,0.9202,-0.0055,-0.0077,0.2265,0
1476085,0.3914,-0.0068,0.0036,0.9202,0.0108,0.0012,0.2180,0
1476251,0.3914,-0.0068,0.0036,0.9202,0.0034,-0.0133,0.2138,0
1476418,0.3913,-0.0068,0.0036,0.9202,0.0053,-0.0159,0.2382,0
1476585,0.3913,-0.0069,0.0036,0.9202,-0.0003,0.0091,0.2187,0
1476751,0.3913,-0.0068,0.0036,0.9202,0.0029,0.0009,0.2392,0
1476918,0.3913,-0.0068,0.0036,0.9202,0.0031,-0.0034,0.1926,0
1477085,0.3913,-0.0068,0.0036,0.9202,-0.0052,0.0078,0.2127,0
1477251,0.3913,-0.0068,0.0036,0.9202,-0.0026,0.0062,0.2201,0
1477418,0.3912,-0.0068,0.0036,0.9203,0.0222,-0.0087,0.2135,0
1477585,0.3912,-0.0068,0.0036,0.9203,0.0021,0.0006,0.2016,0
1477751,0.3912,-0.0068,0.0036,0.9203,0.0044,0.0058,0.2233,0
1477918,0.3912,-0.0068,0.0036,0.9203,-0.0021,0.0046,0.2161,0
1478085,0.3912,-0.0068,0.0036,0.9203,-0.0098,0.0066,0.1986,0
1478251,0.3912,-0.0068,0.0036,0.9203,0.0062,-0.0015,0.2285,0
1478418,0.3911,-0.0068,0.0036,0.9203,-0.0010,-0.0006,0.1921,0
1478585,0.3911,-0.0068,0.0036,0.9203,-0.0042,-0.0084,0.2172,0
1478751,0.3911,-0.0068,0.0036,0.9203,0.0106,-0.0037,0.2182,0
1478918,0.3911,-0.0068,0.0036,0.9203,0.0019,0.0056,0.2311,0
1479085,0.3911,-0.0069,0.0036,0.9203,0.0049,-0.0032,0.2201,0
1479251,0.3911,-0.0069,0.0036,0.9203,-0.0007,-0.0003,0.2033,0
1479418,0.3910,-0.0068,0.0036,0.9203,-0.0041,0.0033,0.2293,0
1479585,0.3910,-0.0069,0.0035,0.9203,-0.0063,-0.0063,0.2047,0
1479751,0.3910,-0.0069,0.0035,0.9203,-0.0019,-0.0201,0.2133,0
1479918,0.3910,-0.0069,0.0036,0.9204,-0.0059,0.0186,0.2165,0
1480085,0.3910,-0.0068,0.0035,0.9204,0.0096,0.0004,0.2229,0
1480251,0.3910,-0.0068,0.0035,0.9204,0.0055,-0.0082,0.2301,0
1480418,0.3910,-0.0068,0.0035,0.9204,0.0017,-0.0008,0.2181,0
1480585,0.3910,-0.0068,0.0035,0.9204,-0.0044,-0.0027,0.2165,0
1480751,0.3909,-0.0068,0.0035,0.9204,-0.0086,-0.0073,0.2285,0
1480918,0.3909,-0.0068,0.0035,0.9204,-0.0084,0.0012,0.2114,0
1481085,0.3909,-0.0068,0.0035,0.9204,0.0029,0.0024,0.2390,0
1481251,0.3909,-0.0068,0.0035,0.9204,-0.0008,0.0033,0.2094,0
1481418,0.3909,-0.0068,0.0035,0.9204,0.0084,0.0010,0.2178,0
1481585,0.3908,-0.0068,0.0035,0.9204,0.0041,0.0021,0.2119,0
1481752,0.3908,-0.0068,0.0035,0.9204,-0.0110,-0.0074,0.2303,0
1481918,0.3908,-0.0068,0.0035,0.9204,0.0107,0.0031,0.2105,0
1482085,0.3908,-0.0068,0.0035,0.9204,-0.0003,-0.0162,0.2354,0
1482252,0.3908,-0.0068,0.0035,0.9205,0.0087,-0.0020,0.1979,0
1482418,0.3908,-0.0068,0.0035,0.9205,0.0037,0.0140,0.2157,0
1482585,0.3907,-0.0068,0.0035,0.9205,-0.0120,-0.0043,0.2085,0
1482752,0.3907,-0.0068,0.0035,0.9205,0.0054,-0.0045,0.2071,0
1482918,0.3907,-0.0068,0.0035,0.9205,-0.0129,-0.0115,0.2118,0
1483085,0.3907,-0.0068,0.0035,0.9205,0.0005,-0.0149,0.2225,0
1483252,0.3907,-0.0068,0.0035,0.9205,0.0001,-0.0015,0.2209,0
1483418,0.3907,-0.0068,0.0035,0.9205,0.0002,-0.0059,0.2444,0
1483585,0.3907,-0.0068,0.0035,0.9205,-0.0052,-0.0013,0.2340,0
1483752,0.3906,-0.0068,0.0035,0.9205,0.0009,-0.0102,0.2114,0
1483918,0.3906,-0.0068,0.0035,0.9205,0.0043,-0.0022,0.2077,0
1484085,0.3906,-0.0068,0.0035,0.9205,-0.0149,-0.0013,0.2163,0
1484252,0.3906,-0.0068,0.0035,0.9205,0.0129,-0.0083,0.2121,0
1484418,0.3906,-0.0068,0.0035,0.9205,-0.0007,-0.0128,0.2029,0
1484585,0.3905,-0.0068,0.0035,0.9206,-0.0111,-0.0006,0.2189,0
1484752,0.3905,-0.0068,0.0035,0.9206,-0.0003,0.0033,0.2200,0
1484918,0.3905,-0.0068,0.0035,0.9206,-0.0019,0.0063,0.2009,0
1485085,0.3905,-0.0068,0.0035,0.9206,0.0050,-0.0142,0.2463,0
1485252,0.3905,-0.0068,0.0035,0.9206,0.0014,-0.0001,0.1920,0
1485418,0.3905,-0.0068,0.0035,0.9206,0.0097,0.0001,0.2183,0
1485585,0.3905,-0.0068,0.0035,0.9206,0.0050,-0.0061,0.2172,0
1485752,0.3905,-0.0068,0.0035,0.9206,-0.0002,0.0093,0.2054,0
1485918,0.3904,-0.0068,0.0035,0.9206,-0.0082,0.0071,0.2141,0
1486085,0.3904,-0.0068,0.0035,0.9206,0.0015,0.0088,0.2103,0
1486252,0.3904,-0.0068,0.0035,0.9206,-0.0109,0.0057,0.2077,0
1486418,0.3904,-0.0068,0.0035,0.9206,0.0111,-0.0009,0.1955,0
1486585,0.3904,-0.0068,0.0035,0.9206,0.0129,-0.0186,0.2089,0
1486752,0.3905,-0.0069,0.0035,0.9206,-0.0185,0.0042,0.2235,0
1486918,0.3905,-0.0069,0.0035,0.9206,0.0005,0.0023,0.2058,0
1487085,0.3904,-0.0069,0.0035,0.9206,-0.0047,-0.0086,0.2355,0
1487252,0.3904,-0.0069,0.0035,0.9206,-0.0066,0.0014,0.2041,0
1487418,0.3904,-0.0069,0.0035,0.9206,0.0045,-0.0148,0.2136,0
1487585,0.3904,-0.0069,0.0035,0.9206,-0.0081,0.0052,0.2151,0
1487752,0.3904,-0.0069,0.0035,0.9206,-0.0027,0.0023,0.2475,0
1487918,0.3904,-0.0069,0.0035,0.9206,-0.0054,-0.0046,0.2225,0
1488085,0.3904,-0.0069,0.0035,0.9206,-0.0160,-0.0145,0.2121,0
1488252,0.3903,-0.0069,0.0035,0.9206,-0.0067,0.0107,0.2220,0
1488418,0.3903,-0.0069,0.0035,0.9206,0.0013,-0.0047,0.2064,0
1488585,0.3903,-0.0069,0.0035,0.9206,0.0037,0.0069,0.2063,0
1488752,0.3903,-0.0069,0.0036,0.9207,0.0074,0.0185,0.2018,0
1488918,0.3903,-0.0069,0.0036,0.9207,-0.0015,-0.0081,0.2151,0
1489085,0.3903,-0.0069,0.0036,0.9207,-0.0008,0.0023,0.2217,0
1489252,0.3903,-0.0069,0.0036,0.9207,0.0087,0.0157,0.2195,0
1489418,0.3902,-0.0069,0.0036,0.9207,-0.0023,-0.0021,0.2167,0
1489585,0.3902,-0.0069,0.0036,0.9207,0.0090,0.0111,0.2155,0
1489752,0.3902,-0.0069,0.0036,0.9207,0.0059,0.0019,0.2292,0
1489918,0.3902,-0.0069,0.0036,0.9207,0.0087,-0.0006,0.2093,0
1490085,0.3902,-0.0069,0.0036,0.9207,0.0039,-0.0055,0.2328,0
1490252,0.3902,-0.0069,0.0036,0.9207,-0.0030,-0.0002,0.2417,0
1490418,0.3902,-0.0069,0.0036,0.9207,0.0019,-0.0051,0.2030,0
1490585,0.3902,-0.0069,0.0036,0.9207,-0.0026,-0.0110,0.2267,0
1490752,0.3902,-0.0069,0.0036,0.9207,-0.0000,0.0117,0.2171,0
1490918,0.3901,-0.0069,0.0036,0.9207,-0.0025,0.0026,0.2142,0
1491085,0.3901,-0.0069,0.0036,0.9207,-0.0138,0.0018,0.2163,0
1491252,0.3901,-0.0069,0.0036,0.9207,0.0063,0.0007,0.2409,0
1491418,0.3901,-0.0069,0.0036,0.9207,-0.0018,0.0006,0.2078,0
1491585,0.3901,-0.0069,0.0036,0.9207,0.0041,-0.0003,0.2161,0
1491752,0.3901,-0.0069,0.0036,0.9207,0.0072,-0.0045,0.2127,0
1491918,0.3901,-0.0069,0.0036,0.9207,0.0072,-0.0148,0.2174,0
1492085,0.3901,-0.0069,0.0036,0.9207,0.0026,-0.0141,0.2176,0
1492252,0.3901,-0.0069,0.0036,0.9207,0.0049,-0.0001,0.2244,0
1492418,0.3901,-0.0069,0.0036,0.9207,-0.0036,-0.0102,0.2295,0
1492585,0.3901,-0.0069,0.0036,0.9208,0.0016,-0.0014,0.2374,0
1492752,0.3901,-0.0069,0.0036,0.9208,-0.0002,-0.0114,0.2041,0
1492918,0.3900,-0.0069,0.0036,0.9208,0.0021,-0.0156,0.2025,0
1493085,0.3900,-0.0069,0.0036,0.9208,-0.0076,-0.0033,0.1973,0
1493252,0.3900,-0.0069,0.0036,0.9208,-0.0033,-0.0062,0.2034,0
1493418,0.3900,-0.0069,0.0036,0.9208,0.0032,-0.0141,0.2276,0
1493585,0.3900,-0.0069,0.0036,0.9208,-0.0032,-0.0144,0.2133,0
1493752,0.3900,-0.0069,0.0036,0.9208,-0.0009,0.0043,0.2098,0
1493918,0.3900,-0.0069,0.0036,0.9208,-0.0140,0.0007,0.2251,0
1494085,0.3900,-0.0069,0.0036,0.9208,0.0037,0.0011,0.2220,0
1494252,0.3900,-0.0069,0.0036,0.9208,-0.0018,-0.0113,0.2049,0
1494418,0.3900,-0.0069,0.0036,0.9208,-0.0046,-0.0010,0.2152,0
1494585,0.3900,-0.0069,0.0036,0.9208,0.0068,-0.0036,0.2212,0
1494752,0.3900,-0.0069,0.0036,0.9208,0.0084,-0.0095,0.1959,0
1494918,0.3899,-0.0069,0.0036,0.9208,0.0042,-0.0022,0.2289,0
1495085,0.3899,-0.0069,0.0036,0.9208,-0.0115,-0.0051,0.2175,0
1495252,0.3899,-0.0069,0.0036,0.9208,-0.0054,0.0086,0.1914,0
1495418,0.3899,-0.0069,0.0036,0.9208,-0.0036,-0.0003,0.2069,0
1495585,0.3899,-0.0069,0.0036,0.9208,-0.0005,-0.0022,0.1936,0
1495752,0.3899,-0.0069,0.0036,0.9208,-0.0013,-0.0131,0.2169,0
1495918,0.3899,-0.0069,0.0036,0.9208,-0.0102,-0.0057,0.1941,0
1496085,0.3899,-0.0069,0.0036,0.9208,-0.0162,0.0013,0.2097,0
1496252,0.3899,-0.0069,0.0036,0.9208,0.0125,0.0185,0.2187,0
1496418,0.3899,-0.0069,0.0036,0.9208,0.0031,-0.0005,0.2216,0
1496585,0.3899,-0.0069,0.0036,0.9208,-0.0077,-0.0016,0.2107,0
1496752,0.3899,-0.0069,0.0036,0.9208,-0.0089,-0.0003,0.2282,0
1496918,0.3899,-0.0069,0.0036,0.9208,-0.0005,-0.0016,0.2164,0
1497085,0.3899,-0.0069,0.0036,0.9208,-0.0001,-0.0090,0.2161,0
1497252,0.3899,-0.0069,0.0036,0.9208,-0.0174,-0.0160,0.2202,0
1497418,0.3898,-0.0069,0.0036,0.9208,0.0005,-0.0044,0.2125,0
1497585,0.3898,-0.0069,0.0036,0.9209,0.0073,-0.0110,0.2044,0
1497752,0.3898,-0.0069,0.0036,0.9209,-0.0064,-0.0025,0.2332,0
1497918,0.3898,-0.0069,0.0036,0.9209,0.0084,0.0027,0.2050,0
1498085,0.3898,-0.0069,0.0036,0.9209,-0.0038,0.0033,0.2351,0
1498252,0.3898,-0.0069,0.0036,0.9209,-0.0139,0.0016,0.2170,0
1498419,0.3898,-0.0069,0.0036,0.9209,-0.0099,-0.0032,0.2130,0
1498585,0.3898,-0.0069,0.0036,0.9209,-0.0129,0.0044,0.2278,0
1498752,0.3898,-0.0069,0.0036,0.9209,-0.0083,0.0021,0.2199,0
1498919,0.3898,-0.0069,0.0036,0.9209,-0.0101,0.0043,0.2044,0
1499085,0.3898,-0.0069,0.0036,0.9209,0.0080,-0.0030,0.2302,0
1499252,0.3898,-0.0069,0.0036,0.9209,-0.0010,-0.0051,0.1968,0
1499419,0.3898,-0.0069,0.0036,0.9209,0.0006,0.0015,0.2141,0
1499585,0.3898,-0.0069,0.0036,0.9209,-0.0051,-0.0071,0.2329,0
1499752,0.3897,-0.0069,0.0036,0.9209,-0.0115,0.0025,0.1974,0
1499919,0.3897,-0.0069,0.0036,0.9209,0.0041,-0.0100,0.2293,0
1500085,0.3897,-0.0069,0.0036,0.9209,-0.0081,-0.0045,0.2188,0
1500252,0.3897,-0.0069,0.0036,0.9209,0.0007,-0.0081,0.2190,0
1500419,0.3897,-0.0069,0.0036,0.9209,-0.0073,0.0024,0.2176,0
1500585,0.3897,-0.0069,0.0036,0.9209,-0.0028,0.0027,0.2101,0
1500752,0.3897,-0.0069,0.0036,0.9209,-0.0118,0.0001,0.2247,0
1500919,0.3897,-0.0069,0.0036,0.9209,-0.0031,-0.0048,0.2190,0
1501085,0.3897,-0.0069,0.0036,0.9209,-0.0057,-0.0085,0.2051,0
1501252,0.3897,-0.0069,0.0036,0.9209,0.0024,-0.0044,0.2362,0
1501419,0.3897,-0.0069,0.0036,0.9209,-0.0040,0.0133,0.2179,0
1501585,0.3897,-0.0069,0.0036,0.9209,0.0067,0.0006,0.2215,0
1501752,0.3896,-0.0069,0.0036,0.9209,-0.0041,-0.0057,0.2387,0
1501919,0.3896,-0.0069,0.0036,0.9209,-0.0026,0.0022,0.2113,0
1502085,0.3896,-0.0069,0.0036,0.9209,0.0044,0.0031,0.2036,0
1502252,0.3896,-0.0069,0.0036,0.9209,-0.0189,-0.0019,0.2206,0
1502419,0.3896,-0.0069,0.0036,0.9210,-0.0039,-0.0004,0.2043,0
1502585,0.3896,-0.0069,0.0036,0.9210,0.0055,0.0021,0.2235,0
1502752,1.0000,0.0006,0.0077,-0.0000,0.0092,0.0034,0.2218,0
1502919,1.0000,0.0006,0.0077,0.0000,0.0028,-0.0080,0.2261,0
1503085,1.0000,0.0006,0.0077,0.0000,0.0128,-0.0032,0.2325,0
1503252,1.0000,0.0007,0.0077,0.0000,0.0021,-0.0146,0.2079,0
1503419,1.0000,0.0007,0.0077,0.0000,0.0052,0.0023,0.2035,0
1503585,1.0000,0.0007,0.0077,0.0000,-0.0187,0.0087,0.2136,0
1503752,1.0000,0.0007,0.0077,0.0000,-0.0019,-0.0154,0.2038,0
1503919,1.0000,0.0006,0.0077,0.0000,0.0099,-0.0064,0.2309,0
1504085,1.0000,0.0007,0.0077,0.0001,0.0043,0.0156,0.2177,0
1504252,1.0000,0.0006,0.0077,0.0000,-0.0030,-0.0034,0.1992,0
1504419,1.0000,0.0006,0.0077,0.0000,-0.0031,0.0041,0.2313,0
1504585,1.0000,0.0006,0.0077,0.0001,-0.0141,-0.0014,0.2076,0
1504752,1.0000,0.0007,0.0077,0.0001,-0.0060,0.0026,0.2016,0
1504919,1.0000,0.0007,0.0077,0.0001,-0.0052,0.0067,0.2169,0
1505085,1.0000,0.0007,0.0077,0.0001,0.0020,-0.0010,0.2314,0
1505252,1.0000,0.0007,0.0077,0.0001,-0.0032,0.0054,0.1931,0
1505419,1.0000,0.0007,0.0077,0.0001,-0.0003,0.0004,0.1877,0
1505585,1.0000,0.0007,0.0077,0.0001,0.0007,-0.0032,0.2252,0
1505752,1.0000,0.0007,0.0077,0.0001,0.0095,-0.0001,0.2115,0
1505919,1.0000,0.0007,0.0077,0.0001,-0.0097,-0.0004,0.2225,0
1506085,1.0000,0.0007,0.0077,0.0001,-0.0046,0.0126,0.2112,0
1506252,1.0000,0.0007,0.0077,0.0001,0.0033,0.0000,0.2178,0
1506419,1.0000,0.0007,0.0077,0.0001,-0.0056,-0.0015,0.2202,0
1506585,1.0000,0.0007,0.0077,0.0001,-0.0034,-0.0046,0.2242,0
1506752,1.0000,0.0005,0.0077,0.0000,0.0076,0.0070,0.1957,0
1506919,1.0000,0.0005,0.0077,0.0000,-0.0007,-0.0103,0.2276,0
1507085,1.0000,0.0005,0.0077,0.0000,-0.0099,0.0077,0.2271,0
1507252,1.0000,0.0005,0.0077,0.0000,0.0101,0.0047,0.1950,0
1507419,1.0000,0.0005,0.0077,0.0000,0.0118,0.0094,0.2245,0
1507585,1.0000,0.0005,0.0077,0.0000,-0.0054,0.0042,0.2066,0
1507752,1.0000,0.0005,0.0077,0.0001,-0.0112,0.0075,0.2066,0
1507919,1.0000,0.0005,0.0077,0.0001,0.0017,0.0018,0.2221,0
1508085,1.0000,0.0005,0.0077,0.0001,-0.0067,-0.0154,0.2225,0
1508252,1.0000,0.0006,0.0077,0.0001,0.0037,0.0008,0.2030,0
1508419,1.0000,0.0006,0.0077,0.0001,0.0029,-0.0033,0.2709,0
1508585,1.0000,0.0005,0.0077,0.0001,-0.0131,-0.0020,0.1837,0
1508752,1.0000,0.0006,0.0077,0.0001,0.0132,-0.0020,0.2230,0
1508919,1.0000,0.0005,0.0078,0.0001,0.0065,0.0075,0.2067,0
1509085,1.0000,0.0006,0.0078,0.0001,-0.0004,-0.0146,0.2062,0
1509252,1.0000,0.0006,0.0078,0.0001,-0.0155,0.0029,0.2046,0
1509419,1.0000,0.0006,0.0077,0.0001,0.0074,0.0093,0.2193,0
1509585,1.0000,0.0006,0.0078,0.0001,0.0223,-0.0161,0.2102,0
1509752,1.0000,0.0006,0.0077,0.0001,-0.0066,0.0039,0.2126,0
1509919,1.0000,0.0006,0.0077,0.0001,0.0067,-0.0147,0.2032,0
1510085,1.0000,0.0006,0.0077,0.0001,-0.0032,-0.0053,0.2116,0
1510252,1.0000,0.0006,0.0077,0.0001,-0.0058,0.0032,0.2328,0
1510419,1.0000,0.0006,0.0077,0.0001,-0.0086,-0.0189,0.1961,0
1510585,1.0000,0.0006,0.0077,0.0001,-0.0042,-0.0017,0.2308,0
1510752,1.0000,0.0006,0.0077,0.0001,-0.0003,0.0200,0.2170,0
1510919,1.0000,0.0006,0.0077,0.0001,0.0132,-0.0002,0.2218,0
1511085,1.0000,0.0006,0.0078,0.0001,0.0017,0.0037,0.2117,0
1511252,1.0000,0.0006,0.0078,0.0001,0.0014,-0.0023,0.1847,0
1511419,1.0000,0.0006,0.0078,0.0001,0.0061,-0.0041,0.2052,0
1511585,1.0000,0.0006,0.0078,0.0001,0.0142,-0.0048,0.2402,0
1511752,1.0000,0.0006,0.0078,0.0001,0.0157,0.0116,0.2033,0
1511919,1.0000,0.0006,0.0078,0.0001,-0.0064,0.0003,0.2183,0
1512085,1.0000,0.0006,0.0077,0.0001,-0.0213,-0.0024,0.2352,0
1512252,1.0000,0.0006,0.0077,0.0002,-0.0165,0.0021,0.2358,0
1512419,1.0000,0.0006,0.0077,0.0002,-0.0008,0.0070,0.2236,0
1512585,1.0000,0.0006,0.0077,0.0002,0.0076,0.0060,0.1945,0
1512752,1.0000,0.0006,0.0078,0.0002,0.0005,-0.0128,0.2318,0
1512919,1.0000,0.0006,0.0078,0.0002,-0.0077,0.0025,0.2295,0
1513085,1.0000,0.0006,0.0078,0.0002,-0.0046,0.0069,0.1968,0
1513252,1.0000,0.0006,0.0078,0.0002,0.0003,0.0150,0.2158,0
1513419,1.0000,0.0006,0.0078,0.0002,0.0081,0.0206,0.1989,0
1513585,1.0000,0.0006,0.0078,0.0002,0.0045,-0.0091,0.2294,0
1513752,1.0000,0.0006,0.0078,0.0002,-0.0092,0.0073,0.2247,0
1513919,1.0000,0.0006,0.0078,0.0002,0.0064,-0.0117,0.1991,0
1514085,1.0000,0.0006,0.0078,0.0002,-0.0149,-0.0068,0.2567,0
1514252,1.0000,0.0006,0.0078,0.0002,-0.0199,-0.0098,0.1921,0
1514419,1.0000,0.0006,0.0078,0.0002,0.0011,0.0103,0.2276,0
1514585,1.0000,0.0006,0.0078,0.0002,0.0150,0.0073,0.2425,0
1514752,1.0000,0.0006,0.0078,0.0003,-0.0001,0.0042,0.2033,0
1514919,1.0000,0.0006,0.0078,0.0003,0.0012,-0.0138,0.2353,0
1515086,1.0000,0.0006,0.0078,0.0003,-0.0045,0.0030,0.2357,0
1515252,1.0000,0.0006,0.0078,0.0003,-0.0114,-0.0013,0.1988,0
1515419,1.0000,0.0006,0.0078,0.0003,-0.0118,0.0065,0.2391,0
1515586,1.0000,0.0006,0.0078,0.0003,-0.0050,-0.0115,0.2174,0
1515752,1.0000,0.0006,0.0078,0.0003,0.0059,-0.0086,0.2007,0
1515919,1.0000,0.0006,0.0078,0.0003,-0.0035,0.0079,0.2237,0
1516086,1.0000,0.0006,0.0078,0.0003,-0.0013,0.0006,0.1902,0
1516252,1.0000,0.0006,0.0078,0.0003,0.0069,0.0102,0.2121,0
1516419,1.0000,0.0006,0.0078,0.0003,0.0006,0.0052,0.2185,0
1516586,1.0000,0.0006,0.0078,0.0003,0.0063,0.0007,0.1993,0
1516752,1.0000,0.0006,0.0078,0.0003,0.0008,0.0070,0.2015,0
1516919,1.0000,0.0005,0.0078,0.0003,-0.0135,0.0050,0.2220,0
1517086,1.0000,0.0005,0.0078,0.0003,-0.0048,0.0016,0.1909,0
1517252,1.0000,0.0005,0.0078,0.0003,0.0014,0.0007,0.2309,0
1517419,1.0000,0.0005,0.0078,0.0003,0.0096,-0.0044,0.2056,0
1517586,1.0000,0.0005,0.0078,0.0003,-0.0034,0.0003,0.2001,0
1517752,1.0000,0.0005,0.0078,0.0003,0.0077,0.0218,0.2106,0
1517919,1.0000,0.0005,0.0078,0.0003,0.0075,0.0036,0.2183,0
1518086,1.0000,0.0006,0.0078,0.0003,0.0148,-0.0014,0.1947,0
1518252,1.0000,0.0006,0.0078,0.0003,-0.0010,-0.0069,0.2119,0
1518419,1.0000,0.0006,0.0078,0.0003,0.0102,-0.0030,0.1947,0
1518586,1.0000,0.0006,0.0078,0.0004,-0.0017,-0.0038,0.2283,0
1518752,1.0000,0.0006,0.0078,0.0004,-0.0165,0.0014,0.2133,0
1518919,1.0000,0.0006,0.0078,0.0004,0.0020,-0.0004,0.2206,0
1519086,1.0000,0.0006,0.0078,0.0004,0.0026,-0.0036,0.2109,0
1519252,1.0000,0.0006,0.0078,0.0004,0.0055,0.0102,0.2080,0
1519419,1.0000,0.0006,0.0078,0.0004,0.0013,-0.0024,0.2191,0
1519586,1.0000,0.0006,0.0078,0.0004,-0.0030,0.0045,0.2358,0
1519752,1.0000,0.0006,0.0078,0.0004,0.0093,-0.0108,0.2097,0
1519919,1.0000,0.0006,0.0078,0.0004,0.0186,-0.0069,0.2304,0
1520086,1.0000,0.0006,0.0078,0.0004,-0.0045,-0.0018,0.2075,0
1520252,1.0000,0.0006,0.0078,0.0004,-0.0131,-0.0016,0.1859,0
1520419,1.0000,0.0006,0.0078,0.0004,0.0106,-0.0067,0.1987,0
1520586,1.0000,0.0006,0.0078,0.0004,-0.0065,-0.0011,0.1843,0
1520752,1.0000,0.0006,0.0078,0.0004,0.0111,0.0059,0.2374,0
1520919,1.0000,0.0006,0.0078,0.0004,-0.0088,0.0056,0.2418,0
1521086,1.0000,0.0006,0.0078,0.0004,0.0019,-0.0007,0.2073,0
1521252,1.0000,0.0006,0.0078,0.0004,0.0066,0.0133,0.2124,0
1521419,1.0000,0.0006,0.0078,0.0004,0.0038,0.0051,0.2264,0
1521586,1.0000,0.0006,0.0078,0.0004,0.0049,0.0035,0.1921,0
1521752,1.0000,0.0006,0.0078,0.0004,-0.0083,0.0016,0.2379,0
1521919,1.0000,0.0006,0.0078,0.0004,0.0034,-0.0021,0.2096,0
1522086,1.0000,0.0006,0.0078,0.0004,-0.0070,0.0062,0.2235,0
1522252,1.0000,0.0006,0.0078,0.0005,0.0043,-0.0024,0.2075,0
1522419,1.0000,0.0006,0.0078,0.0005,-0.0016,0.0009,0.2354,0
1522586,1.0000,0.0006,0.0078,0.0005,-0.0044,0.0079,0.2051,0
1522752,1.0000,0.0006,0.0078,0.0005,0.0045,0.0186,0.2408,0
1522919,1.0000,0.0006,0.0078,0.0005,-0.0072,-0.0071,0.2214,0
1523086,1.0000,0.0006,0.0078,0.0005,-0.0050,-0.0083,0.2039,0
1523252,1.0000,0.0006,0.0078,0.0005,0.0098,0.0189,0.2093,0
1523419,1.0000,0.0006,0.0078,0.0005,0.0060,-0.0028,0.2487,0
1523586,1.0000,0.0006,0.0078,0.0005,-0.0013,-0.0165,0.2146,0
1523752,1.0000,0.0006,0.0078,0.0005,-0.0125,-0.0117,0.2112,0
1523919,1.0000,0.0006,0.0078,0.0005,-0.0040,0.0082,0.2129,0
1524086,1.0000,0.0006,0.0078,0.0005,0.0125,0.0130,0.2192,0
1524252,1.0000,0.0006,0.0078,0.0005,-0.0172,0.0139,0.2067,0
1524419,1.0000,0.0006,0.0078,0.0005,-0.0039,-0.0093,0.2163,0
1524586,1.0000,0.0006,0.0078,0.0005,-0.0041,-0.0124,0.2174,0
1524752,1.0000,0.0006,0.0078,0.0005,0.0100,-0.0014,0.2021,0
1524919,1.0000,0.0006,0.0078,0.0005,0.0122,0.0047,0.2082,0
1525086,1.0000,0.0006,0.0078,0.0005,-0.0012,-0.0020,0.2185,0
1525252,1.0000,0.0006,0.0078,0.0005,0.0070,-0.0060,0.2070,0
1525419,1.0000,0.0006,0.0078,0.0005,0.0045,0.0044,0.2254,0
1525586,1.0000,0.0006,0.0078,0.0005,0.0048,-0.0056,0.1970,0
1525752,1.0000,0.0006,0.0078,0.0005,-0.0075,-0.0034,0.2055,0
1525919,1.0000,0.0006,0.0078,0.0005,0.0033,0.0090,0.2207,0
1526086,1.0000,0.0006,0.0078,0.0005,-0.0080,0.0060,0.2170,0
1526252,1.0000,0.0006,0.0078,0.0005,0.0069,0.0026,0.2187,0
1526419,1.0000,0.0006,0.0078,0.0005,-0.0007,-0.0024,0.2104,0
1526586,1.0000,0.0006,0.0078,0.0005,-0.0089,-0.0055,0.2010,0
1526752,1.0000,0.0005,0.0077,0.0005,-0.0090,0.0027,0.2208,0
1526919,1.0000,0.0005,0.0077,0.0005,-0.0014,0.0128,0.2011,0
1527086,1.0000,0.0005,0.0077,0.0005,0.0092,0.0101,0.2155,0
1527252,1.0000,0.0005,0.0077,0.0005,-0.0098,0.0049,0.2193,0
1527419,1.0000,0.0005,0.0077,0.0005,0.0056,0.0069,0.2116,0
1527586,1.0000,0.0005,0.0077,0.0005,-0.0170,-0.0014,0.2079,0
1527752,1.0000,0.0005,0.0077,0.0005,0.0020,0.0018,0.2059,0
1527919,1.0000,0.0005,0.0077,0.0005,-0.0111,0.0100,0.2202,0
1528086,1.0000,0.0005,0.0077,0.0005,0.0190,-0.0036,0.2161,0
1528252,1.0000,0.0005,0.0077,0.0005,-0.0090,0.0080,0.2216,0
1528419,1.0000,0.0005,0.0077,0.0005,0.0004,0.0062,0.2271,0
1528586,1.0000,0.0005,0.0077,0.0005,-0.0099,0.0154,0.2315,0
1528752,1.0000,0.0005,0.0077,0.0005,-0.0060,-0.0002,0.1923,0
1528919,1.0000,0.0005,0.0077,0.0005,-0.0131,0.0006,0.2329,0
1529086,1.0000,0.0005,0.0077,0.0005,-0.0014,-0.0025,0.2280,0
1529252,1.0000,0.0005,0.0077,0.0005,0.0003,0.0164,0.2176,0
1529419,1.0000,0.0005,0.0077,0.0005,-0.0035,0.0023,0.2118,0
1529586,1.0000,0.0005,0.0077,0.0005,-0.0078,0.0054,0.2177,0
1529752,1.0000,0.0005,0.0077,0.0005,0.0033,0.0050,0.2225,0
1529919,1.0000,0.0005,0.0077,0.0005,-0.0001,-0.0095,0.2231,0
1530086,1.0000,0.0005,0.0077,0.0005,-0.0036,0.0082,0.2097,0
1530252,1.0000,0.0005,0.0077,0.0005,0.0028,0.0040,0.2078,0
1530419,1.0000,0.0005,0.0077,0.0005,0.0109,0.0116,0.2167,0
1530586,1.0000,0.0005,0.0077,0.0005,0.0017,-0.0014,0.2078,0
1530752,1.0000,0.0005,0.0077,0.0005,-0.0152,-0.0081,0.2256,0
1530919,1.0000,0.0005,0.0077,0.0005,-0.0180,0.0043,0.2298,0
1531086,1.0000,0.0005,0.0077,0.0005,-0.0005,-0.0046,0.2074,0
1531252,1.0000,0.0005,0.0077,0.0005,0.0087,-0.0077,0.2284,0
1531419,1.0000,0.0005,0.0077,0.0005,-0.0034,-0.0099,0.2085,0
1531586,1.0000,0.0005,0.0077,0.0005,0.0051,-0.0007,0.2000,0
1531753,1.0000,0.0005,0.0077,0.0005,-0.0002,0.0035,0.2141,0
1531919,1.0000,0.0005,0.0077,0.0005,0.0097,0.0127,0.1838,0
1532086,1.0000,0.0005,0.0077,0.0005,-0.0100,0.0109,0.2091,0
1532253,1.0000,0.0005,0.0077,0.0005,0.0055,0.0091,0.2257,0
1532419,1.0000,0.0005,0.0077,0.0005,-0.0063,0.0176,0.2272,0
1532586,1.0000,0.0005,0.0077,0.0006,-0.0172,0.0251,0.2128,0
1532753,1.0000,0.0005,0.0077,0.0006,-0.0071,-0.0019,0.2093,0
1532919,1.0000,0.0005,0.0078,0.0006,-0.0163,-0.0015,0.1968,0
1533086,1.0000,0.0005,0.0077,0.0006,-0.0024,0.0170,0.2128,0
1533253,1.0000,0.0005,0.0077,0.0006,0.0087,-0.0011,0.2082,0
1533419,1.0000,0.0005,0.0077,0.0006,0.0164,0.0004,0.2418,0
1533586,1.0000,0.0005,0.0077,0.0006,-0.0039,0.0023,0.1891,0
1533753,1.0000,0.0005,0.0077,0.0006,-0.0035,0.0097,0.2181,0
1533919,1.0000,0.0005,0.0077,0.0006,0.0092,0.0197,0.1992,0
1534086,1.0000,0.0005,0.0077,0.0006,-0.0118,-0.0017,0.1979,0
1534253,1.0000,0.0005,0.0077,0.0006,-0.0081,-0.0015,0.1984,0
1534419,1.0000,0.0005,0.0077,0.0006,0.0158,0.0137,0.2274,0
1534586,1.0000,0.0005,0.0077,0.0006,-0.0052,0.0146,0.2016,0
1534753,1.0000,0.0005,0.0077,0.0006,-0.0167,0.0085,0.2330,0
1534919,1.0000,0.0005,0.0077,0.0006,-0.0065,0.0085,0.2221,0
1535086,1.0000,0.0005,0.0078,0.0006,0.0044,0.0001,0.2066,0
1535253,1.0000,0.0005,0.0078,0.0006,0.0029,0.0112,0.2068,0
1535419,1.0000,0.0005,0.0077,0.0006,-0.0042,-0.0017,0.2312,0
1535586,1.0000,0.0005,0.0078,0.0006,0.0033,0.0092,0.1883,0
1535753,1.0000,0.0005,0.0078,0.0007,-0.0154,-0.0082,0.2203,0
1535919,1.0000,0.0005,0.0077,0.0007,0.0034,-0.0033,0.2067,0
1536086,1.0000,0.0005,0.0077,0.0007,0.0103,0.0058,0.2227,0
1536253,1.0000,0.0005,0.0078,0.0007,-0.0023,0.0145,0.2072,0
1536419,1.0000,0.0005,0.0077,0.0007,-0.0032,-0.0064,0.2095,0
1536586,1.0000,0.0005,0.0077,0.0007,0.0065,-0.0026,0.2110,0
1536753,1.0000,0.0005,0.0078,0.0007,0.0043,0.0071,0.2254,0
1536919,1.0000,0.0005,0.0078,0.0007,-0.0147,0.0032,0.2151,0
1537086,1.0000,0.0005,0.0078,0.0007,-0.0099,0.0008,0.2301,0
1537253,1.0000,0.0005,0.0077,0.0007,0.0026,0.0059,0.2131,0
1537419,1.0000,0.0005,0.0077,0.0007,0.0052,0.0158,0.2221,0
1537586,1.0000,0.0005,0.0077,0.0007,-0.0075,0.0066,0.2140,0
1537753,1.0000,0.0005,0.0077,0.0007,-0.0008,-0.0045,0.2164,0
1537919,1.0000,0.0005,0.0077,0.0007,-0.0077,0.0055,0.2182,0
1538086,1.0000,0.0005,0.0077,0.0007,0.0001,0.0102,0.2210,0
1538253,1.0000,0.0005,0.0078,0.0007,0.0038,0.0020,0.2205,0
1538419,1.0000,0.0005,0.0077,0.0007,0.0002,0.0073,0.1991,0
1538586,1.0000,0.0005,0.0077,0.0007,-0.0098,-0.0008,0.2161,0
1538753,1.0000,0.0005,0.0077,0.0007,0.0050,0.0090,0.1778,0
1538919,1.0000,0.0005,0.0077,0.0007,-0.0013,0.0063,0.2042,0
1539086,1.0000,0.0005,0.0077,0.0007,0.0072,-0.0054,0.2173,0
1539253,1.0000,0.0005,0.0077,0.0007,-0.0012,-0.0076,0.2285,0
1539419,1.0000,0.0005,0.0077,0.0007,0.0019,-0.0025,0.2334,0
1539586,1.0000,0.0005,0.0077,0.0007,0.0067,0.0079,0.2217,0
1539753,1.0000,0.0005,0.0077,0.0007,-0.0037,-0.0088,0.2200,0
1539919,1.0000,0.0005,0.0077,0.0008,-0.0017,-0.0079,0.2319,0
1540086,1.0000,0.0005,0.0077,0.0008,0.0009,0.0101,0.2220,0
1540253,1.0000,0.0005,0.0078,0.0008,-0.0007,0.0131,0.2296,0
1540419,1.0000,0.0005,0.0078,0.0008,-0.0130,0.0090,0.2108,0
1540586,1.0000,0.0005,0.0078,0.0007,0.0034,-0.0081,0.2182,0
1540753,1.0000,0.0005,0.0078,0.0007,0.0001,0.0032,0.2092,0
1540919,1.0000,0.0005,0.0078,0.0007,0.0015,0.0003,0.2118,0
1541086,1.0000,0.0005,0.0078,0.0008,0.0003,0.0145,0.2173,0
1541253,1.0000,0.0005,0.0078,0.0008,-0.0097,0.0132,0.2130,0
1541419,1.0000,0.0005,0.0078,0.0008,0.0150,0.0150,0.2206,0
1541586,1.0000,0.0005,0.0078,0.0008,-0.0101,0.0004,0.2017,0
1541753,1.0000,0.0005,0.0078,0.0008,0.0024,0.0063,0.2373,0
1541919,1.0000,0.0005,0.0078,0.0008,-0.0036,0.0205,0.2081,0
1542086,1.0000,0.0005,0.0078,0.0008,0.0026,-0.0025,0.2347,0
1542253,1.0000,0.0005,0.0078,0.0008,0.0044,0.0172,0.2256,0
1542419,1.0000,0.0005,0.0078,0.0008,-0.0031,0.0006,0.2020,0
1542586,1.0000,0.0005,0.0078,0.0008,0.0030,0.0007,0.2026,0
1542753,1.0000,0.0005,0.0078,0.0008,-0.0001,0.0209,0.2198,0
1542919,1.0000,0.0005,0.0078,0.0008,0.0045,0.0091,0.1974,0
1543086,1.0000,0.0005,0.0078,0.0008,-0.0031,-0.0050,0.2219,0
1543253,1.0000,0.0005,0.0078,0.0008,-0.0011,0.0001,0.2185,0
1543419,1.0000,0.0005,0.0078,0.0008,-0.0083,-0.0052,0.2098,0
1543586,1.0000,0.0005,0.0078,0.0008,0.0003,-0.0029,0.1911,0
1543753,1.0000,0.0005,0.0078,0.0008,-0.0036,0.0104,0.2138,0
1543919,1.0000,0.0005,0.0078,0.0008,0.0018,0.0092,0.2009,0
1544086,1.0000,0.0005,0.0078,0.0008,0.0041,0.0045,0.2267,0
1544253,1.0000,0.0005,0.0078,0.0008,0.0011,0.0023,0.2071,0
1544419,1.0000,0.0004,0.0078,0.0008,0.0051,0.0158,0.2283,0
1544586,1.0000,0.0004,0.0078,0.0008,-0.0094,0.0053,0.2045,0
1544753,1.0000,0.0004,0.0078,0.0008,0.0095,0.0015,0.2165,0
1544919,1.0000,0.0004,0.0078,0.0008,0.0187,-0.0051,0.2227,0
1545086,1.0000,0.0004,0.0078,0.0009,0.0045,0.0109,0.2184,0
1545253,1.0000,0.0004,0.0078,0.0009,-0.0010,0.0057,0.1941,0
1545419,1.0000,0.0004,0.0078,0.0009,0.0099,0.0003,0.2133,0
1545586,1.0000,0.0004,0.0078,0.0009,-0.0098,0.0053,0.2140,0
1545753,1.0000,0.0004,0.0078,0.0009,-0.0091,-0.0031,0.2222,0
1545919,1.0000,0.0004,0.0078,0.0009,-0.0073,0.0051,0.2106,0
1546086,1.0000,0.0004,0.0078,0.0009,0.0026,0.0034,0.2020,0
1546253,1.0000,0.0004,0.0078,0.0009,0.0123,0.0061,0.2229,0
1546419,1.0000,0.0004,0.0078,0.0009,0.0003,0.0161,0.2461,0
1546586,1.0000,0.0004,0.0078,0.0009,0.0075,0.0139,0.1961,0
1546753,1.0000,0.0005,0.0077,0.0009,0.0062,0.0175,0.2229,0
1546919,1.0000,0.0005,0.0077,0.0009,-0.0057,-0.0034,0.2085,0
1547086,1.0000,0.0005,0.0077,0.0009,0.0039,0.0043,0.2081,0
1547253,1.0000,0.0005,0.0077,0.0009,0.0008,0.0011,0.2163,0
1547419,1.0000,0.0005,0.0077,0.0009,0.0007,0.0042,0.2346,0
1547586,1.0000,0.0005,0.0077,0.0009,0.0086,0.0147,0.2078,0
1547753,1.0000,0.0005,0.0078,0.0009,-0.0006,0.0091,0.2253,0
1547919,1.0000,0.0005,0.0078,0.0009,-0.0132,0.0069,0.1886,0
1548086,1.0000,0.0005,0.0078,0.0009,-0.0113,-0.0042,0.2187,0
1548253,1.0000,0.0004,0.0078,0.0009,0.0032,-0.0039,0.2291,0
1548420,1.0000,0.0004,0.0078,0.0009,-0.0086,0.0159,0.2080,0
1548586,1.0000,0.0004,0.0078,0.0009,0.0038,0.0073,0.2345,0
1548753,1.0000,0.0004,0.0078,0.0009,-0.0141,0.0017,0.2212,0
1548920,1.0000,0.0004,0.0078,0.0009,-0.0062,0.0038,0.2212,0
1549086,1.0000,0.0004,0.0078,0.0009,-0.0026,0.0160,0.2033,0
1549253,1.0000,0.0004,0.0078,0.0009,0.0013,0.0065,0.1931,0
1549420,1.0000,0.0004,0.0078,0.0009,-0.0088,-0.0131,0.2183,0
1549586,1.0000,0.0004,0.0078,0.0009,-0.0064,0.0054,0.2269,0
1549753,1.0000,0.0004,0.0078,0.0009,0.0012,0.0106,0.2048,0
1549920,1.0000,0.0004,0.0078,0.0009,0.0025,0.0050,0.2122,0
1550086,1.0000,0.0004,0.0078,0.0009,-0.0034,0.0072,0.2127,0
1550253,1.0000,0.0004,0.0078,0.0009,-0.0149,0.0078,0.2158,0
1550420,1.0000,0.0004,0.0078,0.0009,-0.0097,-0.0030,0.2202,0
1550586,1.0000,0.0004,0.0078,0.0009,-0.0030,0.0018,0.2225,0
1550753,1.0000,0.0004,0.0078,0.0009,0.0105,-0.0073,0.2197,0
1550920,1.0000,0.0004,0.0078,0.0009,0.0116,-0.0017,0.1982,0
1551086,1.0000,0.0004,0.0078,0.0009,-0.0022,0.0052,0.2273,0
1551253,1.0000,0.0004,0.0078,0.0009,0.0053,-0.0003,0.2153,0
1551420,1.0000,0.0004,0.0078,0.0009,0.0022,-0.0030,0.2180,0
1551586,1.0000,0.0004,0.0078,0.0009,0.0012,-0.0120,0.2420,0
1551753,1.0000,0.0004,0.0078,0.0009,-0.0095,0.0099,0.2196,0
1551920,1.0000,0.0004,0.0078,0.0009,0.0006,0.0026,0.2193,0
1552086,1.0000,0.0004,0.0078,0.0009,-0.0195,-0.0068,0.2097,0
1552253,1.0000,0.0004,0.0078,0.0009,-0.0046,0.0030,0.2148,0
1552420,1.0000,0.0004,0.0078,0.0009,0.0024,0.0022,0.2174,0
1552586,1.0000,0.0004,0.0078,0.0009,-0.0055,0.0035,0.1946,0
1552753,1.0000,0.0004,0.0078,0.0009,-0.0100,0.0001,0.2083,0
1552920,1.0000,0.0004,0.0078,0.0009,-0.0067,-0.0075,0.2170,0
1553086,1.0000,0.0004,0.0078,0.0009,-0.0081,-0.0026,0.2128,0
1553253,1.0000,0.0004,0.0078,0.0009,0.0115,0.0054,0.2172,0
1553420,1.0000,0.0004,0.0078,0.0009,0.0186,0.0037,0.2304,0
1553586,1.0000,0.0004,0.0078,0.0009,0.0124,-0.0067,0.2040,0
1553753,1.0000,0.0004,0.0078,0.0009,0.0007,0.0002,0.2284,0
1553920,1.0000,0.0004,0.0078,0.0009,-0.0076,0.0067,0.2173,0
1554086,1.0000,0.0004,0.0078,0.0009,0.0058,0.0043,0.2138,0
1554253,1.0000,0.0004,0.0078,0.0009,0.0093,-0.0010,0.2067,0
1554420,1.0000,0.0004,0.0078,0.0009,-0.0022,0.0187,0.2185,0
1554586,1.0000,0.0004,0.0078,0.0009,0.0063,-0.0000,0.2015,0
1554753,1.0000,0.0004,0.0078,0.0010,-0.0068,0.0017,0.2196,0
1554920,1.0000,0.0004,0.0078,0.0010,0.0004,0.0080,0.1875,0
1555086,1.0000,0.0004,0.0078,0.0010,0.0016,0.0104,0.2185,0
1555253,1.0000,0.0004,0.0078,0.0010,0.0019,-0.0006,0.2280,0
1555420,1.0000,0.0004,0.0078,0.0010,-0.0190,-0.0059,0.2258,0
1555586,1.0000,0.0004,0.0078,0.0010,-0.0107,0.0093,0.2083,0
1555753,1.0000,0.0004,0.0078,0.0010,0.0114,0.0105,0.2229,0
1555920,1.0000,0.0004,0.0078,0.0010,-0.0021,-0.0012,0.2086,0
1556086,1.0000,0.0004,0.0078,0.0010,-0.0163,0.0041,0.2268,0
1556253,1.0000,0.0004,0.0078,0.0010,0.0053,0.0036,0.2119,0
1556420,1.0000,0.0004,0.0078,0.0010,-0.0010,0.0125,0.2083,0
1556586,1.0000,0.0004,0.0078,0.0010,-0.0025,-0.0011,0.2331,0
1556753,1.0000,0.0004,0.0078,0.0010,0.0183,-0.0045,0.2243,0
1556920,1.0000,0.0004,0.0079,0.0010,-0.0043,0.0022,0.2285,0
1557086,1.0000,0.0004,0.0079,0.0010,-0.0055,0.0041,0.2137,0
1557253,1.0000,0.0004,0.0078,0.0010,0.0041,-0.0012,0.2109,0
1557420,1.0000,0.0004,0.0079,0.0010,0.0035,0.0099,0.2370,0
1557586,1.0000,0.0004,0.0079,0.0010,-0.0068,0.0111,0.2246,0
1557753,1.0000,0.0004,0.0079,0.0010,-0.0054,0.0013,0.2111,0
1557920,1.0000,0.0004,0.0079,0.0010,0.0038,-0.0053,0.2292,0
1558086,1.0000,0.0004,0.0079,0.0010,-0.0014,0.0131,0.2063,0
1558253,1.0000,0.0004,0.0078,0.0010,0.0009,0.0008,0.2135,0
1558420,1.0000,0.0004,0.0078,0.0010,-0.0006,0.0073,0.2249,0
1558586,1.0000,0.0004,0.0079,0.0010,0.0058,-0.0071,0.2157,0
1558753,1.0000,0.0004,0.0079,0.0010,0.0093,-0.0020,0.2298,0
1558920,1.0000,0.0004,0.0079,0.0010,-0.0001,0.0073,0.2380,0
1559086,1.0000,0.0004,0.0079,0.0010,-0.0057,0.0129,0.2047,0
1559253,1.0000,0.0004,0.0079,0.0010,0.0037,0.0111,0.1959,0
1559420,1.0000,0.0004,0.0079,0.0010,0.0085,-0.0045,0.2229,0
1559586,1.0000,0.0004,0.0078,0.0010,-0.0091,0.0013,0.2174,0
1559753,1.0000,0.0004,0.0078,0.0010,0.0118,0.0041,0.2104,0
1559920,1.0000,0.0004,0.0079,0.0010,0.0041,-0.0081,0.2251,0
1560086,1.0000,0.0004,0.0079,0.0010,-0.0112,0.0029,0.2051,0
1560253,1.0000,0.0004,0.0079,0.0010,-0.0012,0.0080,0.2188,0
1560420,1.0000,0.0004,0.0079,0.0010,-0.0002,-0.0100,0.2212,0
1560586,1.0000,0.0004,0.0079,0.0010,-0.0116,0.0010,0.2313,0
1560753,1.0000,0.0004,0.0079,0.0011,0.0053,0.0078,0.2181,0
1560920,1.0000,0.0004,0.0079,0.0011,0.0069,0.0067,0.2209,0
1561086,1.0000,0.0004,0.0079,0.0010,-0.0133,0.0015,0.2148,0
1561253,1.0000,0.0004,0.0079,0.0011,0.0075,0.0005,0.2410,0
1561420,1.0000,0.0004,0.0079,0.0011,-0.0110,0.0023,0.2105,0
1561586,1.0000,0.0004,0.0079,0.0010,0.0001,0.0140,0.2163,0
1561753,1.0000,0.0004,0.0079,0.0010,-0.0014,-0.0078,0.2006,0
1561920,1.0000,0.0004,0.0079,0.0011,0.0077,0.0087,0.2238,0
1562086,1.0000,0.0004,0.0079,0.0010,0.0022,0.0023,0.1876,0
1562253,1.0000,0.0004,0.0078,0.0011,0.0055,-0.0002,0.2208,0
1562420,1.0000,0.0004,0.0078,0.0011,-0.0013,0.0080,0.2082,0
1562586,1.0000,0.0004,0.0078,0.0011,0.0004,0.0157,0.2226,0
1562753,1.0000,0.0004,0.0078,0.0011,-0.0003,0.0032,0.2149,0
1562920,1.0000,0.0004,0.0078,0.0011,0.0030,0.0003,0.2250,0
1563086,1.0000,0.0004,0.0078,0.0011,-0.0028,0.0102,0.2012,0
1563253,1.0000,0.0003,0.0078,0.0011,-0.0030,0.0179,0.2139,0
1563420,1.0000,0.0003,0.0078,0.0011,-0.0038,0.0013,0.2073,0
1563586,1.0000,0.0003,0.0078,0.0011,0.0018,-0.0039,0.1928,0
1563753,1.0000,0.0003,0.0078,0.0011,-0.0064,0.0028,0.2327,0
1563920,1.0000,0.0003,0.0078,0.0011,-0.0018,0.0084,0.1972,0
1564086,1.0000,0.0003,0.0078,0.0011,-0.0089,0.0027,0.2089,0
1564253,1.0000,0.0003,0.0078,0.0011,0.0047,-0.0025,0.2119,0
1564420,1.0000,0.0003,0.0078,0.0011,0.0079,0.0120,0.2180,0
1564586,1.0000,0.0003,0.0078,0.0011,0.0208,0.0034,0.2121,0
1564753,1.0000,0.0003,0.0078,0.0011,0.0100,0.0095,0.1917,0
1564920,1.0000,0.0003,0.0078,0.0011,0.0022,-0.0018,0.2244,0
1565087,1.0000,0.0003,0.0078,0.0011,-0.0059,0.0145,0.2130,0
1565253,1.0000,0.0003,0.0078,0.0011,0.0065,0.0130,0.2354,0
1565420,1.0000,0.0003,0.0078,0.0011,0.0106,-0.0011,0.2171,0
1565587,1.0000,0.0003,0.0078,0.0011,-0.0099,0.0088,0.2256,0
1565753,1.0000,0.0003,0.0078,0.0011,0.0091,0.0082,0.2061,0
1565920,1.0000,0.0003,0.0078,0.0011,-0.0041,0.0131,0.2176,0
1566087,1.0000,0.0003,0.0078,0.0011,-0.0019,0.0217,0.2123,0
1566253,1.0000,0.0003,0.0078,0.0011,0.0027,0.0030,0.2128,0
1566420,1.0000,0.0003,0.0078,0.0011,0.0045,0.0169,0.2262,0
1566587,1.0000,0.0003,0.0078,0.0011,0.0193,0.0126,0.2009,0
1566753,1.0000,0.0004,0.0078,0.0011,-0.0060,0.0029,0.2264,0
1566920,1.0000,0.0004,0.0078,0.0011,0.0124,0.0027,0.2260,0
1567087,1.0000,0.0004,0.0078,0.0011,-0.0065,0.0025,0.2227,0
1567253,1.0000,0.0004,0.0078,0.0011,-0.0071,-0.0003,0.2265,0
1567420,1.0000,0.0004,0.0078,0.0011,0.0043,0.0032,0.2143,0
1567587,1.0000,0.0004,0.0078,0.0011,-0.0057,0.0123,0.2005,0
1567753,1.0000,0.0004,0.0078,0.0011,-0.0148,-0.0052,0.2103,0
1567920,1.0000,0.0004,0.0078,0.0011,-0.0087,-0.0140,0.2171,0
1568087,1.0000,0.0004,0.0078,0.0011,-0.0106,0.0179,0.1954,0
1568253,1.0000,0.0004,0.0077,0.0011,0.0137,0.0403,0.2234,0
1568420,1.0000,0.0004,0.0077,0.0011,-0.0021,-0.0410,0.2343,0
1568587,1.0000,0.0004,0.0078,0.0011,-0.0484,-0.0244,0.1785,0
1568753,1.0000,0.0003,0.0078,0.0011,0.0307,0.0055,0.2392,0
1568920,1.0000,0.0003,0.0078,0.0011,0.0142,0.0346,0.1894,0
1569087,1.0000,0.0003,0.0078,0.0011,0.0054,-0.0082,0.2372,0
1569253,1.0000,0.0003,0.0078,0.0011,-0.0260,-0.0124,0.2224,0
1569420,1.0000,0.0003,0.0078,0.0011,0.0127,-0.0036,0.1791,0
1569587,1.0000,0.0003,0.0078,0.0011,0.0330,0.0170,0.2221,0
1569753,1.0000,0.0003,0.0078,0.0011,-0.0137,0.0167,0.2130,0
1569920,1.0000,0.0003,0.0078,0.0011,-0.0154,-0.0280,0.2053,0
1570087,1.0000,0.0003,0.0078,0.0011,-0.0207,0.0097,0.2185,0
1570253,1.0000,0.0003,0.0078,0.0011,0.0158,0.0197,0.2284,0
1570420,1.0000,0.0003,0.0078,0.0011,0.0129,0.0044,0.1682,0
1570587,1.0000,0.0003,0.0077,0.0011,-0.0243,-0.0006,0.2598,0
1570753,1.0000,0.0003,0.0078,0.0012,-0.0239,-0.0043,0.2047,0
1570920,1.0000,0.0003,0.0078,0.0012,0.0139,0.0166,0.2350,0
1571087,1.0000,0.0003,0.0077,0.0012,0.0089,0.0166,0.2211,0
1571253,1.0000,0.0003,0.0077,0.0012,-0.0101,-0.0052,0.2137,0
1571420,1.0000,0.0003,0.0077,0.0012,-0.0191,-0.0237,0.2111,0
1571587,1.0000,0.0003,0.0077,0.0012,0.0040,0.0140,0.2209,0
1571753,1.0000,0.0003,0.0077,0.0012,0.0123,0.0284,0.1867,0
1571920,1.0000,0.0003,0.0077,0.0012,0.0049,0.0263,0.2280,0
1572087,1.0000,0.0003,0.0077,0.0012,-0.0068,-0.0014,0.2197,0
1572253,1.0000,0.0003,0.0077,0.0012,0.0034,-0.0088,0.2199,0
1572420,1.0000,0.0003,0.0077,0.0012,0.0218,0.0135,0.2109,0
1572587,1.0000,0.0003,0.0077,0.0012,-0.0018,0.0070,0.2139,0
1572753,1.0000,0.0003,0.0077,0.0012,-0.0043,0.0036,0.2201,0
1572920,1.0000,0.0003,0.0077,0.0012,0.0001,-0.0023,0.2467,0
1573087,1.0000,0.0003,0.0077,0.0012,0.0140,0.0176,0.1912,0
1573253,1.0000,0.0003,0.0077,0.0012,0.0065,0.0085,0.2056,0
1573420,1.0000,0.0003,0.0077,0.0012,-0.0172,-0.0043,0.2379,0
1573587,1.0000,0.0003,0.0077,0.0012,-0.0313,-0.0098,0.1990,0
1573753,1.0000,0.0003,0.0077,0.0012,-0.0003,0.0168,0.2216,0
1573920,1.0000,0.0003,0.0077,0.0012,0.0127,0.0155,0.2104,0
1574087,1.0000,0.0003,0.0077,0.0012,-0.0083,-0.0056,0.2077,0
1574253,1.0000,0.0003,0.0077,0.0012,-0.0239,-0.0095,0.2434,0
1574420,1.0000,0.0003,0.0077,0.0012,-0.0083,0.0048,0.2197,0
1574587,1.0000,0.0003,0.0077,0.0012,0.0147,0.0176,0.2087,0
1574753,1.0000,0.0003,0.0077,0.0012,0.0077,0.0154,0.1959,0
1574920,1.0000,0.0003,0.0077,0.0012,-0.0124,0.0026,0.2364,0
1575087,1.0000,0.0003,0.0077,0.0012,-0.0182,0.0038,0.2137,0
1575253,1.0000,0.0003,0.0077,0.0012,0.0074,0.0135,0.2257,0
1575420,1.0000,0.0003,0.0077,0.0012,-0.0004,0.0078,0.2092,0
1575587,1.0000,0.0003,0.0077,0.0012,0.0032,0.0121,0.2213,0
1575753,1.0000,0.0003,0.0077,0.0012,-0.0187,0.0197,0.2161,0
1575920,1.0000,0.0003,0.0077,0.0012,0.0066,0.0147,0.2184,0
1576087,1.0000,0.0003,0.0077,0.0012,0.0152,0.0202,0.2305,0
1576253,1.0000,0.0003,0.0077,0.0012,-0.0068,0.0109,0.2037,0
1576420,1.0000,0.0003,0.0077,0.0012,-0.0167,0.0058,0.2258,0
1576587,1.0000,0.0003,0.0077,0.0012,-0.0099,0.0140,0.2119,0
1576753,1.0000,0.0003,0.0077,0.0012,0.0029,0.0029,0.2164,0
1576920,1.0000,0.0003,0.0077,0.0012,0.0100,0.0038,0.1992,0
1577087,1.0000,0.0003,0.0077,0.0012,-0.0232,-0.0061,0.2248,0
1577253,1.0000,0.0003,0.0077,0.0012,-0.0322,0.0164,0.2383,0
1577420,1.0000,0.0003,0.0077,0.0012,-0.0063,0.0217,0.2162,0
1577587,1.0000,0.0003,0.0077,0.0012,0.0085,0.0103,0.2089,0
1577753,1.0000,0.0003,0.0077,0.0012,0.0062,0.0006,0.2309,0
1577920,1.0000,0.0003,0.0077,0.0012,-0.0129,0.0086,0.2197,0
1578087,1.0000,0.0003,0.0077,0.0012,-0.0203,0.0074,0.2227,0
1578253,1.0000,0.0003,0.0077,0.0012,0.0076,0.0233,0.2324,0
1578420,1.0000,0.0003,0.0077,0.0012,0.0172,0.0028,0.2215,0
1578587,1.0000,0.0003,0.0077,0.0012,-0.0129,0.0034,0.2192,0
1578753,1.0000,0.0003,0.0077,0.0012,-0.0059,0.0075,0.2293,0
1578920,1.0000,0.0003,0.0077,0.0012,-0.0204,0.0042,0.1824,0
1579087,1.0000,0.0003,0.0077,0.0012,0.0053,0.0165,0.2246,0
1579253,1.0000,0.0003,0.0077,0.0012,-0.0078,-0.0000,0.2057,0
1579420,1.0000,0.0003,0.0077,0.0012,-0.0121,0.0025,0.2090,0
1579587,1.0000,0.0003,0.0077,0.0012,0.0003,0.0097,0.2022,0
1579753,1.0000,0.0003,0.0077,0.0012,-0.0005,-0.0075,0.2009,0
1579920,1.0000,0.0003,0.0077,0.0012,0.0007,0.0070,0.2253,0
1580087,1.0000,0.0003,0.0077,0.0012,0.0007,0.0116,0.2044,0
1580253,1.0000,0.0003,0.0077,0.0012,-0.0063,-0.0050,0.2324,0
1580420,1.0000,0.0003,0.0077,0.0012,-0.0085,0.0077,0.2265,0
1580587,1.0000,0.0002,0.0077,0.0012,0.0110,0.0108,0.2242,0
1580753,1.0000,0.0002,0.0077,0.0012,0.0193,0.0023,0.2189,0
1580920,1.0000,0.0002,0.0077,0.0012,-0.0041,0.0009,0.2104,0
1581087,1.0000,0.0002,0.0077,0.0012,-0.0081,0.0188,0.2311,0
1581253,1.0000,0.0002,0.0077,0.0012,0.0018,-0.0142,0.2061,0
1581420,1.0000,0.0002,0.0077,0.0012,-0.0081,0.0120,0.2136,0
1581587,1.0000,0.0002,0.0077,0.0012,-0.0198,0.0232,0.2099,0
1581754,1.0000,0.0002,0.0077,0.0012,0.0096,0.0046,0.2208,0
1581920,1.0000,0.0002,0.0077,0.0012,-0.0098,0.0022,0.2170,0
1582087,1.0000,0.0002,0.0077,0.0012,-0.0157,0.0062,0.2161,0
1582254,1.0000,0.0002,0.0077,0.0012,0.0016,0.0148,0.2169,0
1582420,1.0000,0.0002,0.0077,0.0012,-0.0023,0.0065,0.1972,0
1582587,1.0000,0.0002,0.0077,0.0012,-0.0121,0.0207,0.2172,0
1582754,1.0000,0.0002,0.0077,0.0012,-0.0027,-0.0105,0.2147,0
1582920,1.0000,0.0002,0.0077,0.0012,-0.0092,0.0075,0.1903,0
1583087,1.0000,0.0002,0.0077,0.0012,0.0053,0.0146,0.2561,0
1583254,1.0000,0.0002,0.0077,0.0013,-0.0184,0.0043,0.1926,0
1583420,1.0000,0.0002,0.0077,0.0013,0.0008,0.0007,0.2318,0
1583587,1.0000,0.0002,0.0077,0.0013,-0.0107,0.0095,0.2132,0
1583754,1.0000,0.0002,0.0077,0.0013,-0.0017,0.0034,0.2075,0
1583920,1.0000,0.0002,0.0077,0.0012,0.0172,0.0012,0.2099,0
1584087,1.0000,0.0002,0.0077,0.0012,-0.0193,-0.0021,0.2013,0
1584254,1.0000,0.0002,0.0077,0.0013,-0.0167,-0.0043,0.2215,0
1584420,1.0000,0.0002,0.0077,0.0013,0.0074,0.0101,0.1903,0
1584587,1.0000,0.0002,0.0077,0.0013,0.0121,0.0214,0.2381,0
1584754,1.0000,0.0002,0.0077,0.0012,-0.0194,-0.0052,0.1826,0
1584920,1.0000,0.0002,0.0077,0.0012,-0.0118,-0.0039,0.2564,0
1585087,1.0000,0.0002,0.0077,0.0012,0.0002,0.0100,0.2036,0
1585254,1.0000,0.0002,0.0077,0.0013,0.0109,0.0226,0.2109,0
1585420,1.0000,0.0002,0.0077,0.0013,-0.0118,0.0056,0.2147,0
1585587,1.0000,0.0002,0.0077,0.0013,-0.0093,-0.0077,0.2326,0
1585754,1.0000,0.0002,0.0077,0.0013,-0.0204,0.0139,0.1992,0
1585920,1.0000,0.0002,0.0077,0.0013,0.0083,0.0033,0.2185,0
1586087,1.0000,0.0002,0.0077,0.0013,-0.0015,0.0159,0.2300,0
1586254,1.0000,0.0002,0.0077,0.0013,-0.0103,0.0138,0.2246,0
1586420,1.0000,0.0002,0.0077,0.0013,-0.0163,0.0073,0.2229,0
1586587,1.0000,0.0002,0.0077,0.0013,0.0063,0.0341,0.2111,0
1586754,1.0000,0.0004,0.0077,0.0012,0.0133,0.0105,0.2142,0
1586920,1.0000,0.0004,0.0077,0.0012,-0.0100,0.0047,0.2298,0
1587087,1.0000,0.0004,0.0077,0.0012,-0.0090,-0.0008,0.2038,0
1587254,1.0000,0.0004,0.0077,0.0012,0.0040,0.0102,0.2128,0
1587420,1.0000,0.0004,0.0077,0.0012,0.0164,0.0062,0.2113,0
1587587,1.0000,0.0004,0.0077,0.0012,0.0030,0.0039,0.2225,0
1587754,1.0000,0.0004,0.0077,0.0012,-0.0262,0.0115,0.2229,0
1587920,1.0000,0.0004,0.0077,0.0012,0.0070,0.0185,0.2304,0
1588087,1.0000,0.0004,0.0077,0.0012,0.0046,0.0098,0.2217,0
1588254,1.0000,0.0004,0.0077,0.0012,0.0006,-0.0044,0.2102,0
1588420,1.0000,0.0004,0.0077,0.0012,0.0034,0.0011,0.2199,0
1588587,1.0000,0.0004,0.0078,0.0012,-0.0032,0.0119,0.2177,0
1588754,1.0000,0.0004,0.0077,0.0012,0.0069,0.0137,0.2257,0
1588920,1.0000,0.0004,0.0077,0.0012,-0.0008,0.0152,0.2007,0
1589087,1.0000,0.0004,0.0077,0.0012,-0.0015,-0.0158,0.2248,0
1589254,1.0000,0.0004,0.0077,0.0012,-0.0084,0.0037,0.2171,0
1589420,1.0000,0.0004,0.0077,0.0012,-0.0143,0.0213,0.2129,0
1589587,1.0000,0.0004,0.0077,0.0012,0.0365,-0.0144,0.2157,0
1589754,1.0000,0.0004,0.0077,0.0012,-0.0036,0.0112,0.2264,0
1589920,1.0000,0.0004,0.0077,0.0012,-0.0045,0.0070,0.2104,0
1590087,1.0000,0.0004,0.0077,0.0012,0.0102,0.0067,0.2154,0
1590254,1.0000,0.0004,0.0077,0.0012,-0.0092,0.0204,0.2076,0
1590420,1.0000,0.0004,0.0077,0.0012,0.0188,0.0035,0.2276,0
1590587,1.0000,0.0004,0.0077,0.0012,-0.0133,-0.0046,0.2012,0
1590754,1.0000,0.0004,0.0077,0.0012,0.0052,-0.0012,0.2314,0
1590920,1.0000,0.0004,0.0077,0.0012,0.0034,0.0238,0.2343,0
1591087,1.0000,0.0004,0.0077,0.0012,-0.0121,-0.0059,0.2061,0
1591254,1.0000,0.0004,0.0077,0.0012,-0.0096,0.0069,0.2255,0
1591420,1.0000,0.0004,0.0077,0.0012,0.0081,0.0015,0.2020,0
1591587,1.0000,0.0004,0.0077,0.0012,0.0069,0.0159,0.2022,0
1591754,1.0000,0.0004,0.0077,0.0012,-0.0115,0.0091,0.2170,0
1591920,1.0000,0.0004,0.0077,0.0012,0.0088,-0.0292,0.2200,0
1592087,1.0000,0.0004,0.0077,0.0012,0.0131,-0.0028,0.2253,0
1592254,1.0000,0.0004,0.0077,0.0012,-0.0048,0.0134,0.2263,0
1592420,1.0000,0.0003,0.0077,0.0012,0.0193,0.0073,0.2163,0
1592587,1.0000,0.0003,0.0077,0.0012,-0.0019,0.0142,0.2022,0
1592754,1.0000,0.0004,0.0077,0.0012,-0.0004,0.0176,0.2107,0
1592920,1.0000,0.0003,0.0077,0.0012,0.0137,0.0117,0.2033,0
1593087,1.0000,0.0003,0.0077,0.0012,0.0074,0.0197,0.2168,0
1593254,1.0000,0.0003,0.0077,0.0012,-0.0084,0.0098,0.2004,0
1593420,1.0000,0.0003,0.0077,0.0012,-0.0074,-0.0103,0.2313,0
1593587,1.0000,0.0003,0.0077,0.0013,0.0116,0.0268,0.2033,0
1593754,1.0000,0.0004,0.0077,0.0013,-0.0061,-0.0090,0.2234,0
1593920,1.0000,0.0004,0.0077,0.0013,-0.0391,-0.0087,0.2128,0
1594087,1.0000,0.0004,0.0077,0.0013,-0.0065,0.0019,0.2017,0
1594254,1.0000,0.0004,0.0077,0.0013,0.0224,0.0062,0.2184,0
1594420,1.0000,0.0004,0.0077,0.0013,-0.0028,0.0147,0.1865,0
1594587,1.0000,0.0004,0.0077,0.0013,-0.0248,-0.0064,0.2568,0
1594754,1.0000,0.0004,0.0077,0.0013,-0.0335,-0.0124,0.2605,0
1594920,1.0000,0.0003,0.0077,0.0013,-0.0094,0.0094,0.1893,0
1595087,1.0000,0.0004,0.0077,0.0013,0.0301,0.0148,0.2472,0
1595254,1.0000,0.0004,0.0077,0.0013,0.0048,0.0007,0.1839,0
1595420,1.0000,0.0004,0.0077,0.0013,-0.0234,-0.0085,0.2184,0
1595587,1.0000,0.0004,0.0077,0.0013,-0.0169,0.0110,0.2320,0
1595754,1.0000,0.0003,0.0077,0.0013,0.0252,0.0050,0.1994,0
1595920,1.0000,0.0003,0.0077,0.0013,0.0058,0.0097,0.2112,0
1596087,1.0000,0.0003,0.0077,0.0013,-0.0116,0.0083,0.2359,0
1596254,1.0000,0.0003,0.0077,0.0013,-0.0100,-0.0139,0.2029,0
1596420,1.0000,0.0003,0.0077,0.0013,-0.0025,0.0305,0.2095,0
1596587,1.0000,0.0003,0.0077,0.0013,0.0029,0.0139,0.2178,0
1596754,1.0000,0.0003,0.0077,0.0013,-0.0046,-0.0086,0.1931,0
1596920,1.0000,0.0003,0.0077,0.0013,-0.0087,0.0087,0.2454,0
1597087,1.0000,0.0003,0.0077,0.0013,-0.0042,0.0181,0.1905,0
1597254,1.0000,0.0003,0.0077,0.0013,0.0170,-0.0020,0.2163,0
1597420,1.0000,0.0003,0.0077,0.0013,-0.0145,0.0024,0.2073,0
1597587,1.0000,0.0003,0.0077,0.0013,0.0002,-0.0134,0.2203,0
1597754,1.0000,0.0003,0.0077,0.0013,0.0043,0.0044,0.2154,0
1597920,1.0000,0.0003,0.0077,0.0013,-0.0162,0.0126,0.2176,0
1598087,1.0000,0.0003,0.0077,0.0013,-0.0091,0.0129,0.2040,0
1598254,1.0000,0.0003,0.0077,0.0013,0.0196,-0.0064,0.2163,0
1598421,1.0000,0.0003,0.0077,0.0013,0.0079,0.0056,0.2341,0
1598587,1.0000,0.0003,0.0077,0.0013,-0.0083,0.0067,0.2159,0
1598754,1.0000,0.0003,0.0077,0.0013,0.0081,-0.0024,0.2231,0
1598921,1.0000,0.0003,0.0077,0.0013,-0.0121,0.0181,0.2094,0
1599087,1.0000,0.0003,0.0077,0.0013,0.0109,0.0017,0.2197,0
1599254,1.0000,0.0003,0.0077,0.0013,-0.0085,0.0050,0.1951,0
1599421,1.0000,0.0003,0.0077,0.0013,-0.0189,-0.0002,0.2148,0
1599587,1.0000,0.0003,0.0077,0.0013,-0.0051,0.0101,0.2486,0
1599754,1.0000,0.0003,0.0077,0.0013,-0.0190,0.0099,0.1868,0
1599921,1.0000,0.0003,0.0077,0.0013,0.0065,0.0141,0.2264,0
1600087,1.0000,0.0003,0.0077,0.0013,0.0034,0.0022,0.2022,0
1600254,1.0000,0.0003,0.0077,0.0013,-0.0217,-0.0036,0.2164,0
1600421,1.0000,0.0003,0.0077,0.0013,-0.0158,0.0095,0.2194,0
1600587,1.0000,0.0003,0.0077,0.0013,0.0159,0.0006,0.1719,0
1600754,1.0000,0.0003,0.0077,0.0013,0.0008,0.0009,0.2166,0
1600921,1.0000,0.0003,0.0077,0.0013,-0.0015,0.0139,0.2257,0
1601087,1.0000,0.0003,0.0077,0.0013,-0.0028,0.0126,0.2100,0
1601254,1.0000,0.0003,0.0077,0.0013,0.0034,0.0104,0.2046,0
1601421,1.0000,0.0003,0.0077,0.0013,0.0079,0.0041,0.2330,0
1601587,1.0000,0.0003,0.0077,0.0013,-0.0060,0.0013,0.1905,0
1601754,1.0000,0.0003,0.0077,0.0013,-0.0110,0.0021,0.2405,0
1601921,1.0000,0.0003,0.0077,0.0013,-0.0004,0.0248,0.2240,0
1602087,1.0000,0.0003,0.0077,0.0013,0.0200,0.0138,0.2161,0
1602254,1.0000,0.0003,0.0077,0.0013,0.0010,0.0101,0.2176,0
1602421,1.0000,0.0003,0.0077,0.0013,-0.0056,-0.0009,0.2232,0
1602587,1.0000,0.0003,0.0077,0.0014,0.0068,0.0041,0.2141,0
1602754,1.0000,0.0003,0.0077,0.0013,-0.0013,-0.0048,0.2259,0
1602921,1.0000,0.0003,0.0077,0.0013,0.0004,0.0015,0.2066,0
1603087,1.0000,0.0003,0.0077,0.0013,-0.0063,-0.0080,0.2131,0
1603254,1.0000,0.0003,0.0077,0.0013,-0.0084,0.0070,0.2065,0
1603421,1.0000,0.0003,0.0077,0.0014,-0.0022,0.0075,0.2015,0
1603587,1.0000,0.0003,0.0077,0.0013,-0.0015,0.0052,0.2225,0
1603754,1.0000,0.0003,0.0077,0.0014,-0.0020,0.0145,0.2261,0
1603921,1.0000,0.0003,0.0077,0.0014,-0.0096,0.0040,0.2274,0
1604087,1.0000,0.0003,0.0077,0.0014,0.0195,0.0014,0.2261,0
1604254,1.0000,0.0003,0.0077,0.0014,0.0204,0.0171,0.2189,0
1604421,1.0000,0.0003,0.0077,0.0013,-0.0070,-0.0106,0.2170,0
1604587,1.0000,0.0003,0.0077,0.0013,-0.0148,0.0131,0.2054,0
1604754,1.0000,0.0003,0.0077,0.0013,0.0005,0.0072,0.2328,0
1604921,1.0000,0.0003,0.0077,0.0013,0.0202,0.0210,0.2114,0
1605087,1.0000,0.0003,0.0077,0.0013,0.0023,-0.0062,0.2218,0
1605254,1.0000,0.0003,0.0077,0.0013,-0.0147,0.0064,0.2367,0
1605421,1.0000,0.0003,0.0077,0.0013,-0.0086,0.0116,0.2299,0
1605587,1.0000,0.0002,0.0077,0.0013,0.0137,0.0078,0.2116,0
1605754,1.0000,0.0003,0.0077,0.0013,-0.0066,0.0090,0.2019,0
1605921,1.0000,0.0003,0.0077,0.0014,0.0011,-0.0028,0.2092,0
1606087,1.0000,0.0003,0.0077,0.0013,-0.0029,0.0024,0.2450,0
1606254,1.0000,0.0003,0.0077,0.0014,-0.0173,0.0122,0.1784,0
1606421,1.0000,0.0003,0.0077,0.0014,0.0043,0.0084,0.2506,0
1606587,1.0000,0.0003,0.0077,0.0014,0.0019,0.0066,0.2268,0
1606754,1.0000,0.0004,0.0077,0.0013,-0.0019,0.0112,0.2163,0
1606921,1.0000,0.0004,0.0077,0.0013,0.0015,0.0190,0.2151,0
1607087,1.0000,0.0004,0.0077,0.0013,0.0090,0.0012,0.2078,0
1607254,1.0000,0.0004,0.0077,0.0013,-0.0012,-0.0011,0.2216,0
1607421,1.0000,0.0004,0.0077,0.0013,0.0021,-0.0099,0.2187,0
1607587,1.0000,0.0004,0.0077,0.0014,-0.0066,0.0113,0.2073,0
1607754,1.0000,0.0004,0.0077,0.0014,-0.0155,0.0036,0.2260,0
1607921,1.0000,0.0004,0.0078,0.0014,0.0001,0.0008,0.2064,0
1608087,1.0000,0.0004,0.0078,0.0014,0.0149,0.0106,0.2209,0
1608254,1.0000,0.0003,0.0078,0.0013,0.0058,0.0055,0.2328,0
1608421,1.0000,0.0003,0.0078,0.0013,-0.0133,0.0164,0.2104,0
1608587,1.0000,0.0003,0.0078,0.0013,0.0105,0.0112,0.2286,0
1608754,1.0000,0.0003,0.0078,0.0014,0.0126,0.0072,0.2169,0
1608921,1.0000,0.0004,0.0078,0.0014,0.0001,0.0032,0.2005,0
1609087,1.0000,0.0003,0.0078,0.0014,-0.0185,0.0037,0.2298,0
1609254,1.0000,0.0003,0.0077,0.0014,-0.0037,0.0065,0.2004,0
1609421,1.0000,0.0003,0.0077,0.0014,0.0202,0.0101,0.2052,0
1609587,1.0000,0.0003,0.0078,0.0014,-0.0013,0.0017,0.2162,0
1609754,1.0000,0.0003,0.0078,0.0014,-0.0023,0.0140,0.2143,0
1609921,1.0000,0.0003,0.0078,0.0014,0.0079,0.0052,0.2228,0
1610087,1.0000,0.0003,0.0078,0.0014,0.0135,0.0046,0.2338,0
1610254,1.0000,0.0003,0.0077,0.0014,0.0040,-0.0035,0.2353,0
1610421,1.0000,0.0003,0.0077,0.0014,0.0043,0.0114,0.2019,0
1610587,1.0000,0.0003,0.0077,0.0014,-0.0161,0.0063,0.2126,0
1610754,1.0000,0.0003,0.0077,0.0014,0.0057,0.0052,0.2380,0
1610921,1.0000,0.0003,0.0077,0.0014,0.0053,-0.0010,0.2032,0
1611087,1.0000,0.0003,0.0077,0.0014,-0.0015,-0.0001,0.2306,0
1611254,1.0000,0.0003,0.0077,0.0014,-0.0048,-0.0002,0.2176,0
1611421,1.0000,0.0003,0.0077,0.0014,0.0023,0.0100,0.2193,0
1611587,1.0000,0.0003,0.0077,0.0014,-0.0047,0.0063,0.2310,0
1611754,1.0000,0.0003,0.0077,0.0014,-0.0063,0.0014,0.2368,0
1611921,1.0000,0.0003,0.0077,0.0014,-0.0037,0.0031,0.2255,0
1612087,1.0000,0.0003,0.0077,0.0014,-0.0112,0.0123,0.2285,0
1612254,1.0000,0.0003,0.0077,0.0014,-0.0025,0.0064,0.2115,0
1612421,1.0000,0.0003,0.0077,0.0014,0.0080,0.0092,0.2260,0
1612587,1.0000,0.0003,0.0077,0.0014,0.0022,0.0090,0.2266,0
1612754,1.0000,0.0003,0.0077,0.0014,-0.0034,0.0167,0.2139,0
1612921,1.0000,0.0003,0.0077,0.0014,-0.0181,-0.0004,0.2153,0
1613087,1.0000,0.0003,0.0077,0.0014,0.0029,0.0059,0.2191,0
1613254,1.0000,0.0003,0.0077,0.0014,0.0034,-0.0039,0.2099,0
1613421,1.0000,0.0003,0.0077,0.0014,-0.0132,0.0047,0.2238,0
1613587,1.0000,0.0003,0.0077,0.0014,-0.0080,0.0191,0.2281,0
1613754,1.0000,0.0003,0.0077,0.0014,0.0028,-0.0001,0.2097,0
1613921,1.0000,0.0003,0.0077,0.0014,0.0101,0.0099,0.2159,0
1614087,1.0000,0.0003,0.0077,0.0014,-0.0079,-0.0144,0.2271,0
1614254,1.0000,0.0003,0.0077,0.0014,-0.0070,0.0165,0.1935,0
1614421,1.0000,0.0003,0.0077,0.0014,0.0221,0.0231,0.2361,0
1614587,1.0000,0.0003,0.0077,0.0014,0.0057,0.0046,0.1794,0
1614754,1.0000,0.0003,0.0077,0.0014,0.0026,0.0002,0.2233,0
1614921,1.0000,0.0003,0.0077,0.0014,-0.0232,0.0147,0.2160,0
1615088,1.0000,0.0003,0.0077,0.0014,-0.0254,0.0099,0.2123,0
1615254,1.0000,0.0003,0.0077,0.0014,0.0228,0.0029,0.2156,0
1615421,1.0000,0.0003,0.0077,0.0014,0.0007,0.0135,0.2289,0
1615588,1.0000,0.0003,0.0077,0.0014,-0.0371,-0.0119,0.2039,0
1615754,1.0000,0.0003,0.0077,0.0014,-0.0005,0.0043,0.2404,0
1615921,1.0000,0.0003,0.0077,0.0014,0.0195,0.0069,0.1968,0
1616088,1.0000,0.0003,0.0077,0.0014,-0.0117,0.0003,0.2199,0
1616254,1.0000,0.0003,0.0077,0.0014,-0.0242,0.0179,0.2132,0
1616421,1.0000,0.0003,0.0077,0.0014,-0.0152,0.0065,0.1958,0
1616588,1.0000,0.0003,0.0077,0.0014,0.0213,0.0058,0.2182,0
1616754,1.0000,0.0003,0.0077,0.0014,-0.0081,-0.0007,0.2341,0
1616921,1.0000,0.0003,0.0077,0.0014,0.0008,-0.0124,0.2115,0
1617088,1.0000,0.0003,0.0077,0.0014,-0.0145,0.0144,0.2142,0
1617254,1.0000,0.0003,0.0077,0.0014,-0.0186,0.0136,0.2215,0
1617421,1.0000,0.0003,0.0077,0.0014,0.0021,0.0084,0.2088,0
1617588,1.0000,0.0003,0.0077,0.0014,-0.0056,-0.0121,0.1976,0
1617754,1.0000,0.0003,0.0077,0.0014,-0.0068,0.0085,0.2205,0
1617921,1.0000,0.0003,0.0077,0.0014,-0.0027,0.0091,0.2280,0
1618088,1.0000,0.0003,0.0077,0.0014,-0.0060,0.0138,0.2151,0
1618254,1.0000,0.0003,0.0077,0.0014,-0.0042,-0.0011,0.1939,0
1618421,1.0000,0.0003,0.0077,0.0014,0.0025,-0.0028,0.2316,0
1618588,1.0000,0.0003,0.0077,0.0014,-0.0098,0.0227,0.2175,0
1618754,1.0000,0.0003,0.0077,0.0014,-0.0022,0.0099,0.2235,0
1618921,1.0000,0.0003,0.0077,0.0014,0.0086,0.0203,0.2196,0
1619088,1.0000,0.0003,0.0077,0.0013,-0.0054,0.0170,0.2046,0
1619254,1.0000,0.0003,0.0077,0.0013,-0.0055,0.0199,0.2226,0
1619421,1.0000,0.0003,0.0077,0.0013,0.0035,-0.0041,0.1927,0
1619588,1.0000,0.0003,0.0077,0.0013,-0.0068,-0.0065,0.2231,0
1619754,1.0000,0.0003,0.0077,0.0013,-0.0096,0.0077,0.2208,0
1619921,1.0000,0.0003,0.0077,0.0013,0.0039,0.0067,0.2352,0
1620088,1.0000,0.0003,0.0077,0.0013,-0.0078,-0.0032,0.2081,0
1620254,1.0000,0.0003,0.0077,0.0013,-0.0140,0.0015,0.2234,0
1620421,1.0000,0.0003,0.0077,0.0013,0.0070,-0.0121,0.2183,0
1620588,1.0000,0.0003,0.0077,0.0013,-0.0004,-0.0026,0.2318,0
1620754,1.0000,0.0003,0.0077,0.0013,-0.0208,0.0132,0.2212,0
1620921,1.0000,0.0003,0.0077,0.0014,-0.0169,0.0141,0.2184,0
1621088,1.0000,0.0003,0.0077,0.0014,0.0105,0.0085,0.2079,0
1621254,1.0000,0.0003,0.0077,0.0014,0.0027,-0.0020,0.2259,0
1621421,1.0000,0.0003,0.0077,0.0014,-0.0051,0.0104,0.1986,0
1621588,1.0000,0.0003,0.0077,0.0014,-0.0191,0.0152,0.2375,0
1621754,1.0000,0.0003,0.0077,0.0014,-0.0044,0.0141,0.2162,0
1621921,1.0000,0.0003,0.0077,0.0014,0.0144,0.0045,0.2135,0
1622088,1.0000,0.0003,0.0077,0.0014,0.0028,0.0047,0.2322,0
1622254,1.0000,0.0003,0.0077,0.0014,-0.0062,-0.0001,0.2123,0
1622421,1.0000,0.0003,0.0077,0.0014,-0.0175,0.0065,0.2312,0
1622588,1.0000,0.0003,0.0077,0.0014,0.0024,0.0230,0.2322,0
1622754,1.0000,0.0003,0.0077,0.0014,-0.0036,0.0133,0.1884,0
1622921,1.0000,0.0003,0.0077,0.0014,-0.0087,0.0024,0.2188,0
1623088,1.0000,0.0003,0.0077,0.0014,-0.0335,0.0085,0.2041,0
1623254,1.0000,0.0003,0.0077,0.0014,-0.0038,0.0149,0.2191,0
1623421,1.0000,0.0003,0.0077,0.0014,0.0073,0.0194,0.2233,0
1623588,1.0000,0.0003,0.0077,0.0014,-0.0094,0.0087,0.2313,0
1623754,1.0000,0.0003,0.0077,0.0014,-0.0181,0.0034,0.2466,0
1623921,1.0000,0.0003,0.0077,0.0014,-0.0240,0.0116,0.2137,0
1624088,1.0000,0.0003,0.0077,0.0014,0.0084,0.0082,0.1988,0
1624254,1.0000,0.0003,0.0077,0.0014,0.0119,-0.0114,0.2007,0
1624421,1.0000,0.0003,0.0077,0.0014,-0.0094,0.0109,0.2146,0
1624588,1.0000,0.0003,0.0077,0.0014,-0.0204,0.0132,0.2182,0
1624754,1.0000,0.0003,0.0077,0.0014,0.0141,0.0076,0.2150,0
1624921,1.0000,0.0003,0.0077,0.0014,0.0237,0.0227,0.2389,0
1625088,1.0000,0.0003,0.0077,0.0014,-0.0324,-0.0000,0.2295,0
1625254,1.0000,0.0002,0.0077,0.0014,-0.0233,0.0011,0.2293,0
1625421,1.0000,0.0002,0.0077,0.0014,0.0221,0.0142,0.1879,0
1625588,1.0000,0.0002,0.0077,0.0014,0.0401,-0.0062,0.1928,0
1625754,1.0000,0.0003,0.0077,0.0014,-0.0184,0.0228,0.2320,0
1625921,1.0000,0.0003,0.0077,0.0014,-0.0149,-0.0106,0.2074,0
1626088,1.0000,0.0003,0.0077,0.0014,-0.0040,0.0135,0.2159,0
1626254,1.0000,0.0003,0.0077,0.0014,0.0309,0.0226,0.2288,0
1626421,1.0000,0.0003,0.0077,0.0014,0.0039,-0.0077,0.2033,0
1626588,1.0000,0.0003,0.0077,0.0014,-0.0142,-0.0090,0.2050,0
1626754,1.0000,0.0003,0.0077,0.0014,-0.0132,0.0045,0.2436,0
1626921,1.0000,0.0003,0.0077,0.0014,0.0071,0.0135,0.1843,0
1627088,1.0000,0.0003,0.0077,0.0014,0.0244,0.0179,0.2296,0
1627254,1.0000,0.0003,0.0077,0.0014,-0.0052,0.0130,0.1876,0
1627421,1.0000,0.0003,0.0077,0.0014,-0.0103,-0.0013,0.2285,0
1627588,1.0000,0.0003,0.0077,0.0014,-0.0045,0.0187,0.2038,0
1627754,1.0000,0.0003,0.0078,0.0014,0.0187,0.0083,0.2209,0
1627921,1.0000,0.0003,0.0078,0.0014,0.0048,-0.0108,0.1933,0
1628088,1.0000,0.0003,0.0078,0.0014,-0.0075,-0.0058,0.2237,0
1628254,1.0000,0.0003,0.0078,0.0014,-0.0146,0.0220,0.2113,0
1628421,1.0000,0.0003,0.0078,0.0014,0.0321,0.0193,0.2092,0
1628588,1.0000,0.0003,0.0078,0.0014,-0.0065,0.0022,0.2425,0
1628754,1.0000,0.0003,0.0078,0.0014,-0.0279,-0.0074,0.2126,0
1628921,1.0000,0.0003,0.0078,0.0014,0.0051,0.0201,0.2181,0
1629088,1.0000,0.0003,0.0078,0.0014,0.0295,0.0110,0.1650,0
1629254,1.0000,0.0003,0.0078,0.0014,0.0065,0.0120,0.2393,0
1629421,1.0000,0.0003,0.0078,0.0014,-0.0263,-0.0074,0.1971,0
1629588,1.0000,0.0003,0.0078,0.0014,0.0059,-0.0046,0.2228,0
1629754,1.0000,0.0003,0.0078,0.0014,0.0014,0.0210,0.1959,0
1629921,1.0000,0.0004,0.0078,0.0015,0.0018,0.0126,0.2335,0
1630088,1.0000,0.0004,0.0078,0.0015,-0.0091,-0.0160,0.1942,0
1630254,1.0000,0.0004,0.0078,0.0015,-0.0083,0.0016,0.2451,0
1630421,1.0000,0.0004,0.0078,0.0015,0.0203,0.0100,0.1749,0
1630588,1.0000,0.0004,0.0078,0.0015,0.0201,0.0111,0.3068,0
1630754,1.0000,0.0004,0.0078,0.0015,-0.0740,0.0169,0.1725,0
1630921,1.0000,0.0004,0.0078,0.0015,0.0103,-0.0076,0.2407,0
1631088,1.0000,0.0004,0.0078,0.0015,0.0445,0.0068,0.1879,0
1631254,1.0000,0.0004,0.0078,0.0015,-0.0076,-0.0063,0.1983,0
1631421,1.0000,0.0004,0.0078,0.0014,-0.0421,-0.0008,0.2764,0
1631588,1.0000,0.0004,0.0078,0.0015,-0.0230,0.0047,0.1697,0
1631755,1.0000,0.0004,0.0078,0.0015,0.0461,-0.0102,0.2175,0
1631921,1.0000,0.0003,0.0078,0.0015,0.0011,0.0242,0.2041,0
1632088,1.0000,0.0003,0.0078,0.0015,-0.0102,-0.0175,0.2297,0
1632255,1.0000,0.0003,0.0078,0.0015,-0.0368,-0.0067,0.1985,0
1632421,1.0000,0.0003,0.0078,0.0015,0.0302,0.0400,0.2056,0
1632588,1.0000,0.0003,0.0078,0.0015,0.0368,0.0057,0.1786,0
1632755,1.0000,0.0003,0.0078,0.0015,-0.0319,-0.0096,0.2359,0
1632921,1.0000,0.0003,0.0078,0.0015,-0.0321,0.0202,0.2024,0
1633088,1.0000,0.0003,0.0078,0.0015,0.0220,-0.0103,0.2022,0
1633255,1.0000,0.0003,0.0078,0.0015,0.0218,0.0041,0.2289,0
1633421,1.0000,0.0003,0.0078,0.0015,-0.0269,0.0110,0.2197,0
1633588,1.0000,0.0003,0.0078,0.0015,-0.0097,0.0076,0.2434,0
1633755,1.0000,0.0003,0.0078,0.0015,0.0043,0.0031,0.2070,0
1633921,1.0000,0.0003,0.0078,0.0015,0.0089,0.0074,0.2075,0
1634088,1.0000,0.0003,0.0078,0.0015,0.0118,-0.0031,0.1899,0
1634255,1.0000,0.0003,0.0078,0.0015,-0.0138,0.0029,0.2416,0
1634421,1.0000,0.0003,0.0078,0.0015,-0.0224,0.0094,0.2316,0
1634588,1.0000,0.0003,0.0078,0.0015,0.0090,0.0066,0.1791,0
1634755,1.0000,0.0003,0.0078,0.0015,0.0107,0.0075,0.1999,0
1634921,1.0000,0.0003,0.0078,0.0015,0.0097,0.0082,0.2026,0
1635088,1.0000,0.0003,0.0078,0.0015,-0.0022,0.0092,0.1873,0
1635255,1.0000,0.0003,0.0078,0.0015,0.0123,0.0135,0.2444,0
1635421,1.0000,0.0003,0.0078,0.0015,-0.0196,0.0211,0.2143,0
1635588,1.0000,0.0003,0.0078,0.0015,-0.0021,-0.0177,0.2397,0
1635755,1.0000,0.0003,0.0078,0.0015,-0.0138,0.0082,0.2053,0
1635921,1.0000,0.0003,0.0078,0.0015,0.0418,0.0135,0.2263,0
1636088,1.0000,0.0003,0.0078,0.0015,0.0013,0.0049,0.1997,0
1636255,1.0000,0.0003,0.0078,0.0015,-0.0263,0.0015,0.2212,0
1636421,1.0000,0.0003,0.0078,0.0015,-0.0209,0.0114,0.2117,0
1636588,1.0000,0.0003,0.0078,0.0015,0.0241,-0.0023,0.2023,0
1636755,1.0000,0.0003,0.0078,0.0015,0.0047,0.0292,0.2156,0
1636921,1.0000,0.0003,0.0078,0.0015,0.0046,0.0042,0.2207,0
1637088,1.0000,0.0003,0.0078,0.0015,-0.0111,0.0031,0.2126,0
1637255,1.0000,0.0003,0.0078,0.0015,-0.0237,0.0147,0.1988,0
1637421,1.0000,0.0003,0.0078,0.0015,0.0301,0.0181,0.2121,0
1637588,1.0000,0.0003,0.0078,0.0015,0.0128,0.0012,0.2036,0
1637755,1.0000,0.0003,0.0078,0.0016,-0.0095,-0.0099,0.2521,0
1637921,1.0000,0.0003,0.0078,0.0015,0.0049,0.0007,0.2032,0
1638088,1.0000,0.0003,0.0078,0.0015,0.0200,0.0031,0.2289,0
1638255,1.0000,0.0003,0.0078,0.0015,0.0022,0.0174,0.1920,0
1638421,1.0000,0.0003,0.0078,0.0016,-0.0136,-0.0107,0.2199,0
1638588,1.0000,0.0003,0.0078,0.0016,-0.0218,-0.0066,0.2031,0
1638755,1.0000,0.0003,0.0078,0.0015,-0.0056,0.0111,0.2225,0
1638921,1.0000,0.0003,0.0078,0.0015,0.0310,0.0168,0.2105,0
1639088,1.0000,0.0002,0.0078,0.0015,0.0022,0.0038,0.2071,0
1639255,1.0000,0.0002,0.0078,0.0015,-0.0172,-0.0138,0.2278,0
1639421,1.0000,0.0002,0.0078,0.0015,-0.0012,0.0174,0.2049,0
1639588,1.0000,0.0002,0.0078,0.0015,0.0115,0.0255,0.2051,0
1639755,1.0000,0.0002,0.0078,0.0015,-0.0008,0.0078,0.1886,0
1639921,1.0000,0.0002,0.0078,0.0015,-0.0033,0.0195,0.2372,0
1640088,1.0000,0.0002,0.0078,0.0015,0.0108,0.0107,0.1964,0
1640255,1.0000,0.0002,0.0078,0.0015,0.0116,0.0156,0.2067,0
1640421,1.0000,0.0002,0.0078,0.0015,0.0036,0.0107,0.2190,0
1640588,1.0000,0.0002,0.0078,0.0016,0.0038,-0.0038,0.2061,0
1640755,1.0000,0.0002,0.0078,0.0016,-0.0204,-0.0032,0.1968,0
1640921,1.0000,0.0002,0.0078,0.0016,0.0041,0.0158,0.2285,0
1641088,1.0000,0.0002,0.0078,0.0016,0.0166,0.0066,0.1898,0
1641255,1.0000,0.0002,0.0078,0.0016,0.0019,0.0203,0.2166,0
1641421,1.0000,0.0002,0.0078,0.0016,-0.0048,-0.0073,0.2231,0
1641588,1.0000,0.0002,0.0078,0.0016,0.0106,0.0046,0.2071,0
1641755,1.0000,0.0002,0.0078,0.0016,0.0195,0.0308,0.2281,0
1641921,1.0000,0.0002,0.0078,0.0016,-0.0159,0.0167,0.1989,0
1642088,1.0000,0.0002,0.0078,0.0016,-0.0045,-0.0006,0.2038,0
1642255,1.0000,0.0002,0.0078,0.0016,0.0185,0.0099,0.2125,0
1642421,1.0000,0.0002,0.0078,0.0016,0.0024,-0.0160,0.2356,0
1642588,1.0000,0.0002,0.0078,0.0016,-0.0409,0.0076,0.2143,0
1642755,1.0000,0.0002,0.0078,0.0016,0.0059,0.0106,0.2493,0
1642921,1.0000,0.0002,0.0077,0.0016,0.0271,0.0244,0.2006,0
1643088,1.0000,0.0002,0.0078,0.0016,0.0188,0.0103,0.2191,0
1643255,1.0000,0.0002,0.0078,0.0016,-0.0176,0.0050,0.2255,0
1643421,1.0000,0.0002,0.0078,0.0016,-0.0133,-0.0024,0.2160,0
1643588,1.0000,0.0002,0.0078,0.0016,0.0090,0.0263,0.2246,0
1643755,1.0000,0.0002,0.0078,0.0016,0.0309,0.0333,0.1976,0
1643921,1.0000,0.0002,0.0078,0.0016,0.0088,0.0011,0.2036,0
1644088,1.0000,0.0002,0.0078,0.0016,-0.0174,-0.0060,0.2291,0
1644255,1.0000,0.0002,0.0078,0.0016,-0.0118,0.0225,0.2374,0
1644421,1.0000,0.0002,0.0078,0.0016,0.0337,0.0112,0.2073,0
1644588,1.0000,0.0002,0.0078,0.0016,0.0253,0.0042,0.2043,0
1644755,1.0000,0.0002,0.0078,0.0016,0.0038,-0.0025,0.2290,0
1644921,1.0000,0.0002,0.0078,0.0016,-0.0116,0.0068,0.2358,0
1645088,1.0000,0.0002,0.0078,0.0016,0.0078,0.0167,0.2227,0
1645255,1.0000,0.0002,0.0078,0.0016,-0.0005,-0.0037,0.1996,0
1645421,1.0000,0.0002,0.0078,0.0016,0.0055,-0.0100,0.2341,0
1645588,1.0000,0.0002,0.0078,0.0016,-0.0215,0.0123,0.2235,0
1645755,1.0000,0.0002,0.0078,0.0016,-0.0050,0.0185,0.2065,0
1645921,1.0000,0.0002,0.0078,0.0016,0.0004,0.0159,0.1949,0
1646088,1.0000,0.0002,0.0078,0.0016,0.0031,-0.0091,0.2268,0
1646255,1.0000,0.0002,0.0078,0.0016,-0.0142,-0.0083,0.1928,0
1646421,1.0000,0.0002,0.0078,0.0016,0.0068,0.0174,0.2189,0
1646588,1.0000,0.0002,0.0078,0.0016,0.0295,0.0303,0.1989,0
1646755,1.0000,0.0003,0.0078,0.0015,0.0020,-0.0042,0.2182,0
1646921,1.0000,0.0003,0.0078,0.0015,-0.0447,-0.0114,0.2406,0
1647088,1.0000,0.0003,0.0078,0.0015,-0.0016,0.0149,0.1860,0
1647255,1.0000,0.0003,0.0078,0.0015,0.0564,0.0269,0.2086,0
1647421,1.0000,0.0003,0.0078,0.0015,0.0048,0.0182,0.2038,0
1647588,1.0000,0.0003,0.0078,0.0015,-0.0299,-0.0200,0.2195,0
1647755,1.0000,0.0003,0.0078,0.0015,-0.0043,0.0146,0.2441,0
1647921,1.0000,0.0003,0.0078,0.0015,0.0417,0.0289,0.1811,0
1648088,1.0000,0.0003,0.0078,0.0015,0.0120,0.0068,0.2028,0
1648255,1.0000,0.0003,0.0078,0.0015,-0.0320,0.0110,0.2632,0
1648422,1.0000,0.0003,0.0078,0.0015,-0.0165,-0.0108,0.1755,0
1648588,1.0000,0.0003,0.0078,0.0016,0.0217,0.0129,0.2434,0
1648755,1.0000,0.0003,0.0078,0.0016,0.0059,0.0134,0.2317,0
1648922,1.0000,0.0003,0.0078,0.0016,-0.0013,-0.0108,0.1917,0
1649088,1.0000,0.0003,0.0078,0.0016,-0.0140,0.0109,0.2427,0
1649255,1.0000,0.0003,0.0078,0.0016,-0.0080,0.0094,0.1844,0
1649422,1.0000,0.0003,0.0078,0.0016,0.0095,0.0155,0.2260,0
1649588,1.0000,0.0003,0.0078,0.0016,0.0069,0.0198,0.2134,0
1649755,1.0000,0.0003,0.0078,0.0016,-0.0018,0.0074,0.2145,0
1649922,1.0000,0.0003,0.0078,0.0016,0.0042,0.0150,0.1931,0
1650088,1.0000,0.0003,0.0078,0.0016,-0.0059,0.0230,0.2273,0
1650255,1.0000,0.0003,0.0078,0.0016,0.0027,0.0011,0.1820,0
1650422,1.0000,0.0003,0.0078,0.0016,-0.0047,0.0164,0.2146,0
1650588,1.0000,0.0003,0.0078,0.0016,-0.0116,-0.0065,0.2019,0
1650755,1.0000,0.0003,0.0078,0.0016,0.0054,0.0094,0.2084,0
1650922,1.0000,0.0003,0.0078,0.0016,-0.0025,0.0140,0.2182,0
1651088,1.0000,0.0003,0.0078,0.0016,-0.0002,0.0089,0.2406,0
1651255,1.0000,0.0003,0.0078,0.0016,-0.0021,0.0002,0.2184,0
1651422,1.0000,0.0003,0.0078,0.0016,0.0034,-0.0052,0.2213,0
1651588,1.0000,0.0003,0.0077,0.0016,0.0112,0.0097,0.1896,0
1651755,1.0000,0.0003,0.0077,0.0016,0.0010,-0.0025,0.2054,0
1651922,1.0000,0.0003,0.0078,0.0016,-0.0012,-0.0117,0.2248,0
1652088,1.0000,0.0003,0.0077,0.0016,0.0095,0.0131,0.2202,0
1652255,1.0000,0.0003,0.0078,0.0016,0.0158,0.0087,0.2176,0
1652422,1.0000,0.0003,0.0078,0.0016,0.0116,0.0220,0.2360,0
1652588,1.0000,0.0003,0.0077,0.0016,0.0050,0.0239,0.2064,0
1652755,1.0000,0.0003,0.0077,0.0016,0.0005,0.0069,0.1991,0
1652922,1.0000,0.0003,0.0078,0.0016,0.0017,0.0045,0.2018,0
1653088,1.0000,0.0003,0.0078,0.0016,-0.0019,0.0064,0.2129,0
1653255,1.0000,0.0003,0.0078,0.0016,0.0026,-0.0004,0.2256,0
1653422,1.0000,0.0003,0.0078,0.0016,-0.0032,0.0016,0.2134,0
1653588,1.0000,0.0003,0.0078,0.0016,0.0123,0.0126,0.2199,0
1653755,1.0000,0.0003,0.0078,0.0016,0.0047,0.0025,0.2001,0
1653922,1.0000,0.0003,0.0078,0.0016,-0.0120,-0.0008,0.2261,0
1654088,1.0000,0.0002,0.0078,0.0016,-0.0007,0.0013,0.2080,0
1654255,1.0000,0.0002,0.0078,0.0016,-0.0037,0.0016,0.2158,0
1654422,1.0000,0.0002,0.0078,0.0016,0.0001,0.0133,0.2110,0
1654588,1.0000,0.0002,0.0077,0.0016,-0.0059,0.0055,0.2088,0
1654755,1.0000,0.0002,0.0077,0.0016,-0.0076,0.0107,0.2035,0
1654922,1.0000,0.0002,0.0077,0.0016,0.0038,0.0147,0.2282,0
1655088,1.0000,0.0002,0.0077,0.0016,0.0171,0.0020,0.2209,0
1655255,1.0000,0.0002,0.0077,0.0016,0.0126,0.0179,0.1983,0
1655422,1.0000,0.0002,0.0077,0.0016,-0.0019,0.0124,0.2261,0
1655588,1.0000,0.0002,0.0077,0.0016,-0.0035,0.0157,0.2142,0
1655755,1.0000,0.0002,0.0077,0.0016,0.0133,0.0025,0.1981,0
1655922,1.0000,0.0002,0.0077,0.0016,0.0007,0.0127,0.2280,0
1656088,1.0000,0.0002,0.0077,0.0016,-0.0038,0.0070,0.1927,0
1656255,1.0000,0.0002,0.0077,0.0016,-0.0158,-0.0032,0.2278,0
1656422,1.0000,0.0002,0.0077,0.0016,-0.0018,0.0174,0.2078,0
1656588,1.0000,0.0002,0.0077,0.0016,0.0031,-0.0116,0.2124,0
1656755,1.0000,0.0002,0.0077,0.0016,0.0030,0.0155,0.2199,0
1656922,1.0000,0.0002,0.0077,0.0016,-0.0079,0.0044,0.2089,0
1657088,1.0000,0.0002,0.0077,0.0016,0.0075,0.0150,0.2216,0
1657255,1.0000,0.0002,0.0077,0.0016,-0.0033,0.0046,0.2120,0
1657422,1.0000,0.0002,0.0077,0.0016,0.0169,0.0058,0.2212,0
1657588,1.0000,0.0002,0.0077,0.0016,-0.0048,-0.0073,0.2108,0
1657755,1.0000,0.0002,0.0077,0.0016,0.0028,0.0052,0.2114,0
1657922,1.0000,0.0002,0.0077,0.0016,-0.0077,0.0091,0.1975,0
1658088,1.0000,0.0002,0.0077,0.0016,-0.0031,0.0047,0.2169,0
1658255,1.0000,0.0002,0.0077,0.0016,-0.0082,-0.0019,0.2048,0
1658422,1.0000,0.0002,0.0077,0.0016,-0.0121,0.0138,0.2153,0
1658588,1.0000,0.0002,0.0077,0.0016,-0.0074,0.0016,0.2177,0
1658755,1.0000,0.0002,0.0077,0.0016,0.0040,-0.0031,0.2151,0
1658922,1.0000,0.0002,0.0077,0.0016,-0.0096,0.0058,0.2181,0
1659088,1.0000,0.0002,0.0077,0.0016,0.0134,-0.0010,0.2238,0
1659255,1.0000,0.0002,0.0077,0.0016,-0.0021,0.0155,0.1902,0
1659422,1.0000,0.0002,0.0077,0.0016,0.0071,0.0092,0.2398,0
1659588,1.0000,0.0002,0.0077,0.0016,-0.0080,-0.0019,0.2149,0
1659755,1.0000,0.0002,0.0077,0.0016,0.0057,0.0059,0.2267,0
1659922,1.0000,0.0002,0.0077,0.0016,0.0030,0.0053,0.1941,0
1660088,1.0000,0.0002,0.0077,0.0016,-0.0015,-0.0039,0.2031,0
1660255,1.0000,0.0002,0.0077,0.0016,-0.0080,0.0149,0.2036,0
1660422,1.0000,0.0002,0.0077,0.0016,0.0052,0.0016,0.2248,0
1660588,1.0000,0.0002,0.0077,0.0016,0.0112,0.0146,0.1752,0
1660755,1.0000,0.0002,0.0077,0.0016,0.0181,0.0185,0.2303,0
1660922,1.0000,0.0002,0.0077,0.0016,0.0048,0.0159,0.2084,0
1661088,1.0000,0.0002,0.0077,0.0016,-0.0105,0.0097,0.2033,0
1661255,1.0000,0.0002,0.0077,0.0016,-0.0087,-0.0061,0.2138,0
1661422,1.0000,0.0002,0.0077,0.0016,0.0120,0.0020,0.2191,0
1661588,1.0000,0.0002,0.0077,0.0016,-0.0033,0.0181,0.2116,0
1661755,1.0000,0.0002,0.0077,0.0016,-0.0102,0.0220,0.2284,0
1661922,1.0000,0.0002,0.0077,0.0016,-0.0130,-0.0062,0.2063,0
1662088,1.0000,0.0002,0.0077,0.0016,0.0058,-0.0004,0.2223,0
1662255,1.0000,0.0002,0.0077,0.0016,-0.0081,0.0134,0.2012,0
1662422,1.0000,0.0002,0.0077,0.0016,-0.0089,0.0019,0.2162,0
1662588,1.0000,0.0002,0.0077,0.0016,0.0010,0.0103,0.2236,0
1662755,1.0000,0.0002,0.0077,0.0016,0.0087,0.0212,0.2238,0
1662922,1.0000,0.0002,0.0077,0.0016,0.0026,0.0131,0.2128,0
1663088,1.0000,0.0002,0.0077,0.0016,-0.0090,0.0055,0.2266,0
1663255,1.0000,0.0002,0.0077,0.0016,-0.0150,0.0048,0.2157,0
1663422,1.0000,0.0002,0.0077,0.0016,0.0130,0.0073,0.2115,0
1663588,1.0000,0.0002,0.0077,0.0016,-0.0076,0.0151,0.2053,0
1663755,1.0000,0.0002,0.0077,0.0016,0.0018,0.0067,0.2151,0
1663922,1.0000,0.0002,0.0077,0.0016,-0.0079,0.0160,0.2125,0
1664088,1.0000,0.0002,0.0077,0.0016,-0.0140,0.0127,0.2137,0
1664255,1.0000,0.0002,0.0077,0.0016,-0.0028,0.0112,0.2193,0
1664422,1.0000,0.0002,0.0077,0.0016,0.0061,-0.0039,0.2237,0
1664588,1.0000,0.0002,0.0077,0.0017,0.0036,0.0227,0.2219,0
1664755,1.0000,0.0002,0.0077,0.0017,0.0060,0.0043,0.2423,0
1664922,1.0000,0.0002,0.0077,0.0017,-0.0044,0.0035,0.1827,0
1665089,1.0000,0.0002,0.0077,0.0017,-0.0020,0.0124,0.2109,0
1665255,1.0000,0.0002,0.0077,0.0017,0.0028,0.0109,0.2301,0
1665422,1.0000,0.0002,0.0077,0.0017,-0.0104,0.0012,0.2011,0
1665589,1.0000,0.0002,0.0077,0.0017,0.0079,0.0105,0.2244,0
1665755,1.0000,0.0002,0.0077,0.0017,0.0128,0.0069,0.2125,0
1665922,1.0000,0.0002,0.0077,0.0017,-0.0022,0.0099,0.2206,0
1666089,1.0000,0.0001,0.0077,0.0017,-0.0023,0.0122,0.2145,0
1666255,1.0000,0.0001,0.0077,0.0016,-0.0027,0.0080,0.2099,0
1666422,1.0000,0.0001,0.0077,0.0016,-0.0050,0.0121,0.2222,0
1666589,1.0000,0.0001,0.0077,0.0016,-0.0038,0.0097,0.2180,0
1666755,1.0000,0.0002,0.0077,0.0016,0.0027,0.0003,0.2224,0
1666922,1.0000,0.0002,0.0077,0.0016,0.0006,0.0037,0.2223,0
1667089,1.0000,0.0002,0.0077,0.0016,-0.0054,0.0153,0.2156,0
1667255,1.0000,0.0002,0.0077,0.0016,-0.0029,-0.0054,0.2132,0
1667422,1.0000,0.0002,0.0077,0.0016,-0.0006,0.0125,0.2219,0
1667589,1.0000,0.0002,0.0077,0.0016,-0.0045,0.0045,0.2029,0
1667755,1.0000,0.0003,0.0077,0.0016,0.0046,0.0121,0.2213,0
1667922,1.0000,0.0002,0.0077,0.0016,-0.0076,0.0057,0.2084,0
1668089,1.0000,0.0002,0.0077,0.0016,-0.0077,0.0011,0.2007,0
1668255,1.0000,0.0002,0.0077,0.0016,0.0017,0.0147,0.2188,0
1668422,1.0000,0.0002,0.0077,0.0016,-0.0038,0.0050,0.2297,0
1668589,1.0000,0.0002,0.0077,0.0016,0.0106,-0.0035,0.2025,0
1668755,1.0000,0.0002,0.0077,0.0016,0.0002,0.0098,0.2329,0
1668922,1.0000,0.0002,0.0077,0.0016,-0.0130,-0.0029,0.2092,0
1669089,1.0000,0.0002,0.0077,0.0016,0.0046,0.0134,0.2331,0
1669255,1.0000,0.0002,0.0077,0.0016,0.0074,0.0183,0.2111,0
1669422,1.0000,0.0002,0.0077,0.0016,0.0049,-0.0040,0.2236,0
1669589,1.0000,0.0002,0.0077,0.0016,-0.0015,0.0059,0.2146,0
1669755,1.0000,0.0002,0.0077,0.0016,0.0025,0.0085,0.2220,0
1669922,1.0000,0.0002,0.0077,0.0016,-0.0012,0.0146,0.2186,0
1670089,1.0000,0.0002,0.0077,0.0016,0.0009,0.0165,0.2111,0
1670255,1.0000,0.0002,0.0077,0.0016,-0.0043,0.0096,0.2325,0
1670422,1.0000,0.0002,0.0077,0.0016,0.0081,-0.0022,0.2042,0
1670589,1.0000,0.0002,0.0077,0.0016,-0.0038,0.0080,0.2187,0
1670755,1.0000,0.0002,0.0077,0.0016,-0.0040,0.0089,0.2150,0
1670922,1.0000,0.0002,0.0077,0.0016,-0.0020,0.0161,0.2085,0
1671089,1.0000,0.0002,0.0077,0.0016,0.0052,0.0124,0.2327,0
1671255,1.0000,0.0002,0.0077,0.0016,-0.0063,0.0123,0.2144,0
1671422,1.0000,0.0002,0.0077,0.0016,0.0061,0.0094,0.2232,0
1671589,1.0000,0.0002,0.0077,0.0016,0.0086,-0.0038,0.2173,0
1671755,1.0000,0.0002,0.0077,0.0016,0.0034,-0.0054,0.2084,0
1671922,1.0000,0.0002,0.0077,0.0016,0.0049,0.0217,0.2229,0
1672089,1.0000,0.0002,0.0076,0.0016,-0.0075,-0.0044,0.2014,0
1672255,1.0000,0.0002,0.0076,0.0016,0.0029,0.0006,0.2203,0
1672422,1.0000,0.0002,0.0076,0.0016,-0.0065,0.0018,0.2189,0
1672589,1.0000,0.0002,0.0077,0.0016,-0.0251,-0.0032,0.2207,0
1672755,1.0000,0.0002,0.0077,0.0016,0.0017,0.0068,0.2165,0
1672922,1.0000,0.0002,0.0077,0.0016,-0.0063,0.0056,0.2290,0
1673089,1.0000,0.0002,0.0077,0.0016,-0.0020,0.0119,0.2042,0
1673255,1.0000,0.0002,0.0077,0.0016,-0.0084,0.0046,0.2143,0
1673422,1.0000,0.0002,0.0077,0.0016,-0.0115,0.0079,0.2212,0
1673589,1.0000,0.0002,0.0077,0.0016,-0.0057,0.0034,0.1918,0
1673755,1.0000,0.0002,0.0077,0.0016,0.0192,0.0040,0.2099,0
1673922,1.0000,0.0002,0.0077,0.0016,-0.0004,0.0057,0.2178,0
1674089,1.0000,0.0002,0.0077,0.0016,-0.0033,0.0096,0.2141,0
1674255,1.0000,0.0002,0.0077,0.0016,-0.0136,0.0121,0.2201,0
1674422,1.0000,0.0002,0.0077,0.0016,-0.0063,0.0048,0.2315,0
1674589,1.0000,0.0002,0.0077,0.0016,0.0033,0.0085,0.2127,0
1674755,1.0000,0.0002,0.0077,0.0016,0.0023,0.0068,0.2031,0
1674922,1.0000,0.0002,0.0076,0.0016,0.0011,0.0206,0.2347,0
1675089,1.0000,0.0002,0.0076,0.0017,-0.0038,0.0136,0.2119,0
1675255,1.0000,0.0001,0.0077,0.0017,-0.0074,0.0134,0.2045,0
1675422,1.0000,0.0001,0.0077,0.0017,0.0157,0.0231,0.2332,0
1675589,1.0000,0.0001,0.0076,0.0017,-0.0021,0.0055,0.2049,0
1675755,1.0000,0.0001,0.0076,0.0016,-0.0113,0.0148,0.2374,0
1675922,1.0000,0.0001,0.0076,0.0016,-0.0050,0.0165,0.2045,0
1676089,1.0000,0.0002,0.0077,0.0016,0.0024,0.0149,0.2136,0
1676255,1.0000,0.0001,0.0077,0.0016,0.0119,0.0147,0.1928,0
1676422,1.0000,0.0002,0.0076,0.0016,0.0094,0.0237,0.2096,0
1676589,1.0000,0.0002,0.0076,0.0016,-0.0011,0.0118,0.2183,0
1676755,1.0000,0.0001,0.0076,0.0016,-0.0079,0.0185,0.2185,0
1676922,1.0000,0.0001,0.0076,0.0016,-0.0017,0.0053,0.2046,0
1677089,1.0000,0.0001,0.0076,0.0016,-0.0055,0.0060,0.2119,0
1677255,1.0000,0.0002,0.0076,0.0016,-0.0147,0.0118,0.2228,0
1677422,1.0000,0.0001,0.0076,0.0016,-0.0145,-0.0108,0.2112,0
1677589,1.0000,0.0001,0.0076,0.0016,0.0090,0.0127,0.2377,0
1677755,1.0000,0.0001,0.0076,0.0016,0.0044,0.0118,0.2286,0
1677922,1.0000,0.0001,0.0076,0.0016,-0.0007,0.0157,0.2048,0
1678089,1.0000,0.0001,0.0076,0.0016,-0.0052,0.0003,0.2248,0
1678255,1.0000,0.0001,0.0076,0.0016,-0.0045,0.0177,0.2071,0
1678422,1.0000,0.0001,0.0076,0.0016,0.0064,0.0060,0.2123,0
1678589,1.0000,0.0001,0.0076,0.0016,0.0025,0.0166,0.2177,0
1678755,1.0000,0.0001,0.0076,0.0016,0.0042,0.0177,0.2243,0
1678922,1.0000,0.0001,0.0076,0.0016,0.0066,0.0129,0.2260,0
1679089,1.0000,0.0001,0.0076,0.0016,0.0011,0.0080,0.2106,0
1679255,1.0000,0.0001,0.0076,0.0016,0.0022,0.0127,0.2101,0
1679422,1.0000,0.0001,0.0076,0.0016,0.0041,0.0014,0.1930,0
1679589,1.0000,0.0001,0.0076,0.0016,-0.0108,0.0194,0.2181,0
1679755,1.0000,0.0001,0.0076,0.0016,-0.0127,0.0086,0.2205,0
1679922,1.0000,0.0001,0.0076,0.0016,-0.0027,0.0116,0.2147,0
1680089,1.0000,0.0001,0.0076,0.0016,-0.0011,0.0081,0.2150,0
1680255,1.0000,0.0001,0.0076,0.0016,-0.0077,0.0046,0.2168,0
1680422,1.0000,0.0001,0.0076,0.0016,-0.0065,0.0046,0.1960,0
1680589,1.0000,0.0001,0.0076,0.0016,-0.0030,0.0035,0.1978,0
1680755,1.0000,0.0001,0.0076,0.0016,-0.0076,0.0107,0.2544,0
1680922,1.0000,0.0001,0.0076,0.0016,-0.0237,0.0117,0.2016,0
1681089,1.0000,0.0001,0.0076,0.0016,-0.0012,0.0127,0.2282,0
1681255,1.0000,0.0001,0.0076,0.0016,-0.0006,0.0014,0.2327,0
1681422,1.0000,0.0001,0.0076,0.0016,-0.0139,0.0013,0.1973,0
1681589,1.0000,0.0001,0.0076,0.0016,-0.0053,0.0155,0.2309,0
1681756,1.0000,0.0001,0.0076,0.0016,-0.0024,0.0166,0.2061,0
1681922,1.0000,0.0001,0.0076,0.0016,0.0104,0.0262,0.2178,0
1682089,1.0000,0.0001,0.0076,0.0016,-0.0053,0.0120,0.2168,0
1682256,1.0000,0.0001,0.0076,0.0016,-0.0004,0.0134,0.2230,0
1682422,1.0000,0.0001,0.0076,0.0016,-0.0116,0.0048,0.1925,0
1682589,1.0000,0.0001,0.0076,0.0016,-0.0053,0.0149,0.2266,0
1682756,1.0000,0.0001,0.0076,0.0016,0.0110,0.0013,0.1994,0
1682922,1.0000,0.0001,0.0076,0.0016,-0.0112,0.0102,0.2115,0
1683089,1.0000,0.0001,0.0076,0.0016,-0.0077,0.0204,0.2580,0
1683256,1.0000,0.0001,0.0075,0.0016,-0.0057,0.0303,0.2088,0
1683422,1.0000,0.0001,0.0076,0.0016,-0.0033,0.0162,0.2341,0
1683589,1.0000,0.0001,0.0076,0.0016,0.0078,0.0137,0.2015,0
1683756,1.0000,0.0001,0.0076,0.0016,-0.0197,0.0021,0.2250,0
1683922,1.0000,0.0001,0.0076,0.0016,-0.0174,0.0276,0.2197,0
1684089,1.0000,0.0001,0.0076,0.0016,0.0110,-0.0059,0.1995,0
1684256,1.0000,0.0001,0.0076,0.0016,-0.0146,0.0100,0.1913,0
1684422,1.0000,0.0001,0.0076,0.0016,-0.0204,0.0209,0.2275,0
1684589,1.0000,0.0001,0.0076,0.0016,0.0049,0.0066,0.2008,0
1684756,1.0000,0.0001,0.0076,0.0016,-0.0014,0.0015,0.2089,0
1684922,1.0000,0.0001,0.0075,0.0016,-0.0159,0.0156,0.2303,0
1685089,1.0000,0.0001,0.0076,0.0016,-0.0150,0.0045,0.2048,0
1685256,1.0000,0.0001,0.0075,0.0016,-0.0068,0.0065,0.2265,0
1685422,1.0000,0.0001,0.0075,0.0016,-0.0063,0.0165,0.2079,0
1685589,1.0000,0.0001,0.0075,0.0016,0.0111,-0.0124,0.1959,0
1685756,1.0000,0.0001,0.0075,0.0016,-0.0194,0.0161,0.2142,0
1685922,1.0000,0.0001,0.0075,0.0016,-0.0046,0.0141,0.2339,0
1686089,1.0000,0.0001,0.0075,0.0016,-0.0028,0.0107,0.2075,0
1686256,1.0000,0.0001,0.0075,0.0016,-0.0078,0.0080,0.2329,0
1686422,1.0000,0.0001,0.0075,0.0016,-0.0196,0.0116,0.2253,0
1686589,1.0000,0.0001,0.0075,0.0016,0.0090,0.0044,0.2176,0
1686756,1.0000,0.0002,0.0077,0.0016,0.0131,-0.0010,0.2523,0
1686922,1.0000,0.0002,0.0077,0.0016,-0.0122,0.0138,0.2153,0
1687089,1.0000,0.0002,0.0077,0.0016,-0.0009,-0.0157,0.1990,0
1687256,1.0000,0.0002,0.0077,0.0016,0.0172,0.0147,0.2016,0
1687422,1.0000,0.0002,0.0077,0.0016,-0.0009,0.0101,0.2085,0
1687589,1.0000,0.0002,0.0077,0.0016,-0.0011,-0.0098,0.2089,0
1687756,1.0000,0.0002,0.0077,0.0016,-0.0112,0.0199,0.2356,0
1687922,1.0000,0.0002,0.0077,0.0016,-0.0026,0.0029,0.2097,0
1688089,1.0000,0.0002,0.0077,0.0016,0.0134,-0.0084,0.2149,0
1688256,1.0000,0.0002,0.0077,0.0016,0.0048,-0.0028,0.2506,0
1688422,1.0000,0.0002,0.0077,0.0016,-0.0121,0.0140,0.1943,0
1688589,1.0000,0.0002,0.0077,0.0016,-0.0013,-0.0019,0.2123,0
1688756,1.0000,0.0002,0.0077,0.0016,0.0038,0.0095,0.2227,0
1688922,1.0000,0.0002,0.0077,0.0016,0.0004,0.0123,0.1944,0
1689089,1.0000,0.0002,0.0077,0.0016,0.0123,0.0106,0.2124,0
1689256,1.0000,0.0002,0.0077,0.0016,-0.0092,0.0201,0.2261,0
1689422,1.0000,0.0002,0.0077,0.0016,-0.0160,0.0022,0.2201,0
1689589,1.0000,0.0002,0.0077,0.0016,-0.0013,0.0093,0.2160,0
1689756,1.0000,0.0002,0.0077,0.0016,0.0046,0.0145,0.2423,0
1689922,1.0000,0.0002,0.0077,0.0016,-0.0056,-0.0117,0.2028,0
1690089,1.0000,0.0002,0.0077,0.0016,0.0013,0.0145,0.2269,0
1690256,1.0000,0.0002,0.0077,0.0016,-0.0017,-0.0031,0.2137,0
1690422,1.0000,0.0002,0.0077,0.0016,-0.0126,0.0035,0.2142,0
1690589,1.0000,0.0002,0.0077,0.0016,0.0046,0.0029,0.2160,0
1690756,1.0000,0.0002,0.0077,0.0016,0.0106,0.0123,0.2302,0
1690922,1.0000,0.0002,0.0077,0.0016,0.0022,0.0061,0.1988,0
1691089,1.0000,0.0002,0.0077,0.0016,-0.0074,0.0071,0.2229,0
1691256,1.0000,0.0002,0.0077,0.0016,0.0006,0.0118,0.2314,0
1691422,1.0000,0.0002,0.0077,0.0016,0.0002,0.0001,0.2053,0
1691589,1.0000,0.0002,0.0077,0.0016,-0.0050,0.0124,0.2032,0
1691756,1.0000,0.0002,0.0077,0.0016,-0.0012,0.0049,0.2258,0
1691922,1.0000,0.0002,0.0077,0.0016,-0.0097,0.0010,0.2213,0
1692089,1.0000,0.0002,0.0077,0.0016,0.0060,0.0091,0.2085,0
1692256,1.0000,0.0002,0.0077,0.0016,-0.0025,0.0063,0.2069,0
1692422,1.0000,0.0002,0.0077,0.0016,-0.0034,0.0196,0.2133,0
1692589,1.0000,0.0002,0.0077,0.0016,0.0005,0.0147,0.2098,0
1692756,1.0000,0.0002,0.0077,0.0016,-0.0137,0.0195,0.2208,0
1692922,1.0000,0.0002,0.0077,0.0016,0.0009,0.0213,0.2300,0
1693089,1.0000,0.0002,0.0077,0.0016,-0.0015,0.0090,0.2240,0
1693256,1.0000,0.0002,0.0077,0.0016,-0.0085,0.0138,0.2155,0
1693422,1.0000,0.0002,0.0077,0.0016,-0.0008,0.0101,0.2334,0
1693589,1.0000,0.0002,0.0077,0.0016,0.0030,0.0183,0.2033,0
1693756,1.0000,0.0002,0.0077,0.0016,0.0097,0.0061,0.2142,0
1693922,1.0000,0.0002,0.0077,0.0016,-0.0124,-0.0007,0.1876,0
1694089,1.0000,0.0002,0.0077,0.0016,-0.0008,0.0017,0.2092,0
1694256,1.0000,0.0002,0.0077,0.0016,-0.0099,0.0156,0.2162,0
1694422,1.0000,0.0002,0.0077,0.0016,0.0021,0.0138,0.2280,0
1694589,1.0000,0.0002,0.0077,0.0016,-0.0053,0.0117,0.2174,0
1694756,1.0000,0.0002,0.0077,0.0016,-0.0104,0.0147,0.1987,0
1694922,1.0000,0.0002,0.0077,0.0016,-0.0139,-0.0104,0.2118,0
1695089,1.0000,0.0002,0.0077,0.0016,-0.0079,0.0040,0.2261,0
1695256,1.0000,0.0002,0.0077,0.0016,0.0018,-0.0006,0.2115,0
1695422,1.0000,0.0002,0.0077,0.0016,-0.0031,0.0023,0.2086,0
1695589,1.0000,0.0002,0.0077,0.0016,-0.0118,0.0109,0.2020,0
1695756,1.0000,0.0002,0.0077,0.0016,-0.0048,0.0274,0.2074,0
1695922,1.0000,0.0002,0.0077,0.0016,-0.0030,0.0159,0.2142,0
1696089,1.0000,0.0002,0.0077,0.0016,-0.0021,0.0153,0.2086,0
1696256,1.0000,0.0002,0.0077,0.0016,0.0006,0.0143,0.2251,0
1696422,1.0000,0.0002,0.0077,0.0016,0.0140,0.0121,0.2428,0
1696589,1.0000,0.0002,0.0077,0.0016,0.0018,0.0042,0.2122,0
1696756,1.0000,0.0002,0.0077,0.0016,0.0008,0.0127,0.2233,0
1696922,1.0000,0.0002,0.0077,0.0016,0.0005,0.0114,0.2122,0
1697089,1.0000,0.0002,0.0077,0.0016,-0.0059,0.0123,0.2067,0
1697256,1.0000,0.0002,0.0077,0.0016,-0.0087,-0.0090,0.2100,0
1697422,1.0000,0.0002,0.0077,0.0016,0.0076,0.0099,0.1988,0
1697589,1.0000,0.0002,0.0077,0.0016,0.0086,0.0117,0.2114,0
1697756,1.0000,0.0002,0.0077,0.0016,-0.0169,0.0021,0.2273,0
1697922,1.0000,0.0002,0.0077,0.0016,-0.0092,0.0208,0.2275,0
1698089,1.0000,0.0002,0.0077,0.0016,-0.0013,0.0122,0.2074,0
1698256,1.0000,0.0002,0.0077,0.0016,0.0134,0.0015,0.1926,0
1698423,1.0000,0.0002,0.0077,0.0016,0.0039,-0.0023,0.2219,0
1698589,1.0000,0.0002,0.0077,0.0016,-0.0099,0.0141,0.2053,0
1698756,1.0000,0.0002,0.0077,0.0016,-0.0040,0.0142,0.2035,0
1698923,1.0000,0.0002,0.0077,0.0016,0.0003,0.0011,0.1919,0
1699089,1.0000,0.0002,0.0077,0.0016,0.0113,0.0121,0.2188,0
1699256,1.0000,0.0002,0.0077,0.0016,-0.0017,0.0112,0.2070,0
1699423,1.0000,0.0002,0.0077,0.0016,-0.0066,-0.0003,0.2347,0
1699589,1.0000,0.0002,0.0077,0.0016,-0.0093,0.0027,0.2153,0
1699756,1.0000,0.0002,0.0077,0.0016,0.0045,0.0059,0.2068,0
1699923,1.0000,0.0002,0.0077,0.0016,0.0029,0.0157,0.2032,0
1700089,1.0000,0.0002,0.0077,0.0016,-0.0049,0.0015,0.2294,0
1700256,1.0000,0.0002,0.0077,0.0016,-0.0077,0.0056,0.2149,0
1700423,1.0000,0.0002,0.0077,0.0016,0.0019,0.0045,0.1992,0
1700589,1.0000,0.0002,0.0077,0.0016,0.0076,0.0020,0.2296,0
1700756,1.0000,0.0002,0.0077,0.0016,-0.0166,0.0003,0.2052,0
1700923,1.0000,0.0002,0.0077,0.0016,-0.0214,-0.0029,0.1998,0
1701089,1.0000,0.0002,0.0077,0.0016,0.0099,0.0162,0.2115,0
1701256,1.0000,0.0002,0.0077,0.0016,0.0107,0.0170,0.2308,0
1701423,1.0000,0.0002,0.0077,0.0016,-0.0036,0.0085,0.2040,0
1701589,1.0000,0.0002,0.0077,0.0016,-0.0154,0.0072,0.2432,0
1701756,1.0000,0.0002,0.0077,0.0016,-0.0155,0.0060,0.2330,0
1701923,1.0000,0.0002,0.0077,0.0016,-0.0044,0.0031,0.2216,0
1702089,1.0000,0.0002,0.0077,0.0016,0.0047,0.0043,0.2288,0
1702256,1.0000,0.0002,0.0077,0.0016,-0.0007,-0.0008,0.2168,0
1702423,1.0000,0.0002,0.0077,0.0016,-0.0158,0.0165,0.2159,0
1702589,1.0000,0.0002,0.0077,0.0016,-0.0087,0.0126,0.2053,0
1702756,1.0000,0.0002,0.0077,0.0016,0.0153,0.0206,0.2114,0
1702923,1.0000,0.0002,0.0077,0.0016,0.0018,0.0030,0.2135,0
1703089,1.0000,0.0002,0.0077,0.0016,-0.0017,0.0004,0.2244,0
1703256,1.0000,0.0002,0.0077,0.0016,-0.0034,0.0085,0.2164,0
1703423,1.0000,0.0002,0.0077,0.0016,0.0083,0.0131,0.2007,0
1703589,1.0000,0.0002,0.0077,0.0016,-0.0018,0.0100,0.2163,0
1703756,1.0000,0.0002,0.0077,0.0016,-0.0154,-0.0074,0.2354,0
1703923,1.0000,0.0002,0.0077,0.0016,0.0088,0.0073,0.2041,0
1704089,1.0000,0.0002,0.0077,0.0016,0.0015,0.0227,0.2166,0
1704256,1.0000,0.0002,0.0076,0.0016,-0.0091,0.0012,0.2024,0
1704423,1.0000,0.0002,0.0076,0.0015,0.0008,0.0063,0.2092,0
1704589,1.0000,0.0002,0.0076,0.0016,-0.0209,0.0146,0.2167,0
1704756,1.0000,0.0002,0.0076,0.0016,0.0044,0.0014,0.2235,0
1704923,1.0000,0.0002,0.0076,0.0016,0.0035,0.0016,0.2172,0
1705089,1.0000,0.0002,0.0076,0.0016,-0.0009,0.0169,0.2331,0
1705256,1.0000,0.0002,0.0076,0.0016,-0.0073,0.0170,0.2048,0
1705423,1.0000,0.0002,0.0076,0.0016,0.0080,-0.0016,0.2120,0
1705589,1.0000,0.0002,0.0076,0.0015,-0.0156,0.0105,0.2069,0
1705756,1.0000,0.0002,0.0076,0.0015,-0.0033,0.0050,0.2291,0
1705923,1.0000,0.0002,0.0076,0.0015,-0.0023,0.0094,0.1918,0
1706089,1.0000,0.0002,0.0076,0.0016,-0.0161,0.0210,0.2307,0
1706256,1.0000,0.0002,0.0076,0.0016,0.0003,0.0113,0.2061,0
1706423,1.0000,0.0002,0.0076,0.0016,-0.0140,0.0033,0.2267,0
1706589,1.0000,0.0002,0.0076,0.0016,-0.0106,0.0015,0.1953,0
1706756,1.0000,0.0002,0.0077,0.0016,0.0064,-0.0031,0.2451,0
1706923,1.0000,0.0002,0.0077,0.0016,-0.0003,0.0176,0.2066,0
1707089,1.0000,0.0002,0.0077,0.0016,-0.0081,0.0127,0.2376,0
1707256,1.0000,0.0002,0.0077,0.0016,-0.0168,0.0023,0.2093,0
1707423,1.0000,0.0002,0.0077,0.0016,-0.0019,-0.0026,0.2322,0
1707589,1.0000,0.0002,0.0077,0.0016,0.0029,0.0108,0.2274,0
1707756,1.0000,0.0002,0.0077,0.0016,0.0153,-0.0015,0.2054,0
1707923,1.0000,0.0002,0.0077,0.0016,0.0020,-0.0051,0.2193,0
1708089,1.0000,0.0002,0.0077,0.0016,-0.0167,0.0155,0.2229,0
1708256,1.0000,0.0002,0.0077,0.0016,0.0065,0.0071,0.2133,0
1708423,1.0000,0.0002,0.0077,0.0016,-0.0009,-0.0018,0.2136,0
1708589,1.0000,0.0002,0.0077,0.0016,-0.0150,-0.0010,0.2409,0
1708756,1.0000,0.0002,0.0077,0.0016,-0.0024,0.0058,0.2292,0
1708923,1.0000,0.0002,0.0077,0.0016,-0.0075,-0.0015,0.2221,0
1709089,1.0000,0.0002,0.0077,0.0016,0.0057,0.0216,0.1886,0
1709256,1.0000,0.0002,0.0077,0.0016,0.0108,0.0058,0.1946,0
1709423,1.0000,0.0002,0.0077,0.0016,-0.0183,0.0129,0.2261,0
1709589,1.0000,0.0002,0.0077,0.0016,-0.0188,0.0163,0.2125,0
1709756,1.0000,0.0002,0.0077,0.0016,0.0140,0.0086,0.2040,0
1709923,1.0000,0.0002,0.0077,0.0016,0.0011,0.0136,0.2169,0
1710089,1.0000,0.0002,0.0077,0.0016,-0.0099,0.0003,0.2249,0
1710256,1.0000,0.0002,0.0077,0.0016,-0.0071,0.0088,0.2269,0
1710423,1.0000,0.0002,0.0077,0.0016,-0.0060,0.0002,0.1965,0
1710589,1.0000,0.0002,0.0077,0.0016,-0.0161,0.0126,0.2227,0
1710756,1.0000,0.0002,0.0077,0.0016,0.0009,0.0064,0.2442,0
1710923,1.0000,0.0002,0.0077,0.0016,0.0088,-0.0025,0.2345,0
1711089,1.0000,0.0002,0.0077,0.0016,0.0075,0.0090,0.2004,0
1711256,1.0000,0.0002,0.0077,0.0016,0.0094,0.0096,0.2088,0
1711423,1.0000,0.0002,0.0077,0.0016,0.0091,0.0010,0.2108,0
1711589,1.0000,0.0002,0.0077,0.0016,-0.0005,0.0083,0.2275,0
1711756,1.0000,0.0002,0.0077,0.0016,-0.0072,-0.0026,0.2120,0
1711923,1.0000,0.0002,0.0077,0.0016,0.0085,0.0107,0.2210,0
1712089,1.0000,0.0002,0.0077,0.0016,0.0014,0.0125,0.2090,0
1712256,1.0000,0.0002,0.0077,0.0016,0.0046,0.0013,0.2035,0
1712423,1.0000,0.0002,0.0077,0.0016,-0.0032,0.0082,0.2503,0
1712589,1.0000,0.0002,0.0077,0.0016,0.0101,0.0047,0.2049,0
1712756,1.0000,0.0002,0.0077,0.0016,-0.0035,0.0151,0.2246,0
1712923,1.0000,0.0002,0.0077,0.0016,0.0023,0.0040,0.1986,0
1713089,1.0000,0.0002,0.0077,0.0016,-0.0052,0.0159,0.2119,0
1713256,1.0000,0.0002,0.0077,0.0016,-0.0003,0.0080,0.2354,0
1713423,1.0000,0.0002,0.0077,0.0016,-0.0135,0.0072,0.2169,0
1713589,1.0000,0.0002,0.0077,0.0016,-0.0141,0.0102,0.2225,0
1713756,1.0000,0.0002,0.0077,0.0016,0.0013,0.0146,0.2313,0
1713923,1.0000,0.0002,0.0077,0.0016,0.0003,0.0038,0.2218,0
1714089,1.0000,0.0002,0.0076,0.0016,-0.0019,0.0191,0.1965,0
1714256,1.0000,0.0002,0.0076,0.0016,-0.0151,0.0049,0.2322,0
1714423,1.0000,0.0002,0.0077,0.0016,-0.0018,0.0121,0.2222,0
1714589,1.0000,0.0002,0.0076,0.0016,0.0010,0.0129,0.2379,0
1714756,1.0000,0.0002,0.0076,0.0016,-0.0206,0.0071,0.2076,0
1714923,1.0000,0.0002,0.0076,0.0016,-0.0010,-0.0009,0.2284,0
1715090,1.0000,0.0002,0.0076,0.0016,0.0009,0.0064,0.2236,0
1715256,1.0000,0.0002,0.0076,0.0016,0.0030,0.0187,0.2198,0
1715423,1.0000,0.0002,0.0076,0.0016,-0.0055,-0.0044,0.2174,0
1715590,1.0000,0.0002,0.0076,0.0016,-0.0130,0.0166,0.2331,0
1715756,1.0000,0.0002,0.0076,0.0016,-0.0117,0.0055,0.2199,0
1715923,1.0000,0.0002,0.0076,0.0016,-0.0049,0.0002,0.2113,0
1716090,1.0000,0.0002,0.0076,0.0016,0.0008,0.0030,0.2165,0
1716256,1.0000,0.0002,0.0076,0.0016,0.0017,0.0122,0.2083,0
1716423,1.0000,0.0002,0.0077,0.0016,-0.0077,-0.0012,0.2137,0
1716590,1.0000,0.0002,0.0077,0.0016,0.0109,0.0014,0.2341,0
1716756,1.0000,0.0002,0.0077,0.0016,0.0158,-0.0119,0.2270,0
1716923,1.0000,0.0002,0.0077,0.0016,-0.0016,0.0088,0.2090,0
1717090,1.0000,0.0002,0.0076,0.0016,-0.0118,0.0058,0.2158,0
1717256,1.0000,0.0002,0.0076,0.0016,-0.0021,0.0145,0.2012,0
1717423,1.0000,0.0002,0.0076,0.0016,-0.0126,0.0090,0.2254,0
1717590,1.0000,0.0002,0.0076,0.0016,0.0079,0.0148,0.2204,0
1717756,1.0000,0.0002,0.0076,0.0016,-0.0055,0.0056,0.2070,0
1717923,1.0000,0.0002,0.0076,0.0016,-0.0137,0.0078,0.2155,0
1718090,1.0000,0.0002,0.0076,0.0016,0.0011,0.0146,0.2005,0
1718256,1.0000,0.0002,0.0076,0.0016,-0.0031,0.0081,0.2244,0
1718423,1.0000,0.0002,0.0076,0.0016,-0.0111,0.0015,0.2260,0
1718590,1.0000,0.0002,0.0076,0.0016,-0.0094,0.0014,0.2124,0
1718756,1.0000,0.0002,0.0076,0.0016,0.0168,0.0143,0.2187,0
1718923,1.0000,0.0002,0.0076,0.0016,0.0082,0.0163,0.2123,0
1719090,1.0000,0.0001,0.0076,0.0016,0.0055,0.0123,0.2071,0
1719256,1.0000,0.0001,0.0076,0.0016,-0.0053,0.0176,0.2229,0
1719423,1.0000,0.0001,0.0076,0.0016,-0.0070,0.0089,0.2106,0
1719590,1.0000,0.0001,0.0076,0.0016,0.0037,0.0146,0.2202,0
1719756,1.0000,0.0001,0.0076,0.0016,0.0026,0.0078,0.2222,0
1719923,1.0000,0.0001,0.0076,0.0016,-0.0091,0.0108,0.2167,0
1720090,1.0000,0.0001,0.0076,0.0016,-0.0071,0.0129,0.2168,0
1720256,1.0000,0.0001,0.0076,0.0016,-0.0093,0.0067,0.2062,0
1720423,1.0000,0.0001,0.0076,0.0016,-0.0019,0.0019,0.2197,0
1720590,1.0000,0.0001,0.0076,0.0016,0.0043,0.0074,0.2274,0
1720756,1.0000,0.0001,0.0076,0.0016,0.0057,0.0010,0.1961,0
1720923,1.0000,0.0001,0.0076,0.0016,-0.0062,0.0110,0.2112,0
1721090,1.0000,0.0001,0.0076,0.0016,-0.0188,-0.0050,0.2191,0
1721256,1.0000,0.0001,0.0076,0.0016,-0.0059,0.0017,0.2172,0
1721423,1.0000,0.0001,0.0076,0.0016,-0.0059,0.0190,0.2139,0
1721590,1.0000,0.0001,0.0076,0.0016,0.0044,0.0033,0.2312,0
1721756,1.0000,0.0001,0.0076,0.0016,-0.0129,0.0125,0.1973,0
1721923,1.0000,0.0001,0.0076,0.0016,-0.0067,0.0175,0.2262,0
1722090,1.0000,0.0001,0.0076,0.0016,-0.0108,-0.0077,0.2091,0
1722256,1.0000,0.0001,0.0076,0.0016,-0.0064,0.0139,0.2138,0
1722423,1.0000,0.0001,0.0076,0.0016,-0.0037,0.0089,0.2152,0
1722590,1.0000,0.0001,0.0076,0.0016,0.0063,0.0026,0.2072,0
1722756,1.0000,0.0001,0.0076,0.0016,-0.0044,0.0040,0.2140,0
1722923,1.0000,0.0001,0.0076,0.0016,-0.0085,0.0125,0.2225,0
1723090,1.0000,0.0001,0.0076,0.0016,-0.0012,0.0164,0.2142,0
1723256,1.0000,0.0001,0.0076,0.0016,-0.0124,0.0159,0.2121,0
1723423,1.0000,0.0001,0.0076,0.0016,-0.0019,0.0071,0.2051,0
1723590,1.0000,0.0001,0.0076,0.0016,-0.0102,0.0075,0.2213,0
1723756,1.0000,0.0001,0.0076,0.0016,-0.0187,0.0111,0.2216,0
1723923,1.0000,0.0000,0.0076,0.0016,-0.0124,0.0012,0.2158,0
1724090,1.0000,0.0000,0.0076,0.0016,0.0206,0.0170,0.2187,0
1724256,1.0000,0.0000,0.0076,0.0016,-0.0055,0.0115,0.2323,0
1724423,1.0000,0.0000,0.0076,0.0016,0.0013,0.0146,0.1953,0
1724590,1.0000,0.0000,0.0076,0.0016,0.0033,0.0087,0.2325,0
1724756,1.0000,0.0000,0.0076,0.0016,-0.0011,0.0135,0.2083,0
1724923,1.0000,0.0000,0.0076,0.0016,0.0074,0.0012,0.2344,0
1725090,1.0000,0.0000,0.0076,0.0016,-0.0158,0.0019,0.2218,0
1725256,1.0000,0.0000,0.0076,0.0016,-0.0038,0.0162,0.2202,0
1725423,1.0000,0.0000,0.0076,0.0016,-0.0075,0.0173,0.2127,0
1725590,1.0000,0.0000,0.0076,0.0016,-0.0087,0.0079,0.2218,0
1725756,1.0000,0.0000,0.0076,0.0016,-0.0052,0.0118,0.2211,0
1725923,1.0000,0.0000,0.0076,0.0016,0.0037,0.0117,0.2248,0
1726090,1.0000,0.0000,0.0075,0.0016,-0.0073,0.0040,0.2243,0
1726256,1.0000,0.0000,0.0075,0.0016,0.0099,0.0212,0.2083,0
1726423,1.0000,0.0000,0.0075,0.0016,-0.0035,0.0089,0.2028,0
1726590,1.0000,0.0000,0.0075,0.0016,-0.0037,0.0180,0.2197,0
1726756,1.0000,0.0002,0.0076,0.0016,-0.0080,-0.0038,0.2236,0
1726923,1.0000,0.0002,0.0076,0.0016,0.0027,0.0039,0.2314,0
1727090,1.0000,0.0001,0.0076,0.0016,-0.0161,0.0179,0.2157,0
1727256,1.0000,0.0001,0.0076,0.0016,-0.0122,0.0142,0.2263,0
1727423,1.0000,0.0001,0.0076,0.0016,-0.0060,0.0049,0.1984,0
1727590,1.0000,0.0001,0.0076,0.0016,0.0142,0.0138,0.2076,0
1727756,1.0000,0.0001,0.0076,0.0016,0.0127,0.0065,0.1943,0
1727923,1.0000,0.0001,0.0076,0.0016,0.0087,-0.0002,0.2208,0
1728090,1.0000,0.0001,0.0076,0.0016,-0.0057,0.0139,0.2108,0
1728256,1.0000,0.0001,0.0076,0.0016,0.0052,0.0018,0.1974,0
1728423,1.0000,0.0001,0.0076,0.0016,0.0134,0.0147,0.2306,0
1728590,1.0000,0.0001,0.0076,0.0016,-0.0173,0.0218,0.2028,0
1728756,1.0000,0.0001,0.0076,0.0016,-0.0153,0.0185,0.2201,0
1728923,1.0000,0.0001,0.0076,0.0016,-0.0098,0.0111,0.2134,0
1729090,1.0000,0.0001,0.0076,0.0016,-0.0040,0.0100,0.2333,0
1729256,1.0000,0.0001,0.0076,0.0016,-0.0095,0.0058,0.2087,0
1729423,1.0000,0.0001,0.0076,0.0016,-0.0172,0.0110,0.2064,0
1729590,1.0000,0.0001,0.0076,0.0016,-0.0099,0.0093,0.2295,0
1729756,1.0000,0.0001,0.0076,0.0016,0.0010,0.0087,0.2475,0
1729923,1.0000,0.0001,0.0076,0.0016,0.0069,0.0271,0.2182,0
1730090,1.0000,0.0001,0.0076,0.0016,0.0017,0.0048,0.2305,0
1730256,1.0000,0.0001,0.0076,0.0016,0.0084,0.0031,0.2191,0
1730423,1.0000,0.0001,0.0076,0.0016,-0.0106,0.0113,0.2110,0
1730590,1.0000,0.0001,0.0076,0.0016,-0.0051,0.0142,0.2407,0
1730756,1.0000,0.0001,0.0076,0.0016,-0.0060,0.0060,0.2133,0
1730923,1.0000,0.0001,0.0076,0.0016,-0.0191,0.0268,0.2374,0
1731090,1.0000,0.0001,0.0076,0.0016,0.0145,0.0052,0.2019,0
1731256,1.0000,0.0001,0.0076,0.0016,-0.0056,0.0084,0.2111,0
1731423,1.0000,0.0001,0.0076,0.0016,-0.0051,0.0096,0.2026,0
1731590,1.0000,0.0001,0.0076,0.0016,0.0024,0.0010,0.2122,0
1731757,1.0000,0.0001,0.0076,0.0016,-0.0043,0.0255,0.2135,0
1731923,1.0000,0.0001,0.0076,0.0016,0.0030,0.0146,0.2218,0
1732090,1.0000,0.0001,0.0076,0.0016,0.0116,0.0118,0.2169,0
1732257,1.0000,0.0001,0.0076,0.0016,-0.0100,0.0143,0.1964,0
1732423,1.0000,0.0001,0.0076,0.0016,-0.0045,0.0176,0.2097,0
1732590,1.0000,0.0001,0.0076,0.0016,-0.0055,0.0175,0.2306,0
1732757,1.0000,0.0001,0.0076,0.0016,-0.0043,0.0163,0.2228,0
1732923,1.0000,0.0001,0.0076,0.0016,-0.0078,0.0136,0.2320,0
1733090,1.0000,0.0001,0.0076,0.0016,-0.0063,0.0156,0.2339,0
1733257,1.0000,0.0001,0.0076,0.0016,-0.0132,0.0102,0.2112,0
1733423,1.0000,0.0001,0.0076,0.0016,-0.0011,0.0177,0.2022,0
1733590,1.0000,0.0001,0.0076,0.0016,0.0023,0.0066,0.2270,0
1733757,1.0000,0.0001,0.0076,0.0016,-0.0040,0.0223,0.2091,0
1733923,1.0000,0.0001,0.0075,0.0016,-0.0079,0.0162,0.2163,0
1734090,1.0000,0.0001,0.0076,0.0016,0.0012,0.0057,0.2152,0
1734257,1.0000,0.0001,0.0075,0.0016,-0.0127,0.0086,0.2498,0
1734423,1.0000,0.0001,0.0076,0.0016,-0.0090,-0.0030,0.2071,0
1734590,1.0000,0.0001,0.0076,0.0016,0.0012,0.0114,0.2269,0
1734757,1.0000,0.0001,0.0076,0.0016,0.0014,0.0144,0.2056,0
1734923,1.0000,0.0001,0.0076,0.0016,0.0037,0.0049,0.2189,0
1735090,1.0000,0.0001,0.0075,0.0016,0.0095,0.0118,0.2046,0
1735257,1.0000,0.0001,0.0075,0.0016,-0.0118,0.0180,0.2010,0
1735423,1.0000,0.0001,0.0075,0.0016,0.0018,0.0092,0.2011,0
1735590,1.0000,0.0001,0.0075,0.0016,0.0010,0.0191,0.2127,0
1735757,1.0000,0.0001,0.0075,0.0016,-0.0113,0.0063,0.2152,0
1735923,1.0000,0.0001,0.0075,0.0016,-0.0020,0.0121,0.2103,0
1736090,1.0000,0.0001,0.0075,0.0016,-0.0119,0.0151,0.2051,0
1736257,1.0000,0.0001,0.0075,0.0016,0.0008,-0.0015,0.2307,0
1736423,1.0000,0.0001,0.0075,0.0016,-0.0148,0.0175,0.2203,0
1736590,1.0000,0.0001,0.0075,0.0016,0.0079,0.0028,0.2371,0
1736757,1.0000,0.0001,0.0075,0.0016,-0.0061,0.0206,0.2049,0
1736923,1.0000,0.0001,0.0075,0.0016,-0.0105,0.0198,0.2477,0
1737090,1.0000,0.0001,0.0075,0.0016,-0.0053,0.0215,0.1919,0
1737257,1.0000,0.0001,0.0075,0.0016,0.0020,0.0220,0.2250,0
1737423,1.0000,0.0001,0.0075,0.0016,0.0013,0.0105,0.2056,0
1737590,1.0000,0.0001,0.0075,0.0016,0.0020,0.0189,0.2126,0
1737757,1.0000,0.0001,0.0075,0.0016,0.0031,0.0082,0.2029,0
1737923,1.0000,0.0001,0.0075,0.0016,-0.0147,0.0111,0.2074,0
1738090,1.0000,0.0001,0.0075,0.0016,0.0017,0.0128,0.2192,0
1738257,1.0000,0.0001,0.0075,0.0016,-0.0068,0.0064,0.2003,0
1738423,1.0000,0.0001,0.0075,0.0016,-0.0090,0.0091,0.2211,0
1738590,1.0000,0.0001,0.0075,0.0016,-0.0121,0.0147,0.2070,0
1738757,1.0000,0.0001,0.0075,0.0016,-0.0153,0.0070,0.2306,0
1738923,1.0000,0.0001,0.0075,0.0016,-0.0131,0.0120,0.2231,0
1739090,1.0000,0.0001,0.0075,0.0016,-0.0151,0.0115,0.2294,0
1739257,1.0000,0.0001,0.0075,0.0017,-0.0165,0.0157,0.1949,0
1739423,1.0000,0.0001,0.0075,0.0016,-0.0132,0.0101,0.2313,0
1739590,1.0000,0.0001,0.0075,0.0016,-0.0020,0.0169,0.2172,0
1739757,1.0000,0.0001,0.0075,0.0016,-0.0131,0.0178,0.2376,0
1739923,1.0000,0.0001,0.0075,0.0016,-0.0014,0.0002,0.2069,0
1740090,1.0000,0.0001,0.0075,0.0016,-0.0051,0.0102,0.2108,0
1740257,1.0000,0.0001,0.0075,0.0016,-0.0019,0.0130,0.2032,0
1740423,1.0000,0.0001,0.0075,0.0016,-0.0050,0.0199,0.2383,0
1740590,1.0000,0.0001,0.0075,0.0016,0.0006,0.0178,0.2337,0
1740757,1.0000,0.0001,0.0075,0.0016,-0.0033,0.0197,0.2193,0
1740923,1.0000,0.0001,0.0075,0.0016,-0.0084,0.0015,0.2144,0
1741090,1.0000,0.0001,0.0075,0.0016,-0.0147,0.0008,0.2160,0
1741257,1.0000,0.0001,0.0075,0.0016,0.0014,0.0028,0.2136,0
1741423,1.0000,0.0001,0.0075,0.0016,-0.0073,0.0106,0.2114,0
1741590,1.0000,0.0001,0.0075,0.0016,-0.0087,0.0045,0.2060,0
1741757,1.0000,0.0001,0.0075,0.0016,0.0061,0.0087,0.2393,0
1741923,1.0000,0.0001,0.0075,0.0016,-0.0044,0.0099,0.2266,0
1742090,1.0000,0.0001,0.0075,0.0016,-0.0137,0.0139,0.2130,0
1742257,1.0000,0.0001,0.0075,0.0016,-0.0014,0.0211,0.2041,0
1742423,1.0000,0.0001,0.0075,0.0016,0.0094,0.0062,0.2258,0
1742590,1.0000,0.0001,0.0075,0.0016,-0.0057,0.0123,0.1940,0
1742757,1.0000,0.0001,0.0075,0.0016,-0.0008,0.0131,0.2232,0
1742923,1.0000,0.0001,0.0075,0.0016,-0.0016,0.0173,0.2216,0
1743090,1.0000,0.0001,0.0075,0.0016,0.0009,0.0137,0.2114,0
1743257,1.0000,0.0001,0.0075,0.0016,-0.0068,-0.0001,0.2012,0
1743423,1.0000,0.0001,0.0075,0.0016,-0.0185,0.0217,0.2097,0
1743590,1.0000,0.0001,0.0075,0.0016,-0.0143,0.0166,0.1886,0
1743757,1.0000,0.0001,0.0075,0.0016,-0.0055,0.0258,0.2079,0
1743923,1.0000,0.0001,0.0075,0.0016,-0.0026,0.0066,0.2304,0
1744090,1.0000,0.0001,0.0075,0.0016,-0.0113,0.0115,0.1906,0
1744257,1.0000,0.0001,0.0075,0.0016,0.0106,0.0080,0.2227,0
1744423,1.0000,0.0001,0.0075,0.0016,0.0007,0.0165,0.2180,0
1744590,1.0000,0.0001,0.0074,0.0016,-0.0050,0.0079,0.2277,0
1744757,1.0000,0.0001,0.0075,0.0016,-0.0079,0.0128,0.2253,0
1744923,1.0000,0.0001,0.0075,0.0016,-0.0060,-0.0042,0.1991,0
1745090,1.0000,0.0001,0.0075,0.0017,-0.0030,0.0106,0.2236,0
1745257,1.0000,0.0001,0.0075,0.0016,-0.0069,0.0131,0.2124,0
1745423,1.0000,0.0001,0.0075,0.0016,-0.0117,0.0185,0.2109,0
1745590,1.0000,0.0001,0.0075,0.0016,-0.0165,0.0067,0.1922,0
1745757,1.0000,0.0001,0.0075,0.0016,-0.0101,0.0163,0.2036,0
1745923,1.0000,0.0001,0.0075,0.0016,-0.0113,0.0091,0.2005,0
1746090,1.0000,0.0001,0.0075,0.0016,0.0019,0.0239,0.2170,0
1746257,1.0000,0.0001,0.0075,0.0016,-0.0162,0.0072,0.2111,0
1746423,1.0000,0.0001,0.0075,0.0017,-0.0029,0.0096,0.2251,0
1746590,1.0000,0.0001,0.0075,0.0017,-0.0126,0.0097,0.2233,0
1746757,1.0000,0.0002,0.0076,0.0016,0.0067,0.0082,0.2054,0
1746923,1.0000,0.0002,0.0076,0.0016,0.0043,0.0050,0.2161,0
1747090,1.0000,0.0002,0.0076,0.0016,-0.0013,0.0177,0.2272,0
1747257,1.0000,0.0002,0.0076,0.0016,0.0042,0.0114,0.2090,0
1747423,1.0000,0.0002,0.0076,0.0017,0.0039,0.0089,0.2112,0
1747590,1.0000,0.0002,0.0076,0.0017,-0.0165,0.0079,0.2100,0
1747757,1.0000,0.0002,0.0076,0.0017,-0.0045,0.0140,0.2179,0
1747923,1.0000,0.0002,0.0076,0.0016,-0.0114,0.0101,0.2335,0
1748090,1.0000,0.0002,0.0076,0.0017,-0.0024,0.0085,0.2148,0
1748257,1.0000,0.0002,0.0076,0.0017,-0.0025,0.0193,0.2137,0
1748424,1.0000,0.0002,0.0076,0.0017,-0.0048,0.0092,0.2248,0
1748590,1.0000,0.0002,0.0076,0.0017,-0.0056,0.0077,0.1973,0
1748757,1.0000,0.0002,0.0076,0.0017,-0.0049,0.0058,0.2019,0
1748924,1.0000,0.0002,0.0076,0.0017,-0.0110,0.0075,0.2420,0
1749090,1.0000,0.0002,0.0076,0.0017,-0.0113,0.0162,0.2116,0
1749257,1.0000,0.0002,0.0076,0.0017,-0.0115,0.0173,0.2214,0
1749424,1.0000,0.0002,0.0076,0.0017,-0.0095,0.0322,0.1903,0
1749590,1.0000,0.0001,0.0076,0.0017,-0.0066,0.0089,0.2097,0
1749757,1.0000,0.0001,0.0076,0.0017,-0.0069,0.0287,0.2057,0
1749924,1.0000,0.0001,0.0076,0.0017,-0.0006,0.0233,0.2309,0
1750090,1.0000,0.0001,0.0076,0.0017,-0.0170,0.0206,0.2118,0
1750257,1.0000,0.0001,0.0076,0.0017,0.0047,0.0149,0.2432,0
1750424,1.0000,0.0001,0.0076,0.0017,-0.0101,0.0037,0.2151,0
1750590,0.3880,-0.0069,0.0031,0.9216,-0.0121,-0.0263,0.2154,0
1750757,0.3881,-0.0069,0.0031,0.9216,-0.0028,-0.0161,0.2005,0
1750924,0.3881,-0.0069,0.0031,0.9216,-0.0117,-0.0077,0.2163,0
1751090,0.3881,-0.0069,0.0031,0.9216,-0.0103,-0.0129,0.2145,0
1751257,0.3881,-0.0069,0.0031,0.9216,-0.0019,-0.0103,0.2101,0
1751424,0.3881,-0.0069,0.0031,0.9216,-0.0186,0.0016,0.2166,0
1751590,0.3881,-0.0069,0.0031,0.9216,-0.0185,-0.0040,0.2246,0
1751757,0.3881,-0.0069,0.0031,0.9216,0.0019,-0.0280,0.2255,0
1751924,0.3881,-0.0069,0.0031,0.9216,-0.0121,-0.0166,0.2077,0
1752090
1752257
1752424
