DeviceTag: Movella DOT0,FirmwareVersion: 3.0.0,AppVersion: 2023.6.0,SyncStatus: Unknown (Synced/Un-synced),OutputRate: 60,FilterProfile: Unknown,Measurement Mode: Sensor fusion Mode - Extended (Euler),StartTime: 2026-04-02 14:42:34.424,© Movella Technologies B.V. 2005-2026
SampleTimeFine,Quat_W,Quat_X,Quat_Y,Quat_Z,FreeAcc_X,FreeAcc_Y,FreeAcc_Z,Status
1444378,0.6792,-0.0069,0.0077,0.7338,-0.0071,-0.0154,-0.2839,0
1444544,0.6795,-0.0068,0.0079,0.7336,0.0184,-0.0078,-0.2943,0
1444711,0.6795,-0.0069,0.0079,0.7336,-0.0135,0.0097,-0.2862,0
1444878,0.6798,-0.0068,0.0079,0.7333,0.0032,-0.0050,-0.3051,0
1445044,0.6800,-0.0067,0.0080,0.7332,-0.0036,0.0107,-0.2666,0
1445211,0.6802,-0.0066,0.0080,0.7330,0.0028,-0.0032,-0.2768,0
1445378,0.6801,-0.0065,0.0080,0.7330,0.0056,-0.0010,-0.2811,0
1445544,0.6800,-0.0064,0.0080,0.7332,0.0106,-0.0050,-0.2713,0
1445711,0.6801,-0.0063,0.0080,0.7331,0.0225,-0.0066,-0.2702,0
1445878,0.6801,-0.0062,0.0080,0.7330,0.0195,-0.0057,-0.2759,0
1446044,0.6802,-0.0062,0.0080,0.7329,0.0092,0.0071,-0.2773,0
1446211,0.6802,-0.0061,0.0080,0.7329,0.0033,-0.0145,-0.2848,0
1446378,0.6803,-0.0060,0.0081,0.7329,0.0140,0.0018,-0.2820,0
1446544,0.6803,-0.0059,0.0081,0.7328,0.0179,-0.0152,-0.2925,0
1446711,0.6804,-0.0059,0.0081,0.7328,0.0135,0.0027,-0.2751,0
1446878,0.6805,-0.0058,0.0081,0.7327,0.0234,-0.0048,-0.2743,0
1447044,0.6805,-0.0057,0.0081,0.7326,0.0177,-0.0170,-0.2901,0
1447211,0.6808,-0.0056,0.0081,0.7324,0.0071,-0.0129,-0.2738,0
1447378,0.6810,-0.0055,0.0081,0.7322,0.0270,0.0020,-0.2886,0
1447544,0.6811,-0.0055,0.0081,0.7321,0.0302,-0.0126,-0.2824,0
1447711,0.6812,-0.0054,0.0082,0.7320,0.0193,-0.0014,-0.2887,0
1447878,0.6813,-0.0053,0.0082,0.7319,0.0305,-0.0117,-0.2805,0
1448044,0.6816,-0.0052,0.0082,0.7317,0.0228,-0.0125,-0.2783,0
1448211,0.6819,-0.0052,0.0082,0.7314,0.0181,-0.0118,-0.2782,0
1448378,0.6819,-0.0051,0.0082,0.7314,0.0285,-0.0031,-0.2786,0
1448544,0.6820,-0.0050,0.0083,0.7313,0.0348,-0.0279,-0.2905,0
1448711,0.6823,-0.0049,0.0083,0.7310,0.0259,0.0001,-0.2651,0
1448878,0.6823,-0.0049,0.0083,0.7310,0.0208,-0.0149,-0.3043,0
1449044,0.6823,-0.0048,0.0083,0.7310,0.0281,-0.0020,-0.2697,0
1449211,0.6824,-0.0047,0.0083,0.7309,0.0333,-0.0199,-0.2773,0
1449378,0.6825,-0.0046,0.0083,0.7308,0.0317,-0.0275,-0.2620,0
1449544,0.6826,-0.0046,0.0083,0.7308,0.0384,-0.0342,-0.2850,0
1449711,0.6826,-0.0045,0.0084,0.7307,0.0415,-0.0233,-0.2826,0
1449878,0.6826,-0.0044,0.0084,0.7307,0.0370,-0.0319,-0.2773,0
1450044,0.6827,-0.0044,0.0084,0.7306,0.0501,-0.0292,-0.2962,0
1450211,0.6828,-0.0043,0.0084,0.7306,0.0392,-0.0204,-0.2888,0
1450378,0.6829,-0.0042,0.0084,0.7305,0.0381,-0.0295,-0.2954,0
1450544,0.6827,-0.0041,0.0085,0.7306,0.0509,-0.0292,-0.3025,0
1450711,0.6828,-0.0041,0.0085,0.7305,0.0470,-0.0245,-0.2905,0
1450878,0.6829,-0.0040,0.0085,0.7304,0.0450,-0.0324,-0.2833,0
1451044,0.6830,-0.0039,0.0085,0.7304,0.0501,-0.0204,-0.2722,0
1451211,0.6831,-0.0039,0.0085,0.7303,0.0462,-0.0291,-0.2692,0
1451378,0.6831,-0.0038,0.0086,0.7302,0.0584,-0.0182,-0.2859,0
1451544,0.6832,-0.0037,0.0086,0.7301,0.0494,-0.0305,-0.2767,0
1451711,0.6833,-0.0036,0.0086,0.7301,0.0498,-0.0187,-0.2718,0
1451878,0.6834,-0.0036,0.0086,0.7300,0.0557,-0.0217,-0.3036,0
1452045,0.6835,-0.0035,0.0086,0.7299,0.0625,-0.0402,-0.2743,0
1452211,0.6836,-0.0034,0.0087,0.7298,0.0440,-0.0231,-0.2974,0
1452378,0.6837,-0.0033,0.0087,0.7297,0.0490,-0.0208,-0.2792,0
1452545,0.6841,-0.0033,0.0087,0.7293,0.0488,-0.0377,-0.2739,0
1452711,0.6841,-0.0032,0.0087,0.7293,0.0672,-0.0343,-0.2757,0
1452878,0.6843,-0.0031,0.0087,0.7292,0.0651,-0.0309,-0.2993,0
1453045,0.6846,-0.0031,0.0087,0.7288,0.0659,-0.0465,-0.2655,0
1453211,0.6847,-0.0030,0.0088,0.7288,0.0682,-0.0403,-0.2700,0
1453378,0.6847,-0.0029,0.0088,0.7288,0.0672,-0.0395,-0.3011,0
1453545,0.6846,-0.0028,0.0088,0.7288,0.0606,-0.0376,-0.2498,0
1453711,0.6847,-0.0028,0.0088,0.7288,0.0640,-0.0430,-0.2792,0
1453878,0.6847,-0.0027,0.0088,0.7287,0.0686,-0.0300,-0.2788,0
1454045,0.6848,-0.0026,0.0088,0.7287,0.0715,-0.0367,-0.2914,0
1454211,0.6847,-0.0025,0.0089,0.7288,0.0901,-0.0432,-0.2796,0
1454378,0.6848,-0.0025,0.0089,0.7287,0.0641,-0.0395,-0.2942,0
1454545,0.6850,-0.0024,0.0089,0.7285,0.0766,-0.0392,-0.2669,0
1454711,0.6851,-0.0023,0.0089,0.7284,0.0746,-0.0439,-0.2953,0
1454878,0.6851,-0.0023,0.0089,0.7283,0.0877,-0.0463,-0.2645,0
1455045,0.6853,-0.0022,0.0089,0.7282,0.0746,-0.0428,-0.2898,0
1455211,0.6853,-0.0021,0.0089,0.7282,0.0763,-0.0424,-0.2784,0
1455378,0.6853,-0.0021,0.0090,0.7282,0.0895,-0.0468,-0.2819,0
1455545,0.6854,-0.0020,0.0090,0.7281,0.0760,-0.0537,-0.2441,0
1455711,0.6855,-0.0019,0.0090,0.7280,0.0897,-0.0416,-0.2756,0
1455878,0.6856,-0.0019,0.0090,0.7279,0.0817,-0.0480,-0.2876,0
1456045,0.6856,-0.0018,0.0090,0.7279,0.0853,-0.0466,-0.2906,0
1456211,0.6858,-0.0017,0.0091,0.7277,0.0837,-0.0587,-0.3012,0
1456378,0.6860,-0.0017,0.0091,0.7275,0.0861,-0.0596,-0.2770,0
1456545,0.6862,-0.0016,0.0091,0.7274,0.0758,-0.0451,-0.2546,0
1456711,0.6863,-0.0016,0.0091,0.7273,0.0898,-0.0595,-0.2991,0
1456878,0.6863,-0.0015,0.0091,0.7273,0.0924,-0.0544,-0.2789,0
1457045,0.6863,-0.0014,0.0091,0.7273,0.0841,-0.0436,-0.2928,0
1457211,0.6864,-0.0014,0.0092,0.7272,0.0947,-0.0480,-0.2816,0
1457378,0.6866,-0.0013,0.0092,0.7270,0.1056,-0.0571,-0.2968,0
1457545,0.6867,-0.0012,0.0092,0.7269,0.0807,-0.0598,-0.2721,0
1457711,0.6868,-0.0012,0.0092,0.7268,0.0869,-0.0604,-0.2773,0
1457878,0.6869,-0.0011,0.0092,0.7267,0.0881,-0.0521,-0.2786,0
1458045,0.6869,-0.0011,0.0092,0.7267,0.1034,-0.0575,-0.2901,0
1458211,0.6871,-0.0010,0.0092,0.7265,0.0911,-0.0512,-0.2788,0
1458378,0.6872,-0.0009,0.0093,0.7264,0.0938,-0.0574,-0.2848,0
1458545,0.6873,-0.0009,0.0093,0.7264,0.0995,-0.0398,-0.2803,0
1458711,0.6874,-0.0008,0.0093,0.7262,0.1005,-0.0494,-0.2833,0
1458878,0.6875,-0.0008,0.0093,0.7261,0.1068,-0.0585,-0.2560,0
1459045,0.6876,-0.0007,0.0093,0.7260,0.0955,-0.0645,-0.2874,0
1459211,0.6878,-0.0007,0.0093,0.7259,0.1051,-0.0581,-0.2637,0
1459378,0.6878,-0.0006,0.0093,0.7259,0.1025,-0.0610,-0.2761,0
1459545,0.6878,-0.0006,0.0093,0.7259,0.0986,-0.0480,-0.2853,0
1459711,0.6878,-0.0005,0.0093,0.7259,0.1024,-0.0448,-0.2818,0
1459878,0.6878,-0.0005,0.0094,0.7258,0.1173,-0.0737,-0.2758,0
1460045,0.6879,-0.0004,0.0094,0.7258,0.1108,-0.0570,-0.2801,0
1460211,0.6879,-0.0004,0.0094,0.7257,0.1022,-0.0473,-0.2796,0
1460378,0.6880,-0.0003,0.0094,0.7256,0.1196,-0.0677,-0.2870,0
1460545,0.6881,-0.0003,0.0094,0.7255,0.1159,-0.0760,-0.2707,0
1460711,0.6883,-0.0002,0.0094,0.7254,0.1095,-0.0654,-0.2878,0
1460878,0.6883,-0.0002,0.0094,0.7253,0.1065,-0.0621,-0.2850,0
1461045,0.6884,-0.0002,0.0094,0.7253,0.1096,-0.0766,-0.2996,0
1461211,0.6884,-0.0001,0.0094,0.7252,0.1250,-0.0699,-0.2752,0
1461378,0.6885,-0.0001,0.0094,0.7251,0.1156,-0.0588,-0.2720,0
1461545,0.6886,-0.0000,0.0095,0.7251,0.1068,-0.0683,-0.2837,0
1461711,0.6887,0.0000,0.0095,0.7250,0.1030,-0.0675,-0.2821,0
1461878,0.6888,0.0001,0.0095,0.7249,0.1048,-0.0723,-0.3092,0
1462045,0.6889,0.0001,0.0095,0.7248,0.1053,-0.0687,-0.2823,0
1462211,0.6890,0.0002,0.0095,0.7247,0.1144,-0.0762,-0.3044,0
1462378,0.6892,0.0002,0.0095,0.7245,0.1125,-0.0672,-0.2869,0
1462545,0.6892,0.0002,0.0095,0.7245,0.1133,-0.0681,-0.2737,0
1462711,0.6893,0.0003,0.0095,0.7244,0.1205,-0.0694,-0.2703,0
1462878,0.6893,0.0003,0.0095,0.7244,0.1240,-0.0780,-0.2877,0
1463045,0.6893,0.0004,0.0095,0.7244,0.1264,-0.0712,-0.2798,0
1463211,0.6894,0.0004,0.0095,0.7243,0.1173,-0.0756,-0.2779,0
1463378,0.6894,0.0004,0.0095,0.7243,0.1219,-0.0782,-0.2771,0
1463545,0.6895,0.0005,0.0095,0.7242,0.1109,-0.0889,-0.2903,0
1463711,0.6896,0.0005,0.0095,0.7242,0.1260,-0.0599,-0.2656,0
1463878,0.6896,0.0005,0.0096,0.7241,0.1285,-0.0689,-0.2847,0
1464045,0.6896,0.0006,0.0096,0.7241,0.1256,-0.0644,-0.2515,0
1464211,0.6864,-0.0067,0.0077,0.7272,0.0001,-0.0114,-0.2754,0
1464378,0.6864,-0.0067,0.0077,0.7272,-0.0024,-0.0238,-0.2765,0
1464545,0.6864,-0.0067,0.0077,0.7272,-0.0040,-0.0062,-0.2920,0
1464711,0.6864,-0.0067,0.0077,0.7272,-0.0108,0.0010,-0.2694,0
1464878,0.6864,-0.0067,0.0077,0.7272,-0.0092,-0.0112,-0.2918,0
1465045,0.6864,-0.0067,0.0077,0.7272,0.0073,-0.0022,-0.2733,0
1465211,0.6864,-0.0067,0.0077,0.7272,-0.0008,0.0072,-0.2929,0
1465378,0.6864,-0.0067,0.0078,0.7272,0.0105,-0.0056,-0.2802,0
1465545,0.6864,-0.0067,0.0078,0.7272,-0.0026,-0.0035,-0.2923,0
1465711,0.6864,-0.0067,0.0078,0.7271,0.0064,-0.0094,-0.2724,0
1465878,0.6864,-0.0067,0.0078,0.7271,0.0108,0.0021,-0.2928,0
1466045,0.6864,-0.0067,0.0078,0.7271,0.0005,-0.0108,-0.3056,0
1466211,0.6864,-0.0067,0.0078,0.7271,-0.0010,-0.0074,-0.2826,0
1466378,0.6864,-0.0067,0.0078,0.7271,0.0042,-0.0014,-0.2898,0
1466545,0.6864,-0.0067,0.0078,0.7271,0.0025,0.0062,-0.2852,0
1466711,0.6864,-0.0067,0.0078,0.7271,0.0049,0.0085,-0.3004,0
1466878,0.6864,-0.0067,0.0078,0.7271,0.0014,-0.0123,-0.2992,0
1467045,0.6864,-0.0067,0.0078,0.7271,-0.0208,-0.0087,-0.2770,0
1467211,0.6864,-0.0067,0.0078,0.7271,-0.0023,0.0048,-0.2640,0
1467378,0.6865,-0.0067,0.0078,0.7271,0.0159,0.0010,-0.2828,0
1467545,0.6865,-0.0067,0.0078,0.7271,0.0116,0.0003,-0.2709,0
1467711,0.6865,-0.0067,0.0078,0.7271,0.0143,-0.0070,-0.2956,0
1467878,0.6865,-0.0067,0.0078,0.7271,-0.0087,-0.0026,-0.2823,0
1468045,0.6865,-0.0067,0.0078,0.7271,-0.0011,-0.0132,-0.2833,0
1468211,0.6865,-0.0067,0.0078,0.7271,-0.0138,-0.0174,-0.2889,0
1468378,0.6865,-0.0067,0.0078,0.7271,-0.0135,0.0059,-0.2839,0
1468545,0.6865,-0.0067,0.0078,0.7271,-0.0144,-0.0041,-0.2819,0
1468712,0.6865,-0.0067,0.0078,0.7271,0.0036,-0.0035,-0.2790,0
1468878,0.6865,-0.0067,0.0078,0.7271,0.0028,-0.0013,-0.3011,0
1469045,0.6865,-0.0067,0.0078,0.7270,0.0064,-0.0026,-0.2879,0
1469212,0.6865,-0.0067,0.0078,0.7270,0.0073,-0.0072,-0.3032,0
1469378,0.6865,-0.0067,0.0078,0.7270,0.0127,-0.0219,-0.2539,0
1469545,0.6865,-0.0067,0.0078,0.7270,0.0085,-0.0032,-0.2726,0
1469712,0.6865,-0.0067,0.0078,0.7270,0.0097,-0.0022,-0.2877,0
1469878,0.6865,-0.0067,0.0078,0.7270,0.0009,0.0001,-0.2798,0
1470045,0.6865,-0.0067,0.0078,0.7270,0.0018,-0.0004,-0.2828,0
1470212,0.6865,-0.0067,0.0078,0.7270,0.0174,-0.0064,-0.2610,0
1470378,0.6865,-0.0067,0.0078,0.7270,-0.0091,-0.0019,-0.2811,0
1470545,0.6866,-0.0067,0.0078,0.7270,0.0080,0.0109,-0.2976,0
1470712,0.6864,-0.0067,0.0078,0.7271,-0.0040,-0.0117,-0.2776,0
1470878,0.6863,-0.0067,0.0078,0.7272,-0.0006,-0.0040,-0.2796,0
1471045,0.6863,-0.0067,0.0078,0.7272,-0.0043,0.0097,-0.2656,0
1471212,0.6862,-0.0067,0.0078,0.7274,0.0011,0.0015,-0.2832,0
1471378,0.6862,-0.0067,0.0078,0.7274,0.0053,0.0071,-0.2729,0
1471545,0.6861,-0.0067,0.0078,0.7274,-0.0020,-0.0028,-0.2814,0
1471712,0.6861,-0.0067,0.0078,0.7275,-0.0031,-0.0060,-0.2673,0
1471878,0.6860,-0.0067,0.0078,0.7275,-0.0103,0.0018,-0.2795,0
1472045,0.6860,-0.0067,0.0078,0.7275,-0.0020,-0.0021,-0.2822,0
1472212,0.6861,-0.0067,0.0078,0.7274,0.0028,-0.0088,-0.2959,0
1472378,0.6861,-0.0067,0.0078,0.7274,-0.0010,-0.0075,-0.2677,0
1472545,0.6860,-0.0067,0.0078,0.7275,-0.0018,-0.0043,-0.2881,0
1472712,0.6860,-0.0067,0.0078,0.7276,0.0115,-0.0037,-0.2649,0
1472878,0.6860,-0.0067,0.0078,0.7276,0.0032,0.0054,-0.2809,0
1473045,0.6859,-0.0067,0.0078,0.7276,0.0101,-0.0051,-0.2769,0
1473212,0.6859,-0.0067,0.0078,0.7276,-0.0034,-0.0068,-0.2771,0
1473378,0.6858,-0.0067,0.0078,0.7277,0.0086,-0.0119,-0.2858,0
1473545,0.6858,-0.0067,0.0078,0.7277,0.0013,-0.0034,-0.2749,0
1473712,0.6857,-0.0067,0.0078,0.7278,0.0002,-0.0062,-0.2630,0
1473878,0.6857,-0.0067,0.0078,0.7278,-0.0038,0.0063,-0.2904,0
1474045,0.6857,-0.0067,0.0078,0.7278,0.0001,0.0035,-0.2703,0
1474212,0.6857,-0.0067,0.0078,0.7279,-0.0122,-0.0020,-0.2804,0
1474378,0.6856,-0.0067,0.0078,0.7279,0.0112,-0.0030,-0.3005,0
1474545,0.6856,-0.0067,0.0078,0.7279,0.0059,0.0097,-0.2714,0
1474712,0.6856,-0.0067,0.0078,0.7279,0.0018,-0.0063,-0.2725,0
1474878,0.6856,-0.0067,0.0078,0.7279,-0.0060,-0.0010,-0.2931,0
1475045,0.6855,-0.0067,0.0078,0.7280,-0.0014,-0.0018,-0.2476,0
1475212,0.6855,-0.0067,0.0078,0.7280,-0.0081,-0.0193,-0.2780,0
1475378,0.6855,-0.0067,0.0078,0.7280,-0.0066,0.0096,-0.2736,0
1475545,0.6854,-0.0067,0.0078,0.7281,-0.0040,0.0022,-0.2775,0
1475712,0.6854,-0.0067,0.0078,0.7281,0.0030,-0.0038,-0.2741,0
1475878,0.6854,-0.0067,0.0078,0.7281,-0.0039,-0.0035,-0.2820,0
1476045,0.6853,-0.0067,0.0078,0.7282,-0.0025,-0.0023,-0.2624,0
1476212,0.6853,-0.0067,0.0078,0.7282,-0.0072,-0.0023,-0.2782,0
1476378,0.6852,-0.0067,0.0078,0.7282,0.0111,-0.0079,-0.2649,0
1476545,0.6852,-0.0067,0.0078,0.7282,-0.0096,-0.0022,-0.2921,0
1476712,0.6852,-0.0067,0.0078,0.7283,0.0161,-0.0040,-0.2970,0
1476878,0.6852,-0.0067,0.0078,0.7283,0.0039,-0.0127,-0.3048,0
1477045,0.6852,-0.0067,0.0078,0.7283,-0.0004,0.0024,-0.2698,0
1477212,0.6851,-0.0067,0.0078,0.7284,-0.0089,-0.0062,-0.2813,0
1477378,0.6851,-0.0067,0.0078,0.7284,-0.0091,-0.0000,-0.2850,0
1477545,0.6851,-0.0067,0.0078,0.7284,-0.0084,-0.0045,-0.2514,0
1477712,0.6851,-0.0067,0.0078,0.7284,0.0049,0.0020,-0.2717,0
1477878,0.6851,-0.0067,0.0078,0.7284,0.0012,-0.0197,-0.2761,0
1478045,0.6850,-0.0067,0.0078,0.7284,-0.0083,-0.0089,-0.2740,0
1478212,0.6850,-0.0067,0.0078,0.7285,-0.0045,-0.0015,-0.2628,0
1478378,0.6850,-0.0067,0.0078,0.7285,0.0025,-0.0100,-0.2849,0
1478545,0.6850,-0.0067,0.0078,0.7285,-0.0081,-0.0057,-0.2658,0
1478712,0.6849,-0.0067,0.0078,0.7285,-0.0107,-0.0138,-0.2946,0
1478878,0.6849,-0.0067,0.0078,0.7286,-0.0126,-0.0053,-0.2907,0
1479045,0.6848,-0.0067,0.0078,0.7286,0.0137,-0.0111,-0.2935,0
1479212,0.6848,-0.0067,0.0078,0.7286,-0.0125,-0.0017,-0.2709,0
1479378,0.6848,-0.0067,0.0078,0.7286,0.0005,-0.0137,-0.2828,0
1479545,0.6848,-0.0067,0.0078,0.7287,0.0053,-0.0001,-0.2717,0
1479712,0.6848,-0.0067,0.0077,0.7287,-0.0074,0.0009,-0.3010,0
1479878,0.6848,-0.0067,0.0077,0.7287,-0.0082,-0.0058,-0.2730,0
1480045,0.6847,-0.0067,0.0077,0.7287,-0.0073,-0.0034,-0.2887,0
1480212,0.6847,-0.0067,0.0077,0.7287,-0.0113,-0.0039,-0.2878,0
1480378,0.6847,-0.0067,0.0077,0.7287,-0.0066,-0.0010,-0.2781,0
1480545,0.6847,-0.0067,0.0077,0.7288,0.0030,-0.0087,-0.2834,0
1480712,0.6847,-0.0067,0.0077,0.7288,-0.0047,-0.0098,-0.2768,0
1480878,0.6846,-0.0067,0.0077,0.7288,0.0110,0.0142,-0.2648,0
1481045,0.6846,-0.0067,0.0077,0.7288,-0.0094,-0.0033,-0.2759,0
1481212,0.6846,-0.0067,0.0077,0.7289,-0.0020,-0.0020,-0.2813,0
1481378,0.6845,-0.0067,0.0077,0.7289,-0.0109,-0.0045,-0.2850,0
1481545,0.6845,-0.0066,0.0077,0.7289,-0.0061,-0.0075,-0.2906,0
1481712,0.6845,-0.0066,0.0077,0.7289,-0.0003,0.0009,-0.2834,0
1481878,0.6845,-0.0067,0.0077,0.7290,-0.0054,-0.0142,-0.2851,0
1482045,0.6845,-0.0067,0.0077,0.7290,0.0025,0.0083,-0.2877,0
1482212,0.6843,-0.0066,0.0077,0.7291,-0.0027,0.0003,-0.2638,0
1482378,0.6843,-0.0066,0.0077,0.7291,-0.0097,-0.0140,-0.2834,0
1482545,0.6843,-0.0066,0.0077,0.7291,0.0088,-0.0041,-0.2695,0
1482712,0.6843,-0.0066,0.0078,0.7292,-0.0007,0.0023,-0.2718,0
1482878,0.6843,-0.0066,0.0078,0.7292,0.0045,-0.0131,-0.2619,0
1483045,0.6842,-0.0066,0.0078,0.7292,-0.0085,0.0041,-0.2764,0
1483212,0.6842,-0.0066,0.0078,0.7292,0.0097,0.0078,-0.2658,0
1483378,0.6842,-0.0066,0.0078,0.7293,0.0042,-0.0043,-0.2778,0
1483545,0.6842,-0.0066,0.0078,0.7293,0.0009,-0.0092,-0.2947,0
1483712,0.6841,-0.0066,0.0078,0.7293,-0.0007,-0.0139,-0.2801,0
1483878,0.6841,-0.0066,0.0078,0.7293,0.0064,0.0025,-0.2792,0
1484045,0.6841,-0.0066,0.0078,0.7293,0.0024,0.0013,-0.2791,0
1484212,0.6841,-0.0067,0.0078,0.7293,-0.0025,0.0065,-0.2720,0
1484378,0.6841,-0.0067,0.0078,0.7293,-0.0055,-0.0007,-0.2694,0
1484545,0.6841,-0.0067,0.0078,0.7293,0.0006,0.0010,-0.2845,0
1484712,0.6841,-0.0067,0.0078,0.7293,0.0030,-0.0009,-0.2797,0
1484878,0.6841,-0.0067,0.0078,0.7293,-0.0078,-0.0099,-0.2666,0
1485045,0.6841,-0.0067,0.0078,0.7293,-0.0041,-0.0163,-0.2854,0
1485212,0.6841,-0.0067,0.0078,0.7293,-0.0099,-0.0005,-0.2756,0
1485379,0.6841,-0.0067,0.0078,0.7293,-0.0079,0.0025,-0.2517,0
1485545,0.6841,-0.0067,0.0078,0.7293,0.0042,-0.0029,-0.2758,0
1485712,0.6841,-0.0067,0.0078,0.7294,-0.0062,0.0121,-0.2657,0
1485879,0.6840,-0.0067,0.0078,0.7294,0.0067,-0.0038,-0.2644,0
1486045,0.6840,-0.0067,0.0078,0.7294,0.0005,0.0075,-0.2953,0
1486212,0.6840,-0.0067,0.0078,0.7294,0.0066,-0.0118,-0.2740,0
1486379,0.6840,-0.0067,0.0078,0.7294,-0.0077,-0.0113,-0.2806,0
1486545,0.6840,-0.0067,0.0078,0.7294,-0.0018,0.0036,-0.2816,0
1486712,0.6840,-0.0067,0.0078,0.7294,0.0030,-0.0066,-0.2800,0
1486879,0.6840,-0.0067,0.0078,0.7294,-0.0037,0.0091,-0.2678,0
1487045,0.6840,-0.0067,0.0078,0.7294,0.0043,-0.0002,-0.2777,0
1487212,0.6839,-0.0067,0.0078,0.7295,-0.0076,-0.0084,-0.3040,0
1487379,0.6839,-0.0067,0.0078,0.7295,0.0049,0.0027,-0.2666,0
1487545,0.6839,-0.0067,0.0078,0.7295,0.0083,-0.0032,-0.2826,0
1487712,0.6839,-0.0068,0.0078,0.7295,-0.0030,-0.0027,-0.2724,0
1487879,0.6839,-0.0068,0.0078,0.7295,-0.0014,-0.0098,-0.2962,0
1488045,0.6839,-0.0068,0.0078,0.7295,-0.0015,0.0030,-0.2889,0
1488212,0.6838,-0.0068,0.0078,0.7296,-0.0096,0.0047,-0.2798,0
1488379,0.6838,-0.0068,0.0078,0.7296,0.0029,0.0090,-0.2572,0
1488545,0.6839,-0.0068,0.0078,0.7295,0.0073,0.0081,-0.2759,0
1488712,0.6838,-0.0068,0.0078,0.7296,0.0054,0.0017,-0.2893,0
1488879,0.6838,-0.0068,0.0078,0.7296,0.0095,-0.0160,-0.2659,0
1489045,0.6838,-0.0068,0.0078,0.7296,0.0135,-0.0089,-0.2993,0
1489212,0.6838,-0.0068,0.0078,0.7296,0.0031,-0.0130,-0.2865,0
1489379,0.6838,-0.0068,0.0077,0.7296,-0.0059,-0.0195,-0.2866,0
1489545,0.6838,-0.0068,0.0078,0.7296,-0.0076,0.0111,-0.2698,0
1489712,0.6838,-0.0068,0.0078,0.7296,0.0069,0.0022,-0.2851,0
1489879,0.6838,-0.0068,0.0078,0.7296,-0.0085,0.0026,-0.2750,0
1490045,0.6837,-0.0068,0.0077,0.7296,-0.0065,0.0096,-0.2841,0
1490212,0.6837,-0.0068,0.0077,0.7296,0.0034,0.0050,-0.2765,0
1490379,0.6837,-0.0068,0.0077,0.7297,0.0054,-0.0053,-0.2774,0
1490545,0.6837,-0.0068,0.0077,0.7297,0.0119,-0.0047,-0.2998,0
1490712,0.6837,-0.0068,0.0077,0.7297,0.0120,-0.0081,-0.2816,0
1490879,0.6837,-0.0068,0.0077,0.7297,-0.0029,0.0001,-0.2658,0
1491045,0.6837,-0.0068,0.0077,0.7297,0.0063,0.0005,-0.2844,0
1491212,0.6837,-0.0068,0.0077,0.7297,0.0021,-0.0077,-0.2852,0
1491379,0.6837,-0.0068,0.0077,0.7297,-0.0097,-0.0011,-0.2787,0
1491545,0.6837,-0.0068,0.0077,0.7297,-0.0010,0.0037,-0.2786,0
1491712,0.6836,-0.0067,0.0077,0.7297,0.0081,0.0005,-0.2710,0
1491879,0.6836,-0.0067,0.0077,0.7298,-0.0026,0.0017,-0.2805,0
1492045,0.6836,-0.0067,0.0077,0.7298,-0.0011,-0.0003,-0.3008,0
1492212,0.6836,-0.0067,0.0077,0.7298,-0.0070,-0.0074,-0.2716,0
1492379,0.6836,-0.0067,0.0077,0.7298,-0.0000,-0.0058,-0.2937,0
1492545,0.6836,-0.0067,0.0077,0.7298,0.0036,0.0026,-0.2773,0
1492712,0.6836,-0.0067,0.0077,0.7298,-0.0051,-0.0017,-0.2939,0
1492879,0.6836,-0.0067,0.0077,0.7298,-0.0120,-0.0088,-0.2756,0
1493045,0.6835,-0.0067,0.0077,0.7299,0.0003,-0.0047,-0.2754,0
1493212,0.6835,-0.0068,0.0077,0.7299,-0.0026,-0.0060,-0.2751,0
1493379,0.6835,-0.0068,0.0077,0.7299,-0.0049,-0.0074,-0.2628,0
1493545,0.6835,-0.0068,0.0077,0.7299,-0.0083,-0.0037,-0.2587,0
1493712,0.6835,-0.0068,0.0077,0.7299,-0.0050,-0.0017,-0.2936,0
1493879,0.6835,-0.0068,0.0077,0.7299,0.0024,0.0019,-0.2585,0
1494045,0.6835,-0.0068,0.0077,0.7299,0.0043,-0.0035,-0.2545,0
1494212,0.6835,-0.0068,0.0077,0.7299,-0.0083,-0.0074,-0.2761,0
1494379,0.6834,-0.0068,0.0077,0.7299,-0.0187,-0.0194,-0.2562,0
1494545,0.6834,-0.0068,0.0077,0.7299,0.0044,-0.0120,-0.2727,0
1494712,0.6834,-0.0068,0.0077,0.7300,-0.0023,0.0085,-0.2796,0
1494879,0.6834,-0.0068,0.0076,0.7300,-0.0072,0.0005,-0.2826,0
1495045,0.6834,-0.0068,0.0077,0.7300,-0.0116,0.0051,-0.2801,0
1495212,0.6834,-0.0068,0.0076,0.7300,0.0063,-0.0027,-0.2890,0
1495379,0.6834,-0.0068,0.0076,0.7300,0.0048,0.0059,-0.2960,0
1495545,0.6834,-0.0068,0.0076,0.7300,0.0001,0.0104,-0.2940,0
1495712,0.6833,-0.0068,0.0076,0.7300,-0.0053,-0.0027,-0.2677,0
1495879,0.6833,-0.0068,0.0076,0.7300,-0.0075,-0.0094,-0.2771,0
1496045,0.6833,-0.0068,0.0076,0.7300,0.0018,-0.0014,-0.2757,0
1496212,0.6833,-0.0068,0.0076,0.7301,0.0015,-0.0015,-0.2711,0
1496379,0.6833,-0.0068,0.0076,0.7301,-0.0055,-0.0001,-0.2598,0
1496545,0.6833,-0.0068,0.0076,0.7301,-0.0089,-0.0043,-0.2557,0
1496712,0.6833,-0.0068,0.0076,0.7301,-0.0018,0.0026,-0.2747,0
1496879,0.6833,-0.0068,0.0076,0.7300,0.0019,-0.0033,-0.2954,0
1497045,0.6833,-0.0068,0.0076,0.7300,-0.0106,0.0000,-0.2972,0
1497212,0.6833,-0.0068,0.0076,0.7300,-0.0174,-0.0119,-0.2862,0
1497379,0.6833,-0.0068,0.0076,0.7300,0.0114,-0.0108,-0.2659,0
1497545,0.6833,-0.0068,0.0076,0.7301,0.0081,-0.0123,-0.2754,0
1497712,0.6833,-0.0068,0.0076,0.7301,-0.0054,-0.0074,-0.2775,0
1497879,0.6833,-0.0068,0.0076,0.7301,-0.0105,-0.0231,-0.2787,0
1498045,0.6833,-0.0068,0.0076,0.7301,-0.0100,-0.0179,-0.2797,0
1498212,0.6833,-0.0068,0.0076,0.7301,-0.0122,-0.0031,-0.2895,0
1498379,0.6832,-0.0068,0.0076,0.7301,-0.0196,0.0006,-0.2542,0
1498545,0.6832,-0.0068,0.0076,0.7301,-0.0038,0.0087,-0.3008,0
1498712,0.6832,-0.0068,0.0076,0.7301,-0.0023,-0.0089,-0.2781,0
1498879,0.6832,-0.0068,0.0076,0.7301,-0.0006,0.0013,-0.2785,0
1499045,0.6832,-0.0068,0.0076,0.7302,-0.0029,-0.0201,-0.2740,0
1499212,0.6832,-0.0068,0.0076,0.7302,-0.0003,-0.0024,-0.2682,0
1499379,0.6832,-0.0068,0.0076,0.7302,-0.0028,0.0125,-0.2537,0
1499545,0.6832,-0.0068,0.0076,0.7302,-0.0134,-0.0077,-0.2698,0
1499712,0.6832,-0.0068,0.0076,0.7302,-0.0035,0.0088,-0.2797,0
1499879,0.6832,-0.0068,0.0076,0.7302,-0.0097,-0.0010,-0.2792,0
1500045,0.6832,-0.0068,0.0076,0.7302,0.0065,0.0121,-0.3001,0
1500212,0.6832,-0.0068,0.0076,0.7302,-0.0123,-0.0034,-0.2786,0
1500379,0.6831,-0.0068,0.0076,0.7302,-0.0044,-0.0085,-0.2727,0
1500545,0.6831,-0.0068,0.0076,0.7302,-0.0099,0.0041,-0.2767,0
1500712,0.9999,0.0009,0.0101,-0.0000,-0.0091,-0.0021,-0.2881,0
1500879,0.9999,0.0009,0.0101,-0.0000,-0.0250,-0.0089,-0.2775,0
1501045,0.9999,0.0009,0.0101,0.0000,-0.0175,0.0045,-0.2684,0
1501212,0.9999,0.0009,0.0101,0.0000,-0.0086,0.0032,-0.2712,0
1501379,0.9999,0.0009,0.0101,0.0000,-0.0019,-0.0007,-0.3013,0
1501545,0.9999,0.0009,0.0101,0.0000,-0.0052,0.0150,-0.2651,0
1501712,0.9999,0.0009,0.0101,0.0001,-0.0026,-0.0117,-0.2822,0
1501879,0.9999,0.0009,0.0101,0.0001,-0.0085,-0.0026,-0.2642,0
1502046,0.9999,0.0009,0.0101,0.0001,-0.0034,0.0064,-0.2917,0
1502212,0.9999,0.0009,0.0101,0.0001,-0.0127,-0.0058,-0.2698,0
1502379,0.9999,0.0009,0.0101,0.0001,-0.0037,-0.0019,-0.2498,0
1502546,0.9999,0.0009,0.0101,0.0001,-0.0007,0.0025,-0.3002,0
1502712,0.9999,0.0009,0.0101,0.0002,-0.0032,0.0131,-0.2799,0
1502879,0.9999,0.0009,0.0101,0.0002,0.0004,0.0147,-0.2861,0
1503046,0.9999,0.0009,0.0101,0.0002,-0.0080,-0.0023,-0.3053,0
1503212,0.9999,0.0009,0.0101,0.0002,-0.0025,-0.0025,-0.2652,0
1503379,0.9999,0.0009,0.0101,0.0002,-0.0108,0.0124,-0.2424,0
1503546,0.9999,0.0009,0.0101,0.0002,0.0044,-0.0024,-0.2751,0
1503712,0.9999,0.0009,0.0101,0.0002,-0.0144,-0.0081,-0.2861,0
1503879,0.9999,0.0009,0.0101,0.0002,0.0017,0.0172,-0.2747,0
1504046,0.9999,0.0009,0.0101,0.0002,-0.0017,-0.0046,-0.2915,0
1504212,0.9999,0.0010,0.0102,0.0003,-0.0174,0.0142,-0.2771,0
1504379,0.9999,0.0010,0.0102,0.0003,-0.0083,-0.0029,-0.2785,0
1504546,0.9999,0.0010,0.0102,0.0003,-0.0001,0.0061,-0.2999,0
1504712,0.9999,0.0010,0.0102,0.0003,0.0095,0.0002,-0.2874,0
1504879,0.9999,0.0010,0.0102,0.0003,0.0041,-0.0022,-0.2763,0
1505046,0.9999,0.0010,0.0102,0.0003,0.0087,-0.0052,-0.2714,0
1505212,0.9999,0.0010,0.0102,0.0003,0.0022,0.0049,-0.2926,0
1505379,0.9999,0.0010,0.0102,0.0003,-0.0016,0.0154,-0.3043,0
1505546,0.9999,0.0010,0.0102,0.0003,0.0020,-0.0051,-0.2821,0
1505712,0.9999,0.0010,0.0102,0.0003,0.0016,0.0052,-0.2638,0
1505879,0.9999,0.0010,0.0102,0.0003,-0.0023,0.0052,-0.2747,0
1506046,0.9999,0.0010,0.0102,0.0003,-0.0103,-0.0055,-0.2779,0
1506212,0.9999,0.0010,0.0102,0.0003,0.0064,-0.0020,-0.2742,0
1506379,0.9999,0.0010,0.0102,0.0004,0.0056,0.0072,-0.2665,0
1506546,0.9999,0.0010,0.0102,0.0004,-0.0174,0.0076,-0.2792,0
1506712,0.9999,0.0010,0.0102,0.0004,0.0043,0.0019,-0.2652,0
1506879,0.9999,0.0010,0.0102,0.0004,0.0008,0.0035,-0.2580,0
1507046,0.9999,0.0010,0.0102,0.0004,-0.0053,-0.0028,-0.2879,0
1507212,0.9999,0.0011,0.0102,0.0004,-0.0046,-0.0076,-0.2650,0
1507379,0.9999,0.0011,0.0102,0.0004,-0.0095,0.0026,-0.2720,0
1507546,0.9999,0.0011,0.0102,0.0004,-0.0009,-0.0076,-0.2893,0
1507712,0.9999,0.0011,0.0102,0.0004,-0.0099,-0.0011,-0.2442,0
1507879,0.9999,0.0011,0.0102,0.0004,-0.0062,0.0113,-0.3230,0
1508046,0.9999,0.0010,0.0102,0.0005,-0.0044,0.0002,-0.2586,0
1508212,0.9999,0.0011,0.0102,0.0005,0.0021,0.0254,-0.2866,0
1508379,0.9999,0.0011,0.0102,0.0005,-0.0003,0.0003,-0.2817,0
1508546,0.9999,0.0011,0.0102,0.0005,-0.0206,0.0049,-0.2732,0
1508712,0.9999,0.0011,0.0102,0.0005,0.0005,-0.0007,-0.2609,0
1508879,0.9999,0.0011,0.0102,0.0005,0.0183,-0.0082,-0.2682,0
1509046,0.9999,0.0011,0.0102,0.0005,-0.0015,-0.0083,-0.2683,0
1509212,0.9999,0.0011,0.0102,0.0004,-0.0015,-0.0054,-0.2700,0
1509379,0.9999,0.0011,0.0102,0.0004,0.0087,-0.0021,-0.2816,0
1509546,0.9999,0.0010,0.0102,0.0004,0.0124,-0.0097,-0.2630,0
1509712,0.9999,0.0010,0.0102,0.0004,0.0075,-0.0149,-0.2893,0
1509879,0.9999,0.0010,0.0102,0.0005,-0.0124,0.0025,-0.2458,0
1510046,0.9999,0.0010,0.0102,0.0005,-0.0057,0.0098,-0.2936,0
1510212,0.9999,0.0010,0.0102,0.0005,0.0021,0.0079,-0.2716,0
1510379,0.9999,0.0010,0.0102,0.0005,0.0008,0.0054,-0.2843,0
1510546,0.9999,0.0010,0.0102,0.0005,0.0008,-0.0109,-0.2753,0
1510712,0.9999,0.0010,0.0102,0.0005,-0.0126,-0.0100,-0.2735,0
1510879,0.9999,0.0011,0.0102,0.0005,0.0074,-0.0169,-0.2715,0
1511046,0.9999,0.0011,0.0102,0.0005,0.0092,-0.0174,-0.2772,0
1511212,0.9999,0.0010,0.0102,0.0005,-0.0096,-0.0127,-0.2637,0
1511379,0.9999,0.0010,0.0102,0.0005,-0.0085,-0.0060,-0.2724,0
1511546,0.9999,0.0010,0.0102,0.0005,-0.0161,-0.0048,-0.2827,0
1511712,0.9999,0.0010,0.0102,0.0005,0.0041,0.0103,-0.2658,0
1511879,0.9999,0.0010,0.0102,0.0005,0.0129,-0.0076,-0.2630,0
1512046,0.9999,0.0010,0.0102,0.0005,0.0112,-0.0003,-0.2783,0
1512212,0.9999,0.0011,0.0102,0.0005,-0.0088,-0.0075,-0.2958,0
1512379,0.9999,0.0011,0.0102,0.0005,-0.0143,-0.0007,-0.2757,0
1512546,0.9999,0.0011,0.0102,0.0006,0.0047,-0.0035,-0.2754,0
1512712,0.9999,0.0011,0.0102,0.0005,0.0024,-0.0003,-0.2767,0
1512879,0.9999,0.0011,0.0102,0.0006,-0.0142,0.0083,-0.2794,0
1513046,0.9999,0.0011,0.0102,0.0005,-0.0062,0.0038,-0.2760,0
1513212,0.9999,0.0011,0.0102,0.0005,0.0096,0.0030,-0.2839,0
1513379,0.9999,0.0011,0.0102,0.0005,0.0076,-0.0171,-0.2427,0
1513546,0.9999,0.0011,0.0102,0.0006,-0.0102,-0.0041,-0.2886,0
1513712,0.9999,0.0011,0.0102,0.0006,-0.0068,-0.0003,-0.2638,0
1513879,0.9999,0.0011,0.0102,0.0006,0.0018,0.0014,-0.2720,0
1514046,0.9999,0.0011,0.0102,0.0006,-0.0138,0.0056,-0.2770,0
1514212,0.9999,0.0011,0.0102,0.0006,0.0092,-0.0073,-0.2664,0
1514379,0.9999,0.0011,0.0102,0.0006,-0.0046,0.0107,-0.2819,0
1514546,0.9999,0.0010,0.0102,0.0006,-0.0050,0.0083,-0.2780,0
1514712,0.9999,0.0010,0.0102,0.0006,-0.0151,0.0017,-0.2770,0
1514879,0.9999,0.0010,0.0102,0.0006,0.0023,-0.0206,-0.2883,0
1515046,0.9999,0.0010,0.0102,0.0006,0.0127,-0.0083,-0.2803,0
1515212,0.9999,0.0010,0.0102,0.0006,0.0016,0.0126,-0.2381,0
1515379,0.9999,0.0010,0.0102,0.0006,-0.0022,0.0134,-0.2821,0
1515546,0.9999,0.0010,0.0102,0.0006,-0.0078,-0.0030,-0.2827,0
1515712,0.9999,0.0010,0.0102,0.0006,-0.0017,-0.0054,-0.2717,0
1515879,0.9999,0.0010,0.0102,0.0006,-0.0070,-0.0037,-0.2851,0
1516046,0.9999,0.0010,0.0102,0.0006,0.0003,0.0100,-0.2635,0
1516212,0.9999,0.0010,0.0102,0.0006,-0.0002,0.0064,-0.2670,0
1516379,0.9999,0.0010,0.0102,0.0006,-0.0099,0.0099,-0.2818,0
1516546,0.9999,0.0010,0.0102,0.0006,-0.0109,-0.0002,-0.2564,0
1516712,0.9999,0.0010,0.0102,0.0007,-0.0070,-0.0039,-0.2681,0
1516879,0.9999,0.0010,0.0102,0.0007,0.0055,-0.0062,-0.2786,0
1517046,0.9999,0.0010,0.0101,0.0007,-0.0070,-0.0013,-0.2675,0
1517212,0.9999,0.0010,0.0101,0.0007,-0.0023,0.0086,-0.2742,0
1517379,0.9999,0.0010,0.0102,0.0007,-0.0035,-0.0001,-0.2812,0
1517546,0.9999,0.0010,0.0102,0.0007,0.0017,0.0131,-0.2615,0
1517712,0.9999,0.0010,0.0101,0.0007,0.0017,-0.0050,-0.2668,0
1517879,0.9999,0.0010,0.0102,0.0008,-0.0022,0.0126,-0.2650,0
1518046,0.9999,0.0010,0.0101,0.0008,-0.0092,0.0093,-0.2763,0
1518212,0.9999,0.0010,0.0101,0.0008,-0.0077,0.0026,-0.2675,0
1518379,0.9999,0.0010,0.0102,0.0008,0.0064,-0.0030,-0.2786,0
1518546,0.9999,0.0009,0.0102,0.0008,-0.0096,0.0001,-0.2787,0
1518713,0.9999,0.0009,0.0102,0.0008,0.0091,-0.0020,-0.2538,0
1518879,0.9999,0.0009,0.0102,0.0008,0.0023,-0.0002,-0.2686,0
1519046,0.9999,0.0009,0.0102,0.0008,0.0110,-0.0037,-0.2786,0
1519213,0.9999,0.0009,0.0102,0.0008,0.0196,-0.0045,-0.2849,0
1519379,0.9999,0.0009,0.0102,0.0008,0.0018,0.0004,-0.2800,0
1519546,0.9999,0.0009,0.0101,0.0008,-0.0055,-0.0145,-0.2960,0
1519713,0.9999,0.0010,0.0101,0.0008,0.0008,0.0060,-0.2805,0
1519879,0.9999,0.0009,0.0101,0.0009,0.0009,0.0009,-0.2977,0
1520046,0.9999,0.0009,0.0101,0.0009,-0.0005,-0.0058,-0.2936,0
1520213,0.9999,0.0009,0.0102,0.0009,-0.0112,0.0146,-0.2741,0
1520379,0.9999,0.0009,0.0102,0.0009,0.0015,0.0047,-0.2778,0
1520546,0.9999,0.0009,0.0101,0.0009,0.0145,0.0011,-0.2518,0
1520713,0.9999,0.0009,0.0101,0.0009,0.0087,0.0102,-0.2544,0
1520879,0.9999,0.0009,0.0101,0.0009,-0.0090,-0.0029,-0.2789,0
1521046,0.9999,0.0009,0.0101,0.0009,-0.0087,0.0028,-0.2774,0
1521213,0.9999,0.0009,0.0101,0.0009,0.0047,-0.0066,-0.2843,0
1521379,0.9999,0.0009,0.0102,0.0009,-0.0102,-0.0046,-0.2762,0
1521546,0.9999,0.0009,0.0101,0.0009,-0.0117,0.0063,-0.3042,0
1521713,0.9999,0.0009,0.0102,0.0009,-0.0017,-0.0094,-0.2959,0
1521879,0.9999,0.0009,0.0102,0.0009,-0.0084,0.0111,-0.2904,0
1522046,0.9999,0.0009,0.0102,0.0009,0.0071,0.0002,-0.2666,0
1522213,0.9999,0.0009,0.0102,0.0009,-0.0077,-0.0014,-0.2788,0
1522379,0.9999,0.0009,0.0102,0.0009,0.0113,-0.0016,-0.2672,0
1522546,0.9999,0.0009,0.0102,0.0009,0.0010,0.0190,-0.2851,0
1522713,0.9999,0.0009,0.0102,0.0010,-0.0023,0.0051,-0.2716,0
1522879,0.9999,0.0009,0.0102,0.0010,0.0106,-0.0034,-0.2673,0
1523046,0.9999,0.0009,0.0102,0.0010,-0.0070,0.0102,-0.2674,0
1523213,0.9999,0.0009,0.0101,0.0010,-0.0133,0.0030,-0.2753,0
1523379,0.9999,0.0009,0.0101,0.0010,-0.0004,0.0049,-0.2857,0
1523546,0.9999,0.0009,0.0101,0.0010,-0.0077,0.0053,-0.2879,0
1523713,0.9999,0.0009,0.0101,0.0010,-0.0030,0.0092,-0.2692,0
1523879,0.9999,0.0009,0.0102,0.0010,0.0064,0.0057,-0.2775,0
1524046,0.9999,0.0008,0.0102,0.0010,-0.0070,0.0078,-0.2787,0
1524213,0.9999,0.0009,0.0102,0.0011,0.0050,0.0054,-0.2890,0
1524379,0.9999,0.0009,0.0102,0.0011,-0.0165,0.0133,-0.2732,0
1524546,0.9999,0.0009,0.0102,0.0011,-0.0078,0.0121,-0.2794,0
1524713,0.9999,0.0009,0.0102,0.0011,0.0135,0.0127,-0.2725,0
1524879,0.9999,0.0009,0.0102,0.0011,0.0025,0.0105,-0.2814,0
1525046,0.9999,0.0009,0.0102,0.0011,0.0052,0.0048,-0.2830,0
1525213,0.9999,0.0009,0.0102,0.0011,-0.0042,0.0104,-0.2742,0
1525379,0.9999,0.0009,0.0102,0.0011,0.0089,-0.0025,-0.3097,0
1525546,0.9999,0.0009,0.0102,0.0011,0.0049,0.0138,-0.2824,0
1525713,0.9999,0.0009,0.0102,0.0011,0.0040,0.0075,-0.2747,0
1525879,0.9999,0.0009,0.0102,0.0011,-0.0035,-0.0075,-0.2725,0
1526046,0.9999,0.0009,0.0102,0.0011,0.0042,0.0076,-0.2743,0
1526213,0.9999,0.0009,0.0102,0.0011,0.0019,-0.0105,-0.2753,0
1526379,0.9999,0.0009,0.0102,0.0011,-0.0029,0.0013,-0.2623,0
1526546,0.9999,0.0009,0.0102,0.0012,-0.0103,0.0084,-0.2791,0
1526713,0.9999,0.0009,0.0102,0.0012,0.0102,-0.0027,-0.2635,0
1526879,0.9999,0.0009,0.0102,0.0012,-0.0022,0.0009,-0.2559,0
1527046,0.9999,0.0009,0.0102,0.0012,-0.0004,0.0077,-0.2814,0
1527213,0.9999,0.0009,0.0102,0.0012,0.0009,0.0063,-0.2678,0
1527379,0.9999,0.0009,0.0102,0.0012,0.0077,0.0017,-0.2707,0
1527546,0.9999,0.0009,0.0102,0.0012,0.0027,0.0120,-0.2848,0
1527713,0.9999,0.0009,0.0102,0.0012,0.0007,0.0029,-0.2907,0
1527879,0.9999,0.0009,0.0102,0.0012,0.0122,-0.0117,-0.2663,0
1528046,0.9999,0.0009,0.0102,0.0013,-0.0025,-0.0013,-0.2876,0
1528213,0.9999,0.0009,0.0102,0.0013,0.0037,-0.0065,-0.2610,0
1528379,0.9999,0.0009,0.0102,0.0013,-0.0052,-0.0040,-0.2891,0
1528546,0.9999,0.0009,0.0102,0.0013,0.0153,0.0106,-0.2702,0
1528713,0.9999,0.0009,0.0102,0.0013,0.0021,0.0070,-0.2907,0
1528879,0.9999,0.0009,0.0102,0.0013,0.0040,-0.0018,-0.2748,0
1529046,0.9999,0.0009,0.0102,0.0013,0.0105,0.0078,-0.2724,0
1529213,0.9999,0.0009,0.0102,0.0013,-0.0051,-0.0105,-0.2820,0
1529379,0.9999,0.0008,0.0102,0.0012,-0.0097,-0.0015,-0.2776,0
1529546,0.9999,0.0008,0.0102,0.0012,0.0083,-0.0009,-0.2781,0
1529713,0.9999,0.0008,0.0102,0.0013,0.0003,0.0078,-0.2650,0
1529879,0.9999,0.0008,0.0102,0.0012,-0.0014,-0.0023,-0.2891,0
1530046,0.9999,0.0008,0.0102,0.0012,-0.0078,-0.0092,-0.2847,0
1530213,0.9999,0.0008,0.0102,0.0013,-0.0012,0.0094,-0.2665,0
1530379,0.9999,0.0008,0.0102,0.0012,0.0012,0.0006,-0.2881,0
1530546,0.9999,0.0008,0.0102,0.0012,0.0087,0.0030,-0.2580,0
1530713,0.9999,0.0008,0.0102,0.0013,-0.0131,0.0006,-0.2878,0
1530879,0.9999,0.0008,0.0102,0.0013,-0.0038,-0.0062,-0.2875,0
1531046,0.9999,0.0008,0.0102,0.0012,-0.0028,0.0047,-0.2765,0
1531213,0.9999,0.0008,0.0102,0.0013,0.0001,-0.0080,-0.3000,0
1531379,0.9999,0.0008,0.0102,0.0013,0.0023,-0.0068,-0.2826,0
1531546,0.9999,0.0008,0.0102,0.0013,0.0060,0.0098,-0.2867,0
1531713,0.9999,0.0008,0.0102,0.0013,-0.0076,0.0078,-0.2819,0
1531879,0.9999,0.0008,0.0102,0.0013,-0.0156,0.0115,-0.2698,0
1532046,0.9999,0.0008,0.0102,0.0013,-0.0020,-0.0053,-0.2788,0
1532213,0.9999,0.0008,0.0102,0.0013,-0.0193,0.0002,-0.2844,0
1532379,0.9999,0.0008,0.0102,0.0013,-0.0028,0.0010,-0.2694,0
1532546,0.9999,0.0008,0.0102,0.0013,-0.0061,0.0051,-0.3021,0
1532713,0.9999,0.0008,0.0102,0.0013,-0.0023,-0.0019,-0.2521,0
1532879,0.9999,0.0008,0.0102,0.0013,-0.0121,-0.0086,-0.2900,0
1533046,0.9999,0.0008,0.0102,0.0013,0.0104,-0.0092,-0.2701,0
1533213,0.9999,0.0008,0.0102,0.0013,-0.0004,0.0167,-0.2657,0
1533379,0.9999,0.0008,0.0102,0.0014,-0.0076,-0.0055,-0.2782,0
1533546,0.9999,0.0008,0.0102,0.0014,-0.0026,0.0098,-0.2580,0
1533713,0.9999,0.0008,0.0102,0.0014,-0.0009,0.0128,-0.2592,0
1533879,0.9999,0.0008,0.0102,0.0014,-0.0051,0.0058,-0.2513,0
1534046,0.9999,0.0008,0.0102,0.0014,-0.0184,0.0021,-0.2838,0
1534213,0.9999,0.0008,0.0103,0.0014,0.0071,-0.0060,-0.2840,0
1534379,0.9999,0.0008,0.0103,0.0014,0.0105,-0.0056,-0.2850,0
1534546,0.9999,0.0008,0.0102,0.0014,-0.0098,0.0119,-0.2632,0
1534713,0.9999,0.0008,0.0102,0.0014,-0.0089,0.0078,-0.2819,0
1534879,0.9999,0.0008,0.0102,0.0014,0.0045,0.0064,-0.2929,0
1535046,0.9999,0.0008,0.0102,0.0014,0.0072,-0.0030,-0.2817,0
1535213,0.9999,0.0008,0.0102,0.0014,-0.0024,0.0141,-0.2885,0
1535380,0.9999,0.0008,0.0102,0.0014,-0.0132,-0.0009,-0.2954,0
1535546,0.9999,0.0008,0.0102,0.0014,-0.0096,-0.0007,-0.2803,0
1535713,0.9999,0.0008,0.0102,0.0014,-0.0001,0.0090,-0.2903,0
1535880,0.9999,0.0008,0.0102,0.0014,-0.0071,0.0077,-0.2750,0
1536046,0.9999,0.0008,0.0102,0.0014,-0.0065,0.0087,-0.2757,0
1536213,0.9999,0.0008,0.0102,0.0014,0.0057,0.0040,-0.2700,0
1536380,0.9999,0.0008,0.0102,0.0015,-0.0090,0.0033,-0.2875,0
1536546,0.9999,0.0008,0.0102,0.0015,-0.0121,0.0071,-0.2889,0
1536713,0.9999,0.0008,0.0102,0.0015,0.0075,0.0024,-0.2675,0
1536880,0.9999,0.0008,0.0102,0.0014,-0.0135,0.0092,-0.2604,0
1537046,0.9999,0.0008,0.0102,0.0014,-0.0192,0.0078,-0.2681,0
1537213,0.9999,0.0008,0.0102,0.0014,0.0048,0.0057,-0.2773,0
1537380,0.9999,0.0008,0.0102,0.0014,-0.0075,0.0063,-0.2667,0
1537546,0.9999,0.0008,0.0102,0.0014,-0.0040,0.0068,-0.2854,0
1537713,0.9999,0.0008,0.0102,0.0015,-0.0104,0.0081,-0.2857,0
1537880,0.9999,0.0008,0.0102,0.0015,-0.0116,-0.0019,-0.2781,0
1538046,0.9999,0.0008,0.0102,0.0015,-0.0105,0.0118,-0.2962,0
1538213,0.9999,0.0008,0.0102,0.0015,-0.0059,0.0027,-0.2940,0
1538380,0.9999,0.0008,0.0102,0.0015,-0.0006,0.0101,-0.2805,0
1538546,0.9999,0.0008,0.0102,0.0015,-0.0211,0.0027,-0.2815,0
1538713,0.9999,0.0008,0.0102,0.0015,0.0054,0.0068,-0.2986,0
1538880,0.9999,0.0008,0.0102,0.0015,-0.0068,0.0180,-0.2679,0
1539046,0.9999,0.0007,0.0102,0.0015,0.0031,-0.0045,-0.2679,0
1539213,0.9999,0.0008,0.0102,0.0015,-0.0033,0.0036,-0.2637,0
1539380,0.9999,0.0008,0.0102,0.0015,0.0060,0.0142,-0.2890,0
1539546,0.9999,0.0008,0.0102,0.0015,0.0148,0.0226,-0.2718,0
1539713,0.9999,0.0007,0.0102,0.0015,-0.0090,-0.0046,-0.2731,0
1539880,0.9999,0.0008,0.0102,0.0015,-0.0126,0.0107,-0.2799,0
1540046,0.9999,0.0007,0.0102,0.0015,-0.0010,0.0142,-0.2708,0
1540213,0.9999,0.0007,0.0102,0.0015,0.0030,0.0014,-0.2761,0
1540380,0.9999,0.0007,0.0102,0.0015,-0.0022,0.0099,-0.2767,0
1540546,0.9999,0.0007,0.0102,0.0015,-0.0053,0.0089,-0.2772,0
1540713,0.9999,0.0007,0.0102,0.0015,-0.0137,0.0181,-0.2618,0
1540880,0.9999,0.0008,0.0102,0.0015,0.0039,0.0275,-0.2799,0
1541046,0.9999,0.0007,0.0102,0.0015,-0.0038,-0.0088,-0.2784,0
1541213,0.9999,0.0007,0.0102,0.0015,-0.0008,0.0074,-0.2552,0
1541380,0.9999,0.0007,0.0102,0.0015,0.0074,-0.0048,-0.2682,0
1541546,0.9999,0.0007,0.0102,0.0015,-0.0049,0.0076,-0.2810,0
1541713,0.9999,0.0007,0.0102,0.0015,-0.0059,0.0065,-0.2750,0
1541880,0.9999,0.0007,0.0102,0.0015,-0.0124,0.0055,-0.2780,0
1542046,0.9999,0.0007,0.0102,0.0015,-0.0052,0.0091,-0.2750,0
1542213,0.9999,0.0007,0.0102,0.0015,-0.0121,0.0087,-0.2802,0
1542380,0.9999,0.0007,0.0102,0.0015,0.0021,0.0120,-0.2800,0
1542546,0.9999,0.0007,0.0102,0.0015,-0.0058,0.0050,-0.2816,0
1542713,0.9999,0.0007,0.0102,0.0016,0.0088,0.0100,-0.2790,0
1542880,0.9999,0.0007,0.0102,0.0016,-0.0078,0.0054,-0.2834,0
1543046,0.9999,0.0007,0.0102,0.0016,0.0061,-0.0030,-0.2781,0
1543213,0.9999,0.0007,0.0102,0.0016,-0.0028,0.0094,-0.2796,0
1543380,0.9999,0.0007,0.0102,0.0016,0.0009,0.0040,-0.2648,0
1543546,0.9999,0.0007,0.0102,0.0016,-0.0108,0.0042,-0.2928,0
1543713,0.9999,0.0007,0.0102,0.0016,-0.0013,-0.0021,-0.2730,0
1543880,0.9999,0.0007,0.0102,0.0016,-0.0135,0.0025,-0.2872,0
1544046,0.9999,0.0007,0.0102,0.0016,-0.0109,0.0041,-0.2746,0
1544213,0.9999,0.0009,0.0102,0.0017,0.0044,0.0022,-0.2503,0
1544380,0.9999,0.0009,0.0102,0.0017,-0.0044,0.0055,-0.2738,0
1544546,0.9999,0.0009,0.0102,0.0017,0.0038,0.0056,-0.2849,0
1544713,0.9999,0.0009,0.0102,0.0017,0.0110,-0.0007,-0.2625,0
1544880,0.9999,0.0009,0.0102,0.0017,0.0043,-0.0149,-0.3013,0
1545046,0.9999,0.0010,0.0102,0.0017,-0.0015,0.0067,-0.2916,0
1545213,0.9999,0.0010,0.0102,0.0018,-0.0054,-0.0014,-0.2933,0
1545380,0.9999,0.0010,0.0102,0.0018,-0.0088,-0.0050,-0.2975,0
1545546,0.9999,0.0010,0.0102,0.0018,0.0084,0.0097,-0.3029,0
1545713,0.9999,0.0010,0.0102,0.0017,0.0043,-0.0009,-0.2877,0
1545880,0.9999,0.0010,0.0102,0.0017,0.0042,0.0013,-0.2852,0
1546046,0.9999,0.0010,0.0102,0.0017,-0.0043,0.0088,-0.2521,0
1546213,0.9999,0.0010,0.0102,0.0018,-0.0074,0.0087,-0.2734,0
1546380,0.9999,0.0010,0.0102,0.0017,-0.0167,0.0036,-0.2836,0
1546546,0.9999,0.0010,0.0102,0.0018,-0.0026,0.0222,-0.2855,0
1546713,0.9999,0.0010,0.0102,0.0018,0.0087,0.0009,-0.2593,0
1546880,0.9999,0.0010,0.0102,0.0018,-0.0072,0.0030,-0.2849,0
1547046,0.9999,0.0010,0.0102,0.0018,0.0048,0.0046,-0.2873,0
1547213,0.9999,0.0010,0.0102,0.0018,0.0005,0.0087,-0.2813,0
1547380,0.9999,0.0010,0.0102,0.0018,-0.0068,0.0024,-0.2546,0
1547546,0.9999,0.0010,0.0102,0.0018,-0.0040,0.0152,-0.2887,0
1547713,0.9999,0.0010,0.0102,0.0018,-0.0052,0.0011,-0.2796,0
1547880,0.9999,0.0010,0.0102,0.0018,-0.0063,0.0072,-0.2601,0
1548046,0.9999,0.0010,0.0102,0.0018,-0.0086,-0.0012,-0.2680,0
1548213,0.9999,0.0010,0.0102,0.0018,-0.0048,0.0011,-0.2847,0
1548380,0.9999,0.0010,0.0102,0.0018,0.0012,0.0094,-0.2877,0
1548546,0.9999,0.0010,0.0102,0.0018,0.0065,-0.0032,-0.2630,0
1548713,0.9999,0.0010,0.0102,0.0018,-0.0009,-0.0037,-0.2883,0
1548880,0.9999,0.0010,0.0102,0.0018,-0.0029,-0.0023,-0.2749,0
1549046,0.9999,0.0010,0.0102,0.0018,0.0041,0.0062,-0.2864,0
1549213,0.9999,0.0010,0.0102,0.0018,0.0112,0.0035,-0.2794,0
1549380,0.9999,0.0010,0.0102,0.0018,-0.0089,-0.0010,-0.2857,0
1549546,0.9999,0.0010,0.0102,0.0018,-0.0127,0.0122,-0.2900,0
1549713,0.9999,0.0010,0.0102,0.0018,0.0057,0.0074,-0.2895,0
1549880,0.9999,0.0010,0.0102,0.0018,0.0136,0.0028,-0.2846,0
1550046,0.9999,0.0010,0.0102,0.0018,-0.0087,0.0049,-0.2739,0
1550213,0.9999,0.0010,0.0102,0.0018,0.0069,-0.0024,-0.2597,0
1550380,0.9999,0.0010,0.0102,0.0018,0.0066,-0.0030,-0.2880,0
1550546,0.9999,0.0010,0.0102,0.0018,0.0013,-0.0042,-0.2662,0
1550713,0.9999,0.0010,0.0103,0.0018,0.0013,-0.0154,-0.2820,0
1550880,0.9999,0.0010,0.0103,0.0018,-0.0038,0.0029,-0.2757,0
1551046,0.9999,0.0010,0.0103,0.0018,0.0018,-0.0022,-0.2634,0
1551213,0.9999,0.0010,0.0103,0.0018,0.0038,0.0125,-0.2727,0
1551380,0.9999,0.0010,0.0102,0.0018,0.0003,0.0125,-0.2965,0
1551546,0.9999,0.0010,0.0103,0.0018,-0.0043,0.0059,-0.2766,0
1551713,0.9999,0.0010,0.0103,0.0018,0.0073,0.0107,-0.2672,0
1551880,0.9999,0.0010,0.0103,0.0018,0.0083,-0.0016,-0.2771,0
1552047,0.9999,0.0010,0.0102,0.0018,-0.0094,0.0148,-0.2736,0
1552213,0.9999,0.0010,0.0102,0.0018,-0.0027,-0.0026,-0.2712,0
1552380,0.9999,0.0010,0.0102,0.0018,0.0025,0.0007,-0.2761,0
1552547,0.9999,0.0010,0.0102,0.0018,-0.0056,-0.0078,-0.2878,0
1552713,0.9999,0.0010,0.0102,0.0018,-0.0013,-0.0121,-0.2818,0
1552880,0.9999,0.0010,0.0102,0.0018,-0.0015,0.0151,-0.2839,0
1553047,0.9999,0.0010,0.0102,0.0018,0.0002,-0.0048,-0.2843,0
1553213,0.9999,0.0010,0.0102,0.0019,-0.0015,0.0031,-0.2917,0
1553380,0.9999,0.0010,0.0102,0.0019,-0.0031,0.0105,-0.2575,0
1553547,0.9999,0.0010,0.0102,0.0019,0.0084,-0.0045,-0.2782,0
1553713,0.9999,0.0011,0.0103,0.0019,0.0091,-0.0007,-0.2765,0
1553880,0.9999,0.0010,0.0102,0.0019,-0.0115,0.0076,-0.2832,0
1554047,0.9999,0.0010,0.0102,0.0019,0.0053,-0.0001,-0.2686,0
1554213,0.9999,0.0011,0.0102,0.0019,-0.0007,0.0053,-0.2916,0
1554380,0.9999,0.0011,0.0102,0.0019,-0.0025,-0.0007,-0.2781,0
1554547,0.9999,0.0011,0.0102,0.0019,0.0148,0.0018,-0.2858,0
1554713,0.9999,0.0011,0.0102,0.0019,-0.0044,0.0045,-0.2627,0
1554880,0.9999,0.0011,0.0102,0.0019,0.0063,-0.0002,-0.2947,0
1555047,0.9999,0.0011,0.0102,0.0019,0.0073,-0.0203,-0.2618,0
1555213,0.9999,0.0011,0.0102,0.0019,-0.0093,-0.0053,-0.2850,0
1555380,0.9999,0.0011,0.0102,0.0019,-0.0063,0.0037,-0.2839,0
1555547,0.9999,0.0011,0.0102,0.0019,-0.0093,0.0084,-0.2672,0
1555713,0.9999,0.0011,0.0102,0.0019,0.0122,0.0052,-0.2475,0
1555880,0.9999,0.0011,0.0102,0.0019,-0.0083,0.0052,-0.2765,0
1556047,0.9999,0.0011,0.0102,0.0019,0.0117,-0.0042,-0.2725,0
1556213,0.9999,0.0011,0.0102,0.0019,0.0005,0.0124,-0.2724,0
1556380,0.9999,0.0011,0.0102,0.0019,0.0059,-0.0052,-0.2747,0
1556547,0.9999,0.0011,0.0102,0.0019,-0.0006,0.0152,-0.3062,0
1556713,0.9999,0.0011,0.0102,0.0019,0.0088,-0.0086,-0.2679,0
1556880,0.9999,0.0011,0.0102,0.0019,-0.0076,0.0050,-0.2875,0
1557047,0.9999,0.0011,0.0102,0.0019,0.0024,0.0013,-0.2595,0
1557213,0.9999,0.0011,0.0102,0.0019,-0.0102,0.0101,-0.2847,0
1557380,0.9999,0.0011,0.0102,0.0019,0.0077,0.0034,-0.2836,0
1557547,0.9999,0.0011,0.0102,0.0019,0.0026,0.0123,-0.2750,0
1557713,0.9999,0.0011,0.0102,0.0019,0.0061,0.0114,-0.2863,0
1557880,0.9999,0.0011,0.0102,0.0019,-0.0082,-0.0047,-0.2637,0
1558047,0.9999,0.0011,0.0102,0.0019,0.0052,-0.0116,-0.2709,0
1558213,0.9999,0.0011,0.0102,0.0020,-0.0032,0.0112,-0.2690,0
1558380,0.9999,0.0011,0.0102,0.0019,0.0065,0.0048,-0.2772,0
1558547,0.9999,0.0011,0.0102,0.0019,-0.0040,-0.0046,-0.2870,0
1558713,0.9999,0.0011,0.0103,0.0019,-0.0041,-0.0078,-0.2757,0
1558880,0.9999,0.0011,0.0102,0.0020,0.0030,0.0161,-0.2617,0
1559047,0.9999,0.0011,0.0102,0.0020,-0.0021,0.0081,-0.2697,0
1559213,0.9999,0.0011,0.0102,0.0019,0.0029,0.0027,-0.2757,0
1559380,0.9999,0.0011,0.0102,0.0020,0.0017,0.0074,-0.2740,0
1559547,0.9999,0.0011,0.0102,0.0020,0.0039,0.0040,-0.2725,0
1559713,0.9999,0.0011,0.0102,0.0020,-0.0007,-0.0014,-0.2811,0
1559880,0.9999,0.0011,0.0102,0.0020,-0.0020,-0.0128,-0.2919,0
1560047,0.9999,0.0011,0.0102,0.0020,-0.0006,-0.0103,-0.2691,0
1560213,0.9999,0.0011,0.0102,0.0020,-0.0031,0.0050,-0.2817,0
1560380,0.9999,0.0011,0.0102,0.0020,0.0077,-0.0010,-0.2821,0
1560547,0.9999,0.0011,0.0102,0.0020,-0.0080,0.0040,-0.2628,0
1560713,0.9999,0.0011,0.0103,0.0020,0.0027,0.0060,-0.2837,0
1560880,0.9999,0.0011,0.0103,0.0020,0.0043,0.0112,-0.2820,0
1561047,0.9999,0.0011,0.0103,0.0020,-0.0138,-0.0091,-0.2929,0
1561213,0.9999,0.0011,0.0103,0.0020,0.0105,0.0011,-0.2682,0
1561380,0.9999,0.0011,0.0103,0.0020,0.0003,0.0041,-0.2730,0
1561547,0.9999,0.0011,0.0103,0.0020,-0.0129,-0.0059,-0.2678,0
1561713,0.9999,0.0011,0.0103,0.0020,-0.0057,-0.0023,-0.2680,0
1561880,0.9999,0.0011,0.0103,0.0020,0.0071,0.0063,-0.2713,0
1562047,0.9999,0.0011,0.0103,0.0020,0.0061,-0.0004,-0.2882,0
1562213,0.9999,0.0011,0.0103,0.0020,-0.0129,-0.0080,-0.2670,0
1562380,0.9999,0.0011,0.0103,0.0020,0.0030,0.0050,-0.2877,0
1562547,0.9999,0.0011,0.0103,0.0020,-0.0113,-0.0033,-0.2887,0
1562713,0.9999,0.0011,0.0103,0.0020,0.0013,0.0146,-0.2750,0
1562880,0.9999,0.0011,0.0103,0.0020,-0.0024,0.0093,-0.2907,0
1563047,0.9999,0.0011,0.0103,0.0020,-0.0099,0.0084,-0.2796,0
1563213,0.9999,0.0011,0.0103,0.0021,-0.0029,0.0024,-0.2825,0
1563380,0.9999,0.0011,0.0103,0.0021,-0.0023,-0.0120,-0.2927,0
1563547,0.9999,0.0011,0.0103,0.0021,-0.0016,0.0111,-0.2744,0
1563713,0.9999,0.0011,0.0103,0.0021,-0.0063,0.0013,-0.2573,0
1563880,0.9999,0.0011,0.0103,0.0021,0.0085,-0.0073,-0.2821,0
1564047,0.9999,0.0011,0.0103,0.0021,-0.0081,0.0002,-0.2639,0
1564213,0.9999,0.0009,0.0102,0.0021,0.0095,-0.0097,-0.2768,0
1564380,0.9999,0.0009,0.0102,0.0021,0.0048,0.0076,-0.2959,0
1564547,0.9999,0.0009,0.0102,0.0021,-0.0041,0.0206,-0.2897,0
1564713,0.9999,0.0009,0.0102,0.0021,0.0046,0.0041,-0.2732,0
1564880,0.9999,0.0009,0.0102,0.0021,-0.0040,0.0027,-0.2774,0
1565047,0.9999,0.0009,0.0102,0.0021,0.0051,0.0094,-0.2681,0
1565213,0.9999,0.0009,0.0102,0.0021,-0.0082,0.0246,-0.2686,0
1565380,0.9999,0.0009,0.0102,0.0021,-0.0047,0.0094,-0.2760,0
1565547,0.9999,0.0009,0.0102,0.0021,-0.0075,0.0098,-0.2693,0
1565713,0.9999,0.0009,0.0102,0.0021,-0.0012,0.0069,-0.2920,0
1565880,0.9999,0.0009,0.0102,0.0021,-0.0026,0.0003,-0.2719,0
1566047,0.9999,0.0009,0.0102,0.0021,0.0002,0.0060,-0.2446,0
1566213,0.9999,0.0009,0.0102,0.0021,-0.0082,0.0100,-0.2911,0
1566380,0.9999,0.0009,0.0102,0.0021,-0.0039,0.0023,-0.2831,0
1566547,0.9999,0.0009,0.0102,0.0021,0.0022,0.0096,-0.2676,0
1566713,0.9999,0.0009,0.0102,0.0021,-0.0040,0.0114,-0.2794,0
1566880,0.9999,0.0009,0.0102,0.0021,0.0002,0.0119,-0.2585,0
1567047,0.9999,0.0009,0.0101,0.0021,-0.0009,0.0005,-0.2773,0
1567213,0.9999,0.0009,0.0101,0.0021,-0.0171,-0.0005,-0.2625,0
1567380,0.9999,0.0009,0.0101,0.0021,-0.0070,0.0226,-0.2924,0
1567547,0.9999,0.0009,0.0101,0.0021,0.0119,0.0352,-0.3243,0
1567713,0.9999,0.0008,0.0101,0.0021,-0.0166,-0.0365,-0.2585,0
1567880,0.9999,0.0008,0.0101,0.0021,-0.0523,-0.0074,-0.3062,0
1568047,0.9999,0.0008,0.0101,0.0021,0.0260,0.0002,-0.2353,0
1568213,0.9999,0.0008,0.0101,0.0021,0.0181,0.0377,-0.3309,0
1568380,0.9999,0.0008,0.0101,0.0021,-0.0045,-0.0100,-0.2561,0
1568547,0.9999,0.0008,0.0101,0.0021,-0.0197,-0.0203,-0.2528,0
1568714,0.9999,0.0008,0.0101,0.0021,0.0031,0.0135,-0.2946,0
1568880,0.9999,0.0008,0.0101,0.0021,0.0153,0.0082,-0.2711,0
1569047,0.9999,0.0008,0.0101,0.0021,-0.0091,0.0286,-0.2861,0
1569214,0.9999,0.0008,0.0101,0.0021,-0.0108,-0.0332,-0.2562,0
1569380,0.9999,0.0008,0.0101,0.0021,-0.0111,-0.0061,-0.2673,0
1569547,0.9999,0.0008,0.0101,0.0021,0.0206,0.0226,-0.2600,0
1569714,0.9999,0.0008,0.0101,0.0021,0.0115,0.0025,-0.2985,0
1569880,0.9999,0.0008,0.0101,0.0021,-0.0234,0.0011,-0.2555,0
1570047,0.9999,0.0008,0.0101,0.0021,-0.0179,-0.0141,-0.3025,0
1570214,0.9999,0.0008,0.0101,0.0021,0.0100,0.0087,-0.2713,0
1570380,0.9999,0.0008,0.0101,0.0021,0.0091,0.0296,-0.2862,0
1570547,0.9999,0.0008,0.0101,0.0021,-0.0208,0.0044,-0.2839,0
1570714,0.9999,0.0008,0.0101,0.0021,-0.0197,-0.0243,-0.2704,0
1570880,0.9999,0.0008,0.0101,0.0021,0.0049,-0.0102,-0.2540,0
1571047,0.9999,0.0008,0.0101,0.0021,0.0173,0.0259,-0.2659,0
1571214,0.9999,0.0007,0.0101,0.0021,-0.0035,0.0179,-0.2680,0
1571380,0.9999,0.0007,0.0101,0.0021,-0.0344,-0.0130,-0.2776,0
1571547,0.9999,0.0007,0.0101,0.0021,-0.0116,0.0001,-0.2934,0
1571714,0.9999,0.0007,0.0101,0.0021,0.0148,0.0262,-0.2950,0
1571880,0.9999,0.0007,0.0101,0.0021,0.0057,0.0231,-0.2758,0
1572047,0.9999,0.0007,0.0101,0.0021,-0.0153,-0.0077,-0.2939,0
1572214,0.9999,0.0007,0.0101,0.0021,-0.0127,0.0107,-0.2640,0
1572380,0.9999,0.0007,0.0101,0.0021,0.0078,0.0132,-0.2895,0
1572547,0.9999,0.0007,0.0101,0.0021,0.0068,0.0205,-0.2664,0
1572714,0.9999,0.0007,0.0101,0.0021,-0.0088,0.0040,-0.2793,0
1572880,0.9999,0.0007,0.0101,0.0021,-0.0201,0.0027,-0.2732,0
1573047,0.9999,0.0007,0.0101,0.0021,0.0004,0.0092,-0.2748,0
1573214,0.9999,0.0007,0.0101,0.0021,0.0195,0.0108,-0.2860,0
1573380,0.9999,0.0007,0.0101,0.0021,0.0008,0.0055,-0.2716,0
1573547,0.9999,0.0007,0.0101,0.0021,-0.0154,-0.0063,-0.2423,0
1573714,0.9999,0.0007,0.0101,0.0021,-0.0054,0.0221,-0.2695,0
1573880,0.9999,0.0007,0.0101,0.0021,0.0166,0.0161,-0.2663,0
1574047,0.9999,0.0007,0.0101,0.0021,-0.0057,0.0077,-0.2666,0
1574214,0.9999,0.0007,0.0101,0.0021,-0.0044,-0.0197,-0.2718,0
1574380,0.9999,0.0007,0.0101,0.0021,-0.0175,-0.0157,-0.2869,0
1574547,0.9999,0.0007,0.0101,0.0021,0.0023,0.0152,-0.2809,0
1574714,0.9999,0.0007,0.0101,0.0021,0.0075,0.0227,-0.2917,0
1574880,0.9999,0.0007,0.0101,0.0021,-0.0054,0.0178,-0.2815,0
1575047,0.9999,0.0007,0.0101,0.0021,-0.0136,0.0118,-0.2870,0
1575214,0.9999,0.0006,0.0101,0.0020,-0.0003,0.0097,-0.2783,0
1575380,0.9999,0.0006,0.0101,0.0021,0.0140,-0.0071,-0.2573,0
1575547,0.9999,0.0006,0.0101,0.0021,-0.0004,0.0073,-0.2824,0
1575714,0.9999,0.0006,0.0101,0.0021,0.0004,0.0216,-0.2824,0
1575880,0.9999,0.0006,0.0101,0.0021,-0.0176,0.0075,-0.2725,0
1576047,0.9999,0.0006,0.0101,0.0021,0.0071,0.0025,-0.2933,0
1576214,0.9999,0.0006,0.0101,0.0021,0.0066,0.0079,-0.2747,0
1576380,0.9999,0.0006,0.0101,0.0021,-0.0124,0.0030,-0.2506,0
1576547,0.9999,0.0006,0.0101,0.0021,-0.0179,0.0122,-0.2800,0
1576714,0.9999,0.0006,0.0101,0.0021,0.0029,0.0248,-0.2525,0
1576880,0.9999,0.0006,0.0101,0.0021,0.0158,0.0237,-0.2700,0
1577047,0.9999,0.0006,0.0101,0.0021,-0.0118,0.0132,-0.2748,0
1577214,0.9999,0.0006,0.0101,0.0021,-0.0046,-0.0054,-0.2684,0
1577380,0.9999,0.0006,0.0101,0.0021,-0.0146,0.0025,-0.2965,0
1577547,0.9999,0.0006,0.0101,0.0021,0.0021,0.0193,-0.2742,0
1577714,0.9999,0.0006,0.0101,0.0021,0.0024,0.0081,-0.2819,0
1577880,0.9999,0.0006,0.0101,0.0021,-0.0118,0.0106,-0.2933,0
1578047,0.9999,0.0006,0.0101,0.0021,0.0024,0.0075,-0.2919,0
1578214,0.9999,0.0006,0.0101,0.0021,-0.0090,0.0072,-0.2942,0
1578380,0.9999,0.0006,0.0101,0.0021,0.0056,0.0129,-0.2730,0
1578547,0.9999,0.0006,0.0101,0.0021,-0.0109,-0.0022,-0.2861,0
1578714,0.9999,0.0006,0.0101,0.0021,-0.0234,0.0141,-0.2796,0
1578880,0.9999,0.0006,0.0101,0.0021,0.0029,0.0248,-0.2797,0
1579047,0.9999,0.0006,0.0101,0.0021,-0.0024,0.0074,-0.2733,0
1579214,0.9999,0.0006,0.0101,0.0021,0.0149,-0.0004,-0.2702,0
1579380,0.9999,0.0006,0.0101,0.0021,-0.0110,0.0110,-0.2684,0
1579547,0.9999,0.0006,0.0101,0.0021,-0.0036,0.0140,-0.2712,0
1579714,0.9999,0.0006,0.0101,0.0021,-0.0038,0.0081,-0.2770,0
1579880,0.9999,0.0006,0.0101,0.0021,0.0065,0.0034,-0.2759,0
1580047,0.9999,0.0006,0.0101,0.0021,-0.0049,0.0131,-0.2887,0
1580214,0.9999,0.0006,0.0101,0.0021,-0.0062,0.0213,-0.2728,0
1580380,0.9999,0.0006,0.0102,0.0021,-0.0078,0.0118,-0.2726,0
1580547,0.9999,0.0006,0.0102,0.0021,0.0181,0.0064,-0.2754,0
1580714,0.9999,0.0006,0.0102,0.0022,-0.0036,0.0227,-0.2812,0
1580880,0.9999,0.0006,0.0102,0.0022,-0.0105,0.0236,-0.2783,0
1581047,0.9999,0.0005,0.0102,0.0022,-0.0040,0.0183,-0.2522,0
1581214,0.9999,0.0006,0.0102,0.0022,0.0072,-0.0048,-0.2914,0
1581380,0.9999,0.0006,0.0102,0.0022,-0.0105,0.0067,-0.2714,0
1581547,0.9999,0.0006,0.0102,0.0022,0.0125,0.0154,-0.2598,0
1581714,0.9999,0.0005,0.0102,0.0022,0.0002,0.0178,-0.2895,0
1581880,0.9999,0.0005,0.0102,0.0022,-0.0100,0.0139,-0.2925,0
1582047,0.9999,0.0005,0.0102,0.0022,-0.0107,0.0101,-0.2517,0
1582214,0.9999,0.0005,0.0102,0.0022,-0.0094,0.0237,-0.2688,0
1582380,0.9999,0.0005,0.0102,0.0022,0.0085,0.0264,-0.2567,0
1582547,0.9999,0.0005,0.0102,0.0022,-0.0011,0.0015,-0.3028,0
1582714,0.9999,0.0005,0.0102,0.0022,0.0011,0.0034,-0.2901,0
1582880,0.9999,0.0005,0.0102,0.0022,-0.0058,0.0116,-0.2733,0
1583047,0.9999,0.0005,0.0102,0.0022,0.0028,0.0335,-0.2621,0
1583214,0.9999,0.0005,0.0102,0.0022,0.0234,0.0150,-0.2626,0
1583380,0.9999,0.0005,0.0102,0.0022,-0.0253,0.0095,-0.3037,0
1583547,0.9999,0.0005,0.0102,0.0022,-0.0213,0.0099,-0.2685,0
1583714,0.9999,0.0005,0.0102,0.0022,-0.0015,0.0320,-0.2990,0
1583880,0.9999,0.0005,0.0102,0.0022,0.0140,0.0169,-0.2921,0
1584047,0.9999,0.0005,0.0102,0.0022,-0.0009,-0.0115,-0.2916,0
1584214,0.9999,0.0007,0.0102,0.0022,-0.0194,0.0046,-0.2547,0
1584380,0.9999,0.0007,0.0102,0.0022,0.0117,0.0031,-0.2888,0
1584547,0.9999,0.0007,0.0102,0.0022,0.0034,0.0138,-0.2645,0
1584714,0.9999,0.0007,0.0102,0.0022,0.0017,0.0129,-0.2840,0
1584880,0.9999,0.0007,0.0102,0.0022,-0.0087,0.0068,-0.2840,0
1585047,0.9999,0.0007,0.0102,0.0022,-0.0114,0.0223,-0.2674,0
1585214,0.9999,0.0007,0.0102,0.0022,0.0202,-0.0000,-0.2835,0
1585381,0.9999,0.0007,0.0102,0.0022,0.0145,0.0139,-0.2763,0
1585547,0.9999,0.0007,0.0102,0.0022,-0.0107,0.0110,-0.2602,0
1585714,0.9999,0.0007,0.0102,0.0022,-0.0089,0.0219,-0.2971,0
1585881,0.9999,0.0007,0.0102,0.0022,0.0005,0.0213,-0.2797,0
1586047,0.9999,0.0007,0.0102,0.0022,0.0088,0.0153,-0.2766,0
1586214,0.9999,0.0007,0.0102,0.0022,-0.0081,0.0128,-0.2720,0
1586381,0.9999,0.0007,0.0102,0.0022,-0.0056,0.0112,-0.2665,0
1586547,0.9999,0.0007,0.0102,0.0022,0.0068,0.0118,-0.2859,0
1586714,0.9999,0.0007,0.0102,0.0022,0.0116,0.0078,-0.2811,0
1586881,0.9999,0.0007,0.0102,0.0022,-0.0078,-0.0114,-0.2792,0
1587047,0.9999,0.0007,0.0102,0.0022,-0.0173,-0.0009,-0.2908,0
1587214,0.9999,0.0007,0.0102,0.0022,0.0165,0.0191,-0.2972,0
1587381,0.9999,0.0007,0.0102,0.0022,0.0124,0.0035,-0.2912,0
1587547,0.9999,0.0007,0.0102,0.0022,-0.0081,0.0166,-0.2951,0
1587714,0.9999,0.0007,0.0102,0.0022,-0.0085,0.0205,-0.2939,0
1587881,0.9999,0.0007,0.0102,0.0022,0.0171,0.0112,-0.2993,0
1588047,0.9999,0.0007,0.0102,0.0022,0.0075,0.0135,-0.2831,0
1588214,0.9999,0.0007,0.0102,0.0023,-0.0129,0.0062,-0.2673,0
1588381,0.9999,0.0007,0.0102,0.0023,-0.0057,0.0088,-0.2653,0
1588547,0.9999,0.0007,0.0102,0.0023,-0.0090,-0.0038,-0.2700,0
1588714,0.9999,0.0007,0.0102,0.0023,-0.0029,0.0117,-0.2737,0
1588881,0.9999,0.0007,0.0102,0.0023,0.0153,-0.0040,-0.2821,0
1589047,0.9999,0.0007,0.0102,0.0023,-0.0069,0.0135,-0.2485,0
1589214,0.9999,0.0007,0.0102,0.0023,0.0000,0.0095,-0.2954,0
1589381,0.9999,0.0006,0.0102,0.0023,0.0018,0.0138,-0.2704,0
1589547,0.9999,0.0007,0.0102,0.0023,-0.0098,0.0164,-0.2857,0
1589714,0.9999,0.0007,0.0102,0.0023,0.0065,0.0075,-0.2597,0
1589881,0.9999,0.0007,0.0102,0.0023,-0.0127,0.0058,-0.2883,0
1590047,0.9999,0.0007,0.0102,0.0023,-0.0029,-0.0055,-0.2807,0
1590214,0.9999,0.0007,0.0102,0.0023,0.0056,0.0219,-0.2909,0
1590381,0.9999,0.0007,0.0102,0.0023,0.0055,0.0162,-0.2924,0
1590547,0.9999,0.0007,0.0102,0.0023,-0.0135,0.0081,-0.2817,0
1590714,0.9999,0.0007,0.0102,0.0023,-0.0019,-0.0042,-0.2877,0
1590881,0.9999,0.0007,0.0102,0.0023,-0.0020,0.0094,-0.2552,0
1591047,0.9999,0.0006,0.0102,0.0023,-0.0045,0.0271,-0.2761,0
1591214,0.9999,0.0006,0.0102,0.0023,0.0069,-0.0068,-0.2539,0
1591381,0.9999,0.0006,0.0102,0.0023,0.0052,0.0070,-0.2771,0
1591547,0.9999,0.0006,0.0102,0.0023,-0.0082,0.0192,-0.2710,0
1591714,0.9999,0.0006,0.0102,0.0023,-0.0058,0.0099,-0.2708,0
1591881,0.9999,0.0006,0.0102,0.0023,-0.0011,0.0263,-0.2898,0
1592047,0.9999,0.0006,0.0102,0.0023,-0.0143,0.0094,-0.2537,0
1592214,0.9999,0.0006,0.0102,0.0023,0.0050,0.0036,-0.2824,0
1592381,0.9999,0.0006,0.0102,0.0023,0.0075,0.0114,-0.2754,0
1592547,0.9999,0.0006,0.0102,0.0023,-0.0214,0.0111,-0.2959,0
1592714,0.9999,0.0006,0.0102,0.0023,0.0127,0.0003,-0.2801,0
1592881,0.9999,0.0006,0.0102,0.0023,0.0123,0.0301,-0.3274,0
1593047,0.9999,0.0006,0.0102,0.0023,-0.0034,0.0028,-0.2631,0
1593214,0.9999,0.0006,0.0102,0.0023,-0.0320,-0.0015,-0.2770,0
1593381,0.9999,0.0006,0.0102,0.0023,0.0062,0.0157,-0.2779,0
1593547,0.9999,0.0006,0.0102,0.0023,0.0262,0.0211,-0.2592,0
1593714,0.9999,0.0006,0.0102,0.0023,-0.0092,0.0133,-0.3045,0
1593881,0.9999,0.0006,0.0102,0.0023,-0.0153,0.0177,-0.2708,0
1594047,0.9999,0.0006,0.0102,0.0023,-0.0269,0.0006,-0.2454,0
1594214,0.9999,0.0006,0.0101,0.0023,-0.0224,0.0060,-0.3143,0
1594381,0.9999,0.0006,0.0101,0.0023,0.0277,0.0278,-0.2474,0
1594547,0.9999,0.0006,0.0101,0.0023,0.0010,0.0184,-0.2857,0
1594714,0.9999,0.0006,0.0101,0.0023,-0.0144,0.0039,-0.2700,0
1594881,0.9999,0.0006,0.0101,0.0023,-0.0261,0.0195,-0.2346,0
1595047,0.9999,0.0006,0.0101,0.0023,0.0216,0.0065,-0.2977,0
1595214,0.9999,0.0006,0.0101,0.0023,0.0022,0.0162,-0.2813,0
1595381,0.9999,0.0006,0.0101,0.0023,-0.0247,0.0148,-0.2460,0
1595547,0.9999,0.0006,0.0101,0.0023,-0.0049,-0.0046,-0.3143,0
1595714,0.9999,0.0006,0.0101,0.0023,-0.0057,0.0170,-0.2681,0
1595881,0.9999,0.0006,0.0101,0.0023,0.0029,0.0170,-0.2800,0
1596047,0.9999,0.0006,0.0101,0.0023,-0.0067,-0.0029,-0.2865,0
1596214,0.9999,0.0006,0.0101,0.0023,-0.0259,0.0094,-0.2402,0
1596381,0.9999,0.0006,0.0101,0.0023,-0.0197,0.0154,-0.2931,0
1596547,0.9999,0.0006,0.0101,0.0023,0.0185,0.0054,-0.2838,0
1596714,0.9999,0.0006,0.0101,0.0023,-0.0063,0.0175,-0.2764,0
1596881,0.9999,0.0006,0.0101,0.0023,-0.0122,-0.0062,-0.2710,0
1597047,0.9999,0.0006,0.0101,0.0023,-0.0012,0.0010,-0.2731,0
1597214,0.9999,0.0006,0.0101,0.0023,-0.0144,0.0160,-0.2871,0
1597381,0.9999,0.0006,0.0101,0.0023,-0.0163,-0.0002,-0.2675,0
1597547,0.9999,0.0006,0.0101,0.0023,-0.0003,0.0106,-0.2770,0
1597714,0.9999,0.0006,0.0101,0.0023,0.0015,0.0098,-0.2618,0
1597881,0.9999,0.0006,0.0101,0.0023,-0.0128,0.0089,-0.2829,0
1598047,0.9999,0.0006,0.0101,0.0023,0.0063,0.0011,-0.2484,0
1598214,0.9999,0.0006,0.0101,0.0023,-0.0055,0.0093,-0.2920,0
1598381,0.9999,0.0006,0.0101,0.0023,0.0087,0.0122,-0.2651,0
1598547,0.9999,0.0006,0.0101,0.0023,-0.0040,0.0041,-0.2944,0
1598714,0.9999,0.0006,0.0101,0.0023,-0.0062,0.0049,-0.2717,0
1598881,0.9999,0.0006,0.0101,0.0023,-0.0109,0.0154,-0.2590,0
1599047,0.9999,0.0006,0.0101,0.0023,0.0008,0.0078,-0.3027,0
1599214,0.9999,0.0006,0.0101,0.0023,0.0046,0.0121,-0.2401,0
1599381,0.9999,0.0006,0.0101,0.0023,0.0063,0.0025,-0.2722,0
1599547,0.9999,0.0006,0.0101,0.0023,0.0004,-0.0102,-0.2919,0
1599714,0.9999,0.0006,0.0101,0.0023,-0.0087,0.0158,-0.2625,0
1599881,0.9999,0.0006,0.0101,0.0023,0.0187,0.0179,-0.2881,0
1600047,0.9999,0.0006,0.0101,0.0023,0.0079,0.0137,-0.2729,0
1600214,0.9999,0.0006,0.0101,0.0023,-0.0169,0.0193,-0.2730,0
1600381,0.9999,0.0006,0.0101,0.0023,-0.0091,-0.0010,-0.2727,0
1600547,0.9999,0.0006,0.0101,0.0023,0.0073,0.0096,-0.2984,0
1600714,0.9999,0.0006,0.0101,0.0023,0.0011,0.0142,-0.2748,0
1600881,0.9999,0.0006,0.0101,0.0023,-0.0002,-0.0156,-0.2968,0
1601047,0.9999,0.0006,0.0102,0.0023,-0.0209,-0.0058,-0.2591,0
1601214,0.9999,0.0006,0.0101,0.0023,0.0015,0.0178,-0.2734,0
1601381,0.9999,0.0006,0.0101,0.0023,0.0110,0.0210,-0.2652,0
1601547,0.9999,0.0006,0.0101,0.0022,-0.0019,-0.0006,-0.2636,0
1601714,0.9999,0.0006,0.0101,0.0022,-0.0143,0.0128,-0.2745,0
1601881,0.9999,0.0006,0.0101,0.0023,-0.0245,0.0094,-0.2664,0
1602048,0.9999,0.0006,0.0101,0.0023,0.0038,0.0128,-0.2497,0
1602214,0.9999,0.0006,0.0101,0.0022,0.0020,0.0067,-0.2943,0
1602381,0.9999,0.0006,0.0101,0.0022,-0.0048,0.0195,-0.2658,0
1602548,0.9999,0.0006,0.0101,0.0022,-0.0107,0.0156,-0.2860,0
1602714,0.9999,0.0006,0.0101,0.0022,-0.0041,0.0003,-0.2793,0
1602881,0.9999,0.0006,0.0101,0.0022,0.0007,-0.0024,-0.2913,0
1603048,0.9999,0.0006,0.0101,0.0022,-0.0082,0.0140,-0.2832,0
1603214,0.9999,0.0006,0.0101,0.0022,-0.0132,0.0059,-0.2847,0
1603381,0.9999,0.0006,0.0101,0.0022,0.0040,0.0118,-0.2816,0
1603548,0.9999,0.0006,0.0101,0.0022,0.0150,0.0255,-0.2798,0
1603714,0.9999,0.0006,0.0101,0.0022,-0.0201,0.0126,-0.2737,0
1603881,0.9999,0.0006,0.0101,0.0022,-0.0136,0.0093,-0.2699,0
1604048,0.9999,0.0006,0.0101,0.0022,-0.0096,-0.0068,-0.2929,0
1604214,0.9999,0.0007,0.0102,0.0023,0.0110,0.0207,-0.2810,0
1604381,0.9999,0.0007,0.0102,0.0023,-0.0032,-0.0121,-0.2773,0
1604548,0.9999,0.0007,0.0102,0.0023,-0.0127,0.0032,-0.2569,0
1604714,0.9999,0.0007,0.0102,0.0023,-0.0095,0.0032,-0.2920,0
1604881,0.9999,0.0007,0.0102,0.0024,-0.0020,-0.0097,-0.2951,0
1605048,0.9999,0.0007,0.0102,0.0024,0.0123,0.0048,-0.2672,0
1605214,0.9999,0.0007,0.0102,0.0023,-0.0071,0.0080,-0.2769,0
1605381,0.9999,0.0007,0.0102,0.0024,-0.0069,0.0055,-0.2395,0
1605548,0.9999,0.0007,0.0102,0.0024,0.0016,0.0099,-0.2988,0
1605714,0.9999,0.0007,0.0102,0.0024,0.0091,-0.0008,-0.2837,0
1605881,0.9999,0.0007,0.0102,0.0024,-0.0075,0.0125,-0.2869,0
1606048,0.9999,0.0007,0.0102,0.0024,-0.0072,0.0147,-0.2881,0
1606214,0.9999,0.0007,0.0102,0.0024,-0.0024,0.0107,-0.2809,0
1606381,0.9999,0.0007,0.0102,0.0024,-0.0087,0.0146,-0.2689,0
1606548,0.9999,0.0007,0.0102,0.0024,-0.0040,0.0164,-0.2880,0
1606714,0.9999,0.0008,0.0102,0.0024,-0.0082,-0.0016,-0.2747,0
1606881,0.9999,0.0008,0.0102,0.0024,-0.0075,0.0111,-0.2862,0
1607048,0.9999,0.0008,0.0102,0.0024,-0.0080,0.0072,-0.2713,0
1607214,0.9999,0.0008,0.0102,0.0024,0.0015,0.0042,-0.2508,0
1607381,0.9999,0.0008,0.0102,0.0024,0.0094,-0.0011,-0.2841,0
1607548,0.9999,0.0008,0.0102,0.0024,0.0048,0.0027,-0.2911,0
1607714,0.9999,0.0008,0.0102,0.0024,-0.0126,0.0153,-0.2767,0
1607881,0.9999,0.0008,0.0102,0.0024,0.0148,0.0073,-0.2611,0
1608048,0.9999,0.0008,0.0102,0.0024,-0.0026,0.0154,-0.2927,0
1608214,0.9999,0.0008,0.0102,0.0024,-0.0065,0.0047,-0.2757,0
1608381,0.9999,0.0008,0.0102,0.0024,0.0006,-0.0030,-0.2507,0
1608548,0.9999,0.0008,0.0102,0.0024,0.0067,0.0090,-0.2905,0
1608714,0.9999,0.0008,0.0102,0.0024,-0.0040,0.0126,-0.2616,0
1608881,0.9999,0.0008,0.0102,0.0024,0.0052,-0.0025,-0.3113,0
1609048,0.9999,0.0008,0.0102,0.0024,0.0005,-0.0014,-0.2625,0
1609214,0.9999,0.0008,0.0102,0.0024,0.0007,0.0129,-0.2612,0
1609381,0.9999,0.0008,0.0102,0.0024,-0.0032,-0.0014,-0.2850,0
1609548,0.9999,0.0008,0.0102,0.0024,0.0027,0.0034,-0.2675,0
1609714,0.9999,0.0008,0.0102,0.0024,-0.0056,0.0005,-0.2900,0
1609881,0.9999,0.0008,0.0102,0.0024,-0.0048,0.0097,-0.2914,0
1610048,0.9999,0.0008,0.0102,0.0024,0.0034,0.0055,-0.2828,0
1610214,0.9999,0.0008,0.0102,0.0024,0.0012,-0.0022,-0.2875,0
1610381,0.9999,0.0008,0.0102,0.0024,-0.0056,0.0045,-0.2807,0
1610548,0.9999,0.0008,0.0102,0.0024,-0.0012,0.0018,-0.2958,0
1610714,0.9999,0.0008,0.0102,0.0024,-0.0080,0.0167,-0.3009,0
1610881,0.9999,0.0008,0.0102,0.0024,-0.0079,0.0126,-0.2544,0
1611048,0.9999,0.0008,0.0102,0.0024,-0.0003,0.0065,-0.2750,0
1611214,0.9999,0.0008,0.0102,0.0024,0.0046,-0.0098,-0.2631,0
1611381,0.9999,0.0008,0.0102,0.0024,-0.0078,-0.0019,-0.2554,0
1611548,0.9999,0.0008,0.0102,0.0024,-0.0092,0.0014,-0.3012,0
1611714,0.9999,0.0008,0.0102,0.0024,-0.0030,0.0059,-0.2697,0
1611881,0.9999,0.0008,0.0102,0.0024,0.0100,0.0090,-0.2955,0
1612048,0.9999,0.0008,0.0102,0.0024,-0.0104,0.0034,-0.2829,0
1612214,0.9999,0.0008,0.0102,0.0024,-0.0175,0.0101,-0.2800,0
1612381,0.9999,0.0008,0.0102,0.0024,-0.0003,-0.0014,-0.2857,0
1612548,0.9999,0.0008,0.0102,0.0024,0.0094,-0.0002,-0.2765,0
1612714,0.9999,0.0008,0.0101,0.0024,0.0105,0.0038,-0.2861,0
1612881,0.9999,0.0008,0.0101,0.0024,-0.0059,0.0096,-0.2903,0
1613048,0.9999,0.0008,0.0102,0.0024,0.0115,-0.0016,-0.2785,0
1613214,0.9999,0.0008,0.0102,0.0024,-0.0002,0.0087,-0.2915,0
1613381,0.9999,0.0008,0.0102,0.0024,-0.0037,0.0051,-0.2633,0
1613548,0.9999,0.0008,0.0102,0.0024,-0.0119,0.0172,-0.2983,0
1613714,0.9999,0.0008,0.0102,0.0024,0.0088,0.0118,-0.2706,0
1613881,0.9999,0.0008,0.0102,0.0024,0.0052,-0.0015,-0.2964,0
1614048,0.9999,0.0008,0.0102,0.0024,0.0019,0.0012,-0.2665,0
1614214,0.9999,0.0008,0.0102,0.0024,-0.0320,0.0074,-0.2749,0
1614381,0.9999,0.0008,0.0102,0.0024,0.0023,0.0061,-0.2620,0
1614548,0.9999,0.0008,0.0102,0.0024,0.0172,0.0056,-0.2752,0
1614714,0.9999,0.0008,0.0102,0.0024,-0.0049,-0.0005,-0.2604,0
1614881,0.9999,0.0008,0.0102,0.0024,-0.0119,-0.0023,-0.2747,0
1615048,0.9999,0.0008,0.0102,0.0024,-0.0031,0.0107,-0.2271,0
1615214,0.9999,0.0008,0.0102,0.0024,0.0190,0.0066,-0.3007,0
1615381,0.9999,0.0008,0.0102,0.0024,0.0040,-0.0066,-0.2832,0
1615548,0.9999,0.0008,0.0102,0.0024,-0.0241,0.0083,-0.2826,0
1615714,0.9999,0.0008,0.0102,0.0024,-0.0114,0.0060,-0.2735,0
1615881,0.9999,0.0008,0.0102,0.0024,0.0074,0.0195,-0.2960,0
1616048,0.9999,0.0008,0.0102,0.0024,0.0161,0.0116,-0.2617,0
1616214,0.9999,0.0008,0.0102,0.0024,-0.0008,-0.0119,-0.2956,0
1616381,0.9999,0.0008,0.0102,0.0024,0.0048,0.0162,-0.2843,0
1616548,0.9999,0.0008,0.0102,0.0024,-0.0185,0.0104,-0.2937,0
1616714,0.9999,0.0008,0.0102,0.0024,0.0041,0.0000,-0.2865,0
1616881,0.9999,0.0008,0.0102,0.0024,-0.0016,0.0058,-0.2794,0
1617048,0.9999,0.0008,0.0102,0.0024,0.0015,0.0065,-0.2863,0
1617214,0.9999,0.0008,0.0102,0.0024,-0.0090,0.0138,-0.2852,0
1617381,0.9999,0.0008,0.0102,0.0024,0.0012,-0.0012,-0.2953,0
1617548,0.9999,0.0008,0.0102,0.0024,-0.0069,0.0014,-0.2630,0
1617714,0.9999,0.0008,0.0102,0.0024,0.0008,-0.0131,-0.2778,0
1617881,0.9999,0.0008,0.0102,0.0024,-0.0093,0.0047,-0.2965,0
1618048,0.9999,0.0008,0.0102,0.0024,-0.0070,0.0166,-0.2877,0
1618214,0.9999,0.0008,0.0102,0.0024,-0.0169,0.0046,-0.2964,0
1618381,0.9999,0.0008,0.0102,0.0024,-0.0019,-0.0077,-0.2831,0
1618548,0.9999,0.0008,0.0102,0.0024,-0.0054,0.0032,-0.2958,0
1618715,0.9999,0.0008,0.0102,0.0024,0.0019,0.0156,-0.3034,0
1618881,0.9999,0.0008,0.0102,0.0024,-0.0048,0.0018,-0.2742,0
1619048,0.9999,0.0009,0.0102,0.0025,-0.0010,-0.0003,-0.2738,0
1619215,0.9999,0.0009,0.0102,0.0024,-0.0031,0.0082,-0.2724,0
1619381,0.9999,0.0009,0.0102,0.0024,-0.0021,0.0082,-0.2873,0
1619548,0.9999,0.0009,0.0102,0.0024,-0.0061,0.0185,-0.2779,0
1619715,0.9999,0.0008,0.0102,0.0024,-0.0013,-0.0030,-0.2904,0
1619881,0.9999,0.0009,0.0102,0.0024,0.0079,0.0175,-0.2452,0
1620048,0.9999,0.0009,0.0102,0.0024,-0.0203,0.0083,-0.2839,0
1620215,0.9999,0.0009,0.0102,0.0024,-0.0088,0.0073,-0.2656,0
1620381,0.9999,0.0008,0.0102,0.0024,0.0086,-0.0053,-0.2930,0
1620548,0.9999,0.0008,0.0102,0.0024,0.0022,0.0020,-0.2699,0
1620715,0.9999,0.0008,0.0102,0.0024,-0.0083,-0.0083,-0.3056,0
1620881,0.9999,0.0008,0.0102,0.0024,-0.0138,0.0113,-0.2413,0
1621048,0.9999,0.0008,0.0102,0.0024,-0.0156,0.0184,-0.2873,0
1621215,0.9999,0.0008,0.0102,0.0024,0.0014,0.0004,-0.2727,0
1621381,0.9999,0.0009,0.0102,0.0024,-0.0017,0.0047,-0.2602,0
1621548,0.9999,0.0009,0.0102,0.0024,-0.0181,0.0097,-0.2548,0
1621715,0.9999,0.0008,0.0102,0.0024,-0.0118,0.0083,-0.2724,0
1621881,0.9999,0.0008,0.0102,0.0024,-0.0005,-0.0007,-0.2741,0
1622048,0.9999,0.0008,0.0102,0.0024,0.0044,-0.0050,-0.2795,0
1622215,0.9999,0.0008,0.0102,0.0024,-0.0084,-0.0011,-0.2749,0
1622381,0.9999,0.0008,0.0102,0.0024,-0.0137,0.0053,-0.2709,0
1622548,0.9999,0.0008,0.0102,0.0024,-0.0100,0.0113,-0.2993,0
1622715,0.9999,0.0008,0.0102,0.0023,0.0176,0.0185,-0.2858,0
1622881,0.9999,0.0008,0.0102,0.0023,-0.0120,0.0117,-0.2980,0
1623048,0.9999,0.0008,0.0102,0.0024,-0.0189,0.0083,-0.2787,0
1623215,0.9999,0.0008,0.0102,0.0023,-0.0109,0.0059,-0.2865,0
1623381,0.9999,0.0008,0.0102,0.0023,0.0005,0.0029,-0.2957,0
1623548,0.9999,0.0008,0.0102,0.0023,0.0175,0.0022,-0.2795,0
1623715,0.9999,0.0008,0.0102,0.0024,-0.0033,0.0133,-0.2657,0
1623881,0.9999,0.0008,0.0102,0.0024,-0.0175,0.0096,-0.2907,0
1624048,0.9999,0.0008,0.0102,0.0024,0.0162,0.0130,-0.2796,0
1624215,0.9999,0.0008,0.0102,0.0024,0.0251,-0.0028,-0.2628,0
1624381,0.9999,0.0008,0.0102,0.0024,-0.0217,-0.0022,-0.2784,0
1624548,0.9999,0.0008,0.0102,0.0024,-0.0258,-0.0021,-0.2537,0
1624715,0.9999,0.0008,0.0102,0.0024,0.0306,0.0173,-0.2823,0
1624881,0.9999,0.0008,0.0102,0.0024,0.0246,0.0130,-0.2953,0
1625048,0.9999,0.0008,0.0102,0.0024,-0.0196,0.0082,-0.2792,0
1625215,0.9999,0.0008,0.0102,0.0024,-0.0104,-0.0044,-0.2671,0
1625381,0.9999,0.0008,0.0102,0.0024,0.0042,0.0194,-0.2611,0
1625548,0.9999,0.0008,0.0102,0.0024,0.0143,0.0180,-0.2897,0
1625715,0.9999,0.0008,0.0102,0.0024,0.0007,-0.0036,-0.2936,0
1625881,0.9999,0.0008,0.0102,0.0024,-0.0207,-0.0012,-0.3031,0
1626048,0.9999,0.0008,0.0102,0.0024,-0.0164,-0.0026,-0.2464,0
1626215,0.9999,0.0007,0.0102,0.0024,0.0067,0.0310,-0.3020,0
1626381,0.9999,0.0007,0.0102,0.0024,0.0169,-0.0045,-0.2598,0
1626548,0.9999,0.0007,0.0102,0.0024,-0.0198,0.0006,-0.3105,0
1626715,0.9999,0.0007,0.0102,0.0024,-0.0122,-0.0036,-0.2478,0
1626881,0.9999,0.0007,0.0102,0.0024,0.0023,0.0118,-0.2780,0
1627048,0.9999,0.0007,0.0102,0.0024,0.0187,0.0111,-0.2913,0
1627215,0.9999,0.0007,0.0102,0.0025,0.0101,0.0155,-0.2849,0
1627381,0.9999,0.0007,0.0102,0.0025,-0.0100,-0.0089,-0.2910,0
1627548,0.9999,0.0007,0.0101,0.0025,-0.0063,0.0065,-0.2773,0
1627715,0.9999,0.0007,0.0101,0.0025,0.0132,0.0110,-0.2670,0
1627881,0.9999,0.0007,0.0101,0.0025,-0.0204,-0.0182,-0.2410,0
1628048,0.9999,0.0007,0.0101,0.0025,-0.0344,-0.0006,-0.2759,0
1628215,0.9999,0.0007,0.0101,0.0025,0.0076,0.0213,-0.2888,0
1628381,0.9999,0.0007,0.0101,0.0025,0.0280,0.0038,-0.2979,0
1628548,0.9999,0.0007,0.0101,0.0025,0.0117,0.0141,-0.2575,0
1628715,0.9999,0.0007,0.0101,0.0025,-0.0321,-0.0067,-0.2861,0
1628881,0.9999,0.0007,0.0101,0.0024,-0.0135,-0.0007,-0.2465,0
1629048,0.9999,0.0007,0.0101,0.0024,0.0099,0.0190,-0.3082,0
1629215,0.9999,0.0007,0.0101,0.0024,0.0133,0.0301,-0.2596,0
1629381,0.9999,0.0007,0.0101,0.0024,-0.0195,-0.0053,-0.3229,0
1629548,0.9999,0.0007,0.0101,0.0025,-0.0207,-0.0028,-0.2692,0
1629715,0.9999,0.0008,0.0101,0.0025,0.0017,0.0218,-0.3177,0
1629881,0.9999,0.0008,0.0101,0.0024,0.0215,-0.0003,-0.2079,0
1630048,0.9999,0.0007,0.0101,0.0025,-0.0778,0.0219,-0.2976,0
1630215,0.9999,0.0008,0.0101,0.0025,0.0044,-0.0098,-0.2769,0
1630381,0.9999,0.0007,0.0101,0.0024,0.0347,0.0055,-0.2661,0
1630548,0.9999,0.0008,0.0101,0.0025,-0.0139,0.0064,-0.3104,0
1630715,0.9999,0.0008,0.0101,0.0025,-0.0313,0.0171,-0.2435,0
1630881,0.9999,0.0008,0.0101,0.0025,-0.0212,-0.0048,-0.2869,0
1631048,0.9999,0.0008,0.0101,0.0025,0.0447,-0.0104,-0.2666,0
1631215,0.9999,0.0008,0.0101,0.0025,-0.0152,0.0353,-0.2893,0
1631381,0.9999,0.0008,0.0101,0.0025,-0.0057,-0.0165,-0.2419,0
1631548,0.9999,0.0008,0.0101,0.0025,-0.0351,-0.0028,-0.2758,0
1631715,0.9999,0.0008,0.0101,0.0025,0.0144,0.0364,-0.2565,0
1631881,0.9999,0.0008,0.0101,0.0025,0.0465,-0.0004,-0.3201,0
1632048,0.9999,0.0008,0.0101,0.0025,-0.0213,0.0040,-0.2613,0
1632215,0.9999,0.0007,0.0101,0.0025,-0.0694,0.0150,-0.2651,0
1632381,0.9999,0.0007,0.0101,0.0025,0.0152,-0.0004,-0.2919,0
1632548,0.9999,0.0007,0.0101,0.0025,0.0109,0.0195,-0.2657,0
1632715,0.9999,0.0007,0.0101,0.0025,-0.0192,0.0145,-0.2819,0
1632881,0.9999,0.0007,0.0101,0.0025,-0.0290,0.0015,-0.2656,0
1633048,0.9999,0.0007,0.0101,0.0025,-0.0143,0.0108,-0.2885,0
1633215,0.9999,0.0007,0.0101,0.0025,0.0034,0.0213,-0.2729,0
1633381,0.9999,0.0007,0.0101,0.0025,0.0050,-0.0060,-0.3029,0
1633548,0.9999,0.0007,0.0101,0.0025,-0.0207,0.0014,-0.2695,0
1633715,0.9999,0.0007,0.0101,0.0025,-0.0291,0.0193,-0.2479,0
1633881,0.9999,0.0007,0.0101,0.0025,0.0163,0.0035,-0.2945,0
1634048,0.9999,0.0007,0.0101,0.0025,0.0313,0.0107,-0.2912,0
1634215,0.9999,0.0007,0.0101,0.0025,-0.0051,-0.0023,-0.3046,0
1634381,0.9999,0.0007,0.0101,0.0025,-0.0064,0.0013,-0.3034,0
1634548,0.9999,0.0007,0.0101,0.0025,-0.0052,0.0241,-0.2611,0
1634715,0.9999,0.0007,0.0101,0.0025,-0.0105,0.0370,-0.2937,0
1634881,0.9999,0.0007,0.0101,0.0025,-0.0114,-0.0199,-0.2661,0
1635048,0.9999,0.0007,0.0101,0.0025,-0.0008,0.0070,-0.2757,0
1635215,0.9999,0.0007,0.0101,0.0025,0.0134,0.0128,-0.2664,0
1635382,0.9999,0.0007,0.0101,0.0025,0.0172,0.0086,-0.2908,0
1635548,0.9999,0.0007,0.0101,0.0025,-0.0216,0.0087,-0.2910,0
1635715,0.9999,0.0007,0.0101,0.0025,-0.0222,-0.0069,-0.2810,0
1635882,0.9999,0.0007,0.0101,0.0025,0.0010,-0.0013,-0.2989,0
1636048,0.9999,0.0007,0.0101,0.0025,0.0024,0.0188,-0.2898,0
1636215,0.9999,0.0007,0.0101,0.0025,-0.0098,-0.0093,-0.2847,0
1636382,0.9999,0.0007,0.0101,0.0025,-0.0251,0.0038,-0.2678,0
1636548,0.9999,0.0007,0.0101,0.0025,0.0042,0.0156,-0.2683,0
1636715,0.9999,0.0007,0.0101,0.0025,0.0292,0.0090,-0.2681,0
1636882,0.9999,0.0007,0.0101,0.0025,0.0018,0.0068,-0.3090,0
1637048,0.9999,0.0007,0.0101,0.0025,-0.0170,-0.0034,-0.2820,0
1637215,0.9999,0.0007,0.0101,0.0025,-0.0177,0.0065,-0.2902,0
1637382,0.9999,0.0007,0.0101,0.0024,0.0169,0.0172,-0.2729,0
1637548,0.9999,0.0007,0.0101,0.0025,0.0042,0.0072,-0.3079,0
1637715,0.9999,0.0008,0.0101,0.0025,-0.0279,-0.0087,-0.2830,0
1637882,0.9999,0.0008,0.0101,0.0025,-0.0098,-0.0069,-0.2738,0
1638048,0.9999,0.0008,0.0101,0.0025,0.0048,0.0121,-0.2739,0
1638215,0.9999,0.0008,0.0101,0.0025,0.0200,0.0213,-0.2727,0
1638382,0.9999,0.0008,0.0101,0.0025,-0.0004,-0.0013,-0.3111,0
1638548,0.9999,0.0008,0.0101,0.0025,-0.0276,-0.0103,-0.2463,0
1638715,0.9999,0.0008,0.0101,0.0025,-0.0145,0.0039,-0.2570,0
1638882,0.9999,0.0008,0.0101,0.0025,0.0056,0.0078,-0.2545,0
1639048,0.9999,0.0008,0.0101,0.0025,0.0016,0.0025,-0.2937,0
1639215,0.9999,0.0008,0.0101,0.0025,0.0058,0.0076,-0.2731,0
1639382,0.9999,0.0008,0.0101,0.0025,-0.0042,0.0033,-0.2869,0
1639548,0.9999,0.0008,0.0101,0.0025,0.0087,0.0055,-0.2800,0
1639715,0.9999,0.0008,0.0101,0.0025,0.0041,0.0101,-0.2679,0
1639882,0.9999,0.0008,0.0101,0.0024,-0.0058,-0.0098,-0.2798,0
1640048,0.9999,0.0008,0.0101,0.0024,-0.0133,0.0048,-0.2819,0
1640215,0.9999,0.0008,0.0101,0.0024,0.0083,0.0121,-0.2639,0
1640382,0.9999,0.0008,0.0101,0.0024,0.0147,0.0059,-0.2817,0
1640548,0.9999,0.0008,0.0101,0.0024,-0.0067,-0.0023,-0.2605,0
1640715,0.9999,0.0008,0.0101,0.0024,-0.0177,-0.0088,-0.2905,0
1640882,0.9999,0.0008,0.0101,0.0024,0.0137,-0.0033,-0.2802,0
1641048,0.9999,0.0008,0.0101,0.0024,0.0069,0.0153,-0.2705,0
1641215,0.9999,0.0008,0.0101,0.0025,0.0068,0.0015,-0.2789,0
1641382,0.9999,0.0008,0.0101,0.0025,-0.0153,-0.0041,-0.2875,0
1641548,0.9999,0.0008,0.0101,0.0024,0.0005,0.0146,-0.2872,0
1641715,0.9999,0.0008,0.0101,0.0025,-0.0005,-0.0124,-0.2573,0
1641882,0.9999,0.0008,0.0101,0.0024,-0.0490,-0.0043,-0.2972,0
1642048,0.9999,0.0008,0.0101,0.0024,-0.0170,-0.0104,-0.2589,0
1642215,0.9999,0.0008,0.0101,0.0024,0.0223,0.0182,-0.2764,0
1642382,0.9999,0.0008,0.0101,0.0025,0.0098,0.0148,-0.2799,0
1642548,0.9999,0.0008,0.0101,0.0025,-0.0183,-0.0049,-0.2747,0
1642715,0.9999,0.0008,0.0101,0.0025,-0.0211,-0.0032,-0.2882,0
1642882,0.9999,0.0008,0.0101,0.0025,-0.0069,0.0048,-0.2703,0
1643048,0.9999,0.0008,0.0101,0.0025,0.0107,0.0108,-0.2674,0
1643215,0.9999,0.0008,0.0101,0.0025,0.0128,-0.0109,-0.2843,0
1643382,0.9999,0.0008,0.0101,0.0025,-0.0266,-0.0076,-0.2728,0
1643548,0.9999,0.0008,0.0101,0.0025,-0.0107,0.0100,-0.2519,0
1643715,0.9999,0.0008,0.0101,0.0025,0.0004,0.0110,-0.2920,0
1643882,0.9999,0.0008,0.0101,0.0025,0.0141,-0.0052,-0.2600,0
1644048,0.9999,0.0008,0.0101,0.0025,-0.0187,-0.0091,-0.2606,0
1644215,0.9999,0.0008,0.0101,0.0025,-0.0268,-0.0022,-0.2826,0
1644382,0.9999,0.0008,0.0101,0.0025,0.0054,0.0171,-0.2523,0
1644548,0.9999,0.0008,0.0102,0.0025,0.0047,0.0143,-0.3050,0
1644715,0.9999,0.0008,0.0102,0.0025,-0.0017,-0.0076,-0.2793,0
1644882,0.9999,0.0008,0.0102,0.0025,-0.0066,0.0030,-0.2942,0
1645048,0.9999,0.0008,0.0102,0.0025,-0.0046,0.0100,-0.2678,0
1645215,0.9999,0.0008,0.0102,0.0025,0.0101,0.0240,-0.2577,0
1645382,0.9999,0.0008,0.0102,0.0025,0.0019,-0.0206,-0.2773,0
1645548,0.9999,0.0008,0.0102,0.0025,-0.0078,-0.0069,-0.2805,0
1645715,0.9999,0.0008,0.0102,0.0025,0.0045,0.0128,-0.2655,0
1645882,0.9999,0.0008,0.0102,0.0025,0.0197,0.0347,-0.2912,0
1646048,0.9999,0.0008,0.0102,0.0025,-0.0009,0.0016,-0.2897,0
1646215,0.9999,0.0008,0.0102,0.0025,-0.0514,-0.0140,-0.2503,0
1646382,0.9999,0.0008,0.0102,0.0025,-0.0059,0.0003,-0.2976,0
1646548,0.9999,0.0008,0.0102,0.0025,0.0536,0.0200,-0.2724,0
1646715,0.9999,0.0008,0.0102,0.0025,0.0082,0.0070,-0.2798,0
1646882,0.9999,0.0008,0.0102,0.0025,-0.0254,-0.0106,-0.2759,0
1647048,0.9999,0.0008,0.0102,0.0025,-0.0261,0.0130,-0.2508,0
1647215,0.9999,0.0008,0.0102,0.0025,0.0288,0.0100,-0.3385,0
1647382,0.9999,0.0008,0.0102,0.0025,0.0254,0.0111,-0.2830,0
1647548,0.9999,0.0008,0.0102,0.0025,-0.0254,-0.0003,-0.2386,0
1647715,0.9999,0.0008,0.0102,0.0025,-0.0156,-0.0049,-0.2941,0
1647882,0.9999,0.0008,0.0102,0.0025,0.0168,0.0089,-0.2750,0
1648048,0.9999,0.0008,0.0102,0.0025,0.0198,0.0320,-0.2493,0
1648215,0.9999,0.0008,0.0102,0.0025,-0.0014,-0.0029,-0.3071,0
1648382,0.9999,0.0008,0.0102,0.0025,-0.0085,-0.0012,-0.2376,0
1648548,0.9999,0.0008,0.0102,0.0025,-0.0084,0.0029,-0.2776,0
1648715,0.9999,0.0008,0.0102,0.0025,0.0009,-0.0063,-0.2669,0
1648882,0.9999,0.0008,0.0102,0.0025,0.0127,0.0102,-0.2852,0
1649048,0.9999,0.0008,0.0102,0.0025,0.0017,-0.0063,-0.2785,0
1649215,0.9999,0.0008,0.0102,0.0025,0.0030,-0.0095,-0.2874,0
1649382,0.9999,0.0008,0.0102,0.0025,0.0088,0.0067,-0.2641,0
1649548,0.9999,0.0008,0.0102,0.0025,0.0009,-0.0021,-0.3029,0
1649715,0.9999,0.0008,0.0102,0.0025,-0.0038,0.0003,-0.2652,0
1649882,0.9999,0.0008,0.0102,0.0025,-0.0009,0.0013,-0.2808,0
1650048,0.9999,0.0008,0.0102,0.0025,-0.0083,0.0089,-0.2814,0
1650215,0.9999,0.0008,0.0102,0.0025,0.0103,0.0107,-0.2788,0
1650382,0.9999,0.0008,0.0102,0.0025,-0.0079,0.0086,-0.2754,0
1650548,0.9999,0.0008,0.0102,0.0025,0.0005,0.0031,-0.2846,0
1650715,0.9999,0.0008,0.0102,0.0025,0.0037,-0.0076,-0.2753,0
1650882,0.9999,0.0008,0.0102,0.0025,-0.0096,0.0063,-0.3072,0
1651048,0.9999,0.0008,0.0102,0.0025,-0.0130,0.0025,-0.2649,0
1651215,0.9999,0.0008,0.0102,0.0025,-0.0168,0.0023,-0.2609,0
1651382,0.9999,0.0008,0.0102,0.0025,-0.0034,0.0098,-0.2547,0
1651548,0.9999,0.0008,0.0102,0.0025,0.0006,-0.0043,-0.2762,0
1651715,0.9999,0.0008,0.0102,0.0025,-0.0101,-0.0014,-0.2769,0
1651882,0.9999,0.0008,0.0102,0.0025,-0.0040,-0.0074,-0.2825,0
1652049,0.9999,0.0008,0.0102,0.0025,0.0079,-0.0017,-0.2714,0
1652215,0.9999,0.0008,0.0102,0.0025,0.0075,0.0064,-0.2903,0
1652382,0.9999,0.0008,0.0102,0.0025,0.0161,0.0059,-0.2913,0
1652549,0.9999,0.0008,0.0102,0.0025,-0.0053,-0.0097,-0.2750,0
1652715,0.9999,0.0008,0.0102,0.0025,0.0059,-0.0061,-0.2891,0
1652882,0.9999,0.0008,0.0102,0.0025,0.0056,0.0176,-0.2634,0
1653049,0.9999,0.0008,0.0102,0.0025,0.0166,0.0150,-0.2707,0
1653215,0.9999,0.0008,0.0102,0.0025,-0.0061,0.0095,-0.2741,0
1653382,0.9999,0.0008,0.0102,0.0025,-0.0158,-0.0067,-0.2737,0
1653549,0.9999,0.0008,0.0102,0.0025,0.0078,-0.0012,-0.2847,0
1653715,0.9999,0.0008,0.0102,0.0025,-0.0049,0.0099,-0.2734,0
1653882,0.9999,0.0008,0.0102,0.0025,-0.0033,0.0093,-0.2828,0
1654049,0.9999,0.0008,0.0102,0.0025,-0.0017,0.0087,-0.2827,0
1654215,0.9999,0.0008,0.0102,0.0025,-0.0069,0.0074,-0.2753,0
1654382,0.9999,0.0008,0.0102,0.0025,0.0050,0.0085,-0.2997,0
1654549,0.9999,0.0008,0.0102,0.0025,0.0107,0.0034,-0.2936,0
1654715,0.9999,0.0008,0.0102,0.0025,-0.0025,0.0012,-0.2815,0
1654882,0.9999,0.0008,0.0102,0.0025,-0.0090,-0.0012,-0.2808,0
1655049,0.9999,0.0008,0.0102,0.0025,0.0006,0.0073,-0.2736,0
1655215,0.9999,0.0008,0.0102,0.0025,0.0015,-0.0036,-0.2858,0
1655382,0.9999,0.0008,0.0102,0.0025,0.0019,-0.0026,-0.2987,0
1655549,0.9999,0.0008,0.0102,0.0025,0.0079,0.0058,-0.2521,0
1655715,0.9999,0.0008,0.0102,0.0025,-0.0018,0.0005,-0.2811,0
1655882,0.9999,0.0008,0.0102,0.0025,-0.0042,0.0132,-0.2831,0
1656049,0.9999,0.0008,0.0102,0.0025,0.0040,0.0067,-0.2915,0
1656215,0.9999,0.0008,0.0102,0.0025,0.0004,-0.0088,-0.2834,0
1656382,0.9999,0.0008,0.0102,0.0025,-0.0036,0.0091,-0.2774,0
1656549,0.9999,0.0008,0.0102,0.0025,0.0027,0.0150,-0.2607,0
1656715,0.9999,0.0008,0.0102,0.0025,0.0068,-0.0006,-0.2475,0
1656882,0.9999,0.0008,0.0102,0.0025,0.0033,-0.0035,-0.2874,0
1657049,0.9999,0.0008,0.0102,0.0025,0.0067,-0.0024,-0.2675,0
1657215,0.9999,0.0008,0.0102,0.0025,0.0030,0.0055,-0.2882,0
1657382,0.9999,0.0008,0.0102,0.0025,-0.0014,-0.0015,-0.2948,0
1657549,0.9999,0.0008,0.0102,0.0025,0.0149,-0.0006,-0.2726,0
1657715,0.9999,0.0008,0.0102,0.0025,0.0033,0.0217,-0.2988,0
1657882,0.9999,0.0008,0.0102,0.0025,-0.0029,0.0096,-0.2617,0
1658049,0.9999,0.0008,0.0102,0.0025,-0.0055,0.0080,-0.2785,0
1658215,0.9999,0.0008,0.0102,0.0025,0.0029,-0.0000,-0.2951,0
1658382,0.9999,0.0008,0.0102,0.0025,-0.0077,0.0023,-0.2809,0
1658549,0.9999,0.0008,0.0102,0.0025,0.0014,-0.0050,-0.3170,0
1658715,0.9999,0.0008,0.0102,0.0025,-0.0095,0.0144,-0.2347,0
1658882,0.9999,0.0008,0.0102,0.0025,-0.0088,-0.0086,-0.2967,0
1659049,0.9999,0.0008,0.0102,0.0025,0.0111,0.0010,-0.2587,0
1659215,0.9999,0.0009,0.0102,0.0025,0.0094,0.0036,-0.2845,0
1659382,0.9999,0.0009,0.0102,0.0025,0.0088,0.0048,-0.2719,0
1659549,0.9999,0.0008,0.0102,0.0025,-0.0199,0.0011,-0.2944,0
1659715,0.9999,0.0008,0.0102,0.0025,-0.0093,0.0155,-0.2628,0
1659882,0.9999,0.0008,0.0102,0.0025,0.0044,-0.0045,-0.2960,0
1660049,0.9999,0.0008,0.0102,0.0025,-0.0097,0.0047,-0.2754,0
1660215,0.9999,0.0008,0.0102,0.0025,0.0069,-0.0006,-0.2882,0
1660382,0.9999,0.0008,0.0102,0.0025,-0.0042,0.0025,-0.2708,0
1660549,0.9999,0.0008,0.0102,0.0025,-0.0080,0.0172,-0.2723,0
1660715,0.9999,0.0008,0.0102,0.0025,0.0037,0.0079,-0.2635,0
1660882,0.9999,0.0008,0.0102,0.0025,-0.0000,-0.0052,-0.2786,0
1661049,0.9999,0.0008,0.0102,0.0025,-0.0091,0.0062,-0.2571,0
1661215,0.9999,0.0008,0.0102,0.0025,-0.0051,0.0146,-0.2700,0
1661382,0.9999,0.0008,0.0102,0.0025,0.0047,-0.0059,-0.2682,0
1661549,0.9999,0.0008,0.0102,0.0025,-0.0074,0.0095,-0.2911,0
1661715,0.9999,0.0008,0.0102,0.0025,0.0056,-0.0028,-0.2707,0
1661882,0.9999,0.0008,0.0102,0.0025,0.0095,0.0051,-0.3107,0
1662049,0.9999,0.0008,0.0102,0.0025,-0.0001,0.0041,-0.2673,0
1662215,0.9999,0.0008,0.0102,0.0025,-0.0068,0.0100,-0.2775,0
1662382,0.9999,0.0009,0.0102,0.0025,-0.0023,0.0134,-0.2811,0
1662549,0.9999,0.0008,0.0102,0.0025,0.0034,0.0108,-0.2664,0
1662715,0.9999,0.0008,0.0102,0.0025,-0.0033,-0.0082,-0.2742,0
1662882,0.9999,0.0009,0.0102,0.0025,0.0013,-0.0005,-0.2930,0
1663049,0.9999,0.0009,0.0102,0.0025,0.0104,0.0041,-0.2760,0
1663215,0.9999,0.0009,0.0102,0.0025,-0.0035,0.0056,-0.2664,0
1663382,0.9999,0.0009,0.0102,0.0025,-0.0107,-0.0026,-0.2821,0
1663549,0.9999,0.0009,0.0102,0.0024,-0.0094,-0.0097,-0.2789,0
1663715,0.9999,0.0009,0.0102,0.0025,0.0028,-0.0014,-0.2780,0
1663882,0.9999,0.0009,0.0102,0.0025,-0.0029,0.0088,-0.2863,0
1664049,0.9999,0.0009,0.0102,0.0024,-0.0014,-0.0135,-0.2787,0
1664215,0.9999,0.0008,0.0102,0.0025,0.0116,0.0140,-0.3103,0
1664382,0.9999,0.0008,0.0102,0.0025,0.0218,-0.0055,-0.2967,0
1664549,0.9999,0.0008,0.0102,0.0025,0.0071,0.0138,-0.2627,0
1664715,0.9999,0.0008,0.0102,0.0025,0.0033,-0.0026,-0.2904,0
1664882,0.9999,0.0008,0.0102,0.0025,-0.0023,0.0146,-0.2565,0
1665049,0.9999,0.0008,0.0102,0.0025,-0.0011,0.0096,-0.2853,0
1665215,0.9999,0.0008,0.0102,0.0025,-0.0047,0.0034,-0.2866,0
1665382,0.9999,0.0008,0.0102,0.0025,0.0128,-0.0032,-0.2677,0
1665549,0.9999,0.0008,0.0102,0.0025,0.0137,0.0006,-0.2995,0
1665715,0.9999,0.0008,0.0102,0.0025,-0.0075,0.0028,-0.2761,0
1665882,0.9999,0.0008,0.0102,0.0025,-0.0024,0.0021,-0.2776,0
1666049,0.9999,0.0008,0.0102,0.0025,-0.0033,-0.0015,-0.3016,0
1666215,0.9999,0.0008,0.0102,0.0025,-0.0009,-0.0052,-0.2696,0
1666382,0.9999,0.0008,0.0102,0.0025,0.0001,0.0081,-0.3067,0
1666549,0.9999,0.0008,0.0102,0.0025,-0.0063,0.0076,-0.2826,0
1666715,0.9999,0.0008,0.0102,0.0025,0.0047,0.0161,-0.2705,0
1666882,0.9999,0.0008,0.0102,0.0025,-0.0095,-0.0043,-0.2698,0
1667049,0.9999,0.0008,0.0102,0.0025,0.0002,-0.0034,-0.2759,0
1667215,0.9999,0.0008,0.0102,0.0025,-0.0093,-0.0075,-0.2481,0
1667382,0.9999,0.0008,0.0102,0.0025,0.0041,-0.0032,-0.2876,0
1667549,0.9999,0.0008,0.0102,0.0025,0.0068,-0.0056,-0.2813,0
1667715,0.9999,0.0008,0.0102,0.0025,-0.0132,0.0045,-0.2672,0
1667882,0.9999,0.0008,0.0102,0.0025,-0.0055,0.0073,-0.2952,0
1668049,0.9999,0.0008,0.0102,0.0025,-0.0011,-0.0047,-0.2722,0
1668215,0.9999,0.0008,0.0102,0.0025,-0.0057,-0.0044,-0.2854,0
1668382,0.9999,0.0008,0.0102,0.0025,-0.0026,0.0112,-0.2777,0
1668549,0.9999,0.0008,0.0102,0.0025,0.0043,0.0112,-0.2677,0
1668716,0.9999,0.0008,0.0102,0.0025,-0.0014,0.0067,-0.2900,0
1668882,0.9999,0.0008,0.0102,0.0025,-0.0134,-0.0078,-0.2683,0
1669049,0.9999,0.0008,0.0102,0.0025,-0.0037,0.0046,-0.2711,0
1669216,0.9999,0.0008,0.0102,0.0025,-0.0060,0.0103,-0.2899,0
1669382,0.9999,0.0008,0.0102,0.0025,-0.0081,0.0065,-0.2912,0
1669549,0.9999,0.0008,0.0102,0.0025,0.0082,-0.0027,-0.2875,0
1669716,0.9999,0.0008,0.0102,0.0025,-0.0001,-0.0031,-0.2771,0
1669882,0.9999,0.0008,0.0102,0.0025,-0.0030,0.0075,-0.2921,0
1670049,0.9999,0.0008,0.0102,0.0025,-0.0019,0.0022,-0.2724,0
1670216,0.9999,0.0008,0.0102,0.0025,-0.0035,0.0140,-0.2886,0
1670382,0.9999,0.0008,0.0102,0.0025,0.0022,0.0059,-0.2863,0
1670549,0.9999,0.0008,0.0102,0.0025,-0.0120,0.0198,-0.2984,0
1670716,0.9999,0.0008,0.0102,0.0025,0.0023,-0.0011,-0.2799,0
1670882,0.9999,0.0008,0.0102,0.0025,-0.0056,-0.0023,-0.2679,0
1671049,0.9999,0.0008,0.0102,0.0025,-0.0024,0.0126,-0.2775,0
1671216,0.9999,0.0008,0.0102,0.0025,-0.0095,0.0102,-0.2910,0
1671382,0.9999,0.0008,0.0102,0.0026,-0.0065,-0.0004,-0.2960,0
1671549,0.9999,0.0008,0.0102,0.0026,-0.0008,0.0173,-0.2866,0
1671716,0.9999,0.0008,0.0102,0.0025,0.0041,0.0049,-0.2828,0
1671882,0.9999,0.0008,0.0102,0.0026,0.0039,0.0057,-0.3033,0
1672049,0.9999,0.0008,0.0102,0.0026,-0.0107,0.0136,-0.2906,0
1672216,0.9999,0.0008,0.0102,0.0026,0.0080,0.0028,-0.2577,0
1672382,0.9999,0.0008,0.0102,0.0026,-0.0063,-0.0040,-0.2832,0
1672549,0.9999,0.0008,0.0102,0.0026,0.0053,-0.0070,-0.2941,0
1672716,0.9999,0.0008,0.0102,0.0026,-0.0084,0.0009,-0.2908,0
1672882,0.9999,0.0008,0.0102,0.0026,-0.0066,0.0006,-0.2982,0
1673049,0.9999,0.0008,0.0102,0.0026,0.0075,0.0034,-0.2789,0
1673216,0.9999,0.0008,0.0102,0.0026,0.0081,-0.0035,-0.2900,0
1673382,0.9999,0.0008,0.0102,0.0026,-0.0030,-0.0017,-0.2775,0
1673549,0.9999,0.0008,0.0102,0.0026,-0.0041,0.0145,-0.2795,0
1673716,0.9999,0.0008,0.0102,0.0025,0.0036,-0.0072,-0.2814,0
1673882,0.9999,0.0008,0.0102,0.0026,0.0013,0.0010,-0.2588,0
1674049,0.9999,0.0008,0.0102,0.0026,-0.0039,0.0052,-0.2860,0
1674216,0.9999,0.0008,0.0102,0.0026,0.0134,0.0099,-0.2791,0
1674382,0.9999,0.0008,0.0102,0.0026,-0.0071,0.0023,-0.2838,0
1674549,0.9999,0.0008,0.0102,0.0026,-0.0147,-0.0047,-0.2801,0
1674716,0.9999,0.0008,0.0102,0.0026,0.0048,0.0131,-0.2709,0
1674882,0.9999,0.0008,0.0102,0.0026,0.0165,0.0149,-0.3108,0
1675049,0.9999,0.0008,0.0102,0.0026,-0.0009,0.0017,-0.2595,0
1675216,0.9999,0.0008,0.0102,0.0026,0.0012,0.0025,-0.2846,0
1675382,0.9999,0.0008,0.0102,0.0026,-0.0011,0.0145,-0.2595,0
1675549,0.9999,0.0008,0.0102,0.0026,0.0018,0.0084,-0.2748,0
1675716,0.9999,0.0008,0.0102,0.0026,-0.0045,0.0147,-0.2624,0
1675882,0.9999,0.0008,0.0102,0.0026,-0.0044,0.0066,-0.2885,0
1676049,0.9999,0.0008,0.0102,0.0026,0.0095,0.0126,-0.2652,0
1676216,0.9999,0.0008,0.0102,0.0026,-0.0001,0.0142,-0.2583,0
1676382,0.9999,0.0008,0.0102,0.0026,0.0008,-0.0018,-0.2906,0
1676549,0.9999,0.0008,0.0102,0.0026,-0.0020,0.0051,-0.2866,0
1676716,0.9999,0.0008,0.0102,0.0026,-0.0011,-0.0082,-0.2959,0
1676882,0.9999,0.0008,0.0102,0.0026,0.0082,-0.0050,-0.2672,0
1677049,0.9999,0.0008,0.0102,0.0026,0.0166,0.0112,-0.2840,0
1677216,0.9999,0.0008,0.0102,0.0026,0.0110,0.0067,-0.2676,0
1677382,0.9999,0.0008,0.0102,0.0026,-0.0061,0.0102,-0.2851,0
1677549,0.9999,0.0008,0.0102,0.0026,-0.0022,0.0032,-0.2735,0
1677716,0.9999,0.0008,0.0102,0.0026,-0.0017,0.0068,-0.2830,0
1677882,0.9999,0.0008,0.0102,0.0026,-0.0049,0.0058,-0.2845,0
1678049,0.9999,0.0008,0.0102,0.0026,-0.0104,0.0016,-0.2907,0
1678216,0.9999,0.0008,0.0102,0.0026,0.0165,0.0219,-0.2653,0
1678382,0.9999,0.0008,0.0102,0.0026,0.0001,0.0129,-0.2896,0
1678549,0.9999,0.0008,0.0102,0.0026,0.0056,-0.0038,-0.2632,0
1678716,0.9999,0.0008,0.0102,0.0026,-0.0166,-0.0016,-0.2984,0
1678882,0.9999,0.0008,0.0102,0.0026,-0.0024,0.0075,-0.2668,0
1679049,0.9999,0.0008,0.0102,0.0026,0.0014,0.0066,-0.2706,0
1679216,0.9999,0.0008,0.0102,0.0026,0.0012,-0.0015,-0.2819,0
1679382,0.9999,0.0008,0.0102,0.0026,-0.0054,-0.0008,-0.2652,0
1679549,0.9999,0.0008,0.0102,0.0026,0.0048,-0.0007,-0.2870,0
1679716,0.9999,0.0008,0.0102,0.0027,-0.0111,0.0062,-0.2875,0
1679882,0.9999,0.0008,0.0102,0.0026,-0.0049,0.0079,-0.2958,0
1680049,0.9999,0.0008,0.0102,0.0026,-0.0062,-0.0011,-0.2535,0
1680216,0.9999,0.0008,0.0102,0.0027,-0.0091,0.0110,-0.2923,0
1680382,0.9999,0.0008,0.0102,0.0027,0.0124,0.0103,-0.2844,0
1680549,0.9999,0.0008,0.0102,0.0027,0.0041,-0.0009,-0.2595,0
1680716,0.9999,0.0008,0.0102,0.0026,0.0014,-0.0087,-0.3047,0
1680882,0.9999,0.0008,0.0102,0.0027,0.0132,0.0091,-0.2775,0
1681049,0.9999,0.0008,0.0102,0.0027,-0.0055,0.0100,-0.2813,0
1681216,0.9999,0.0008,0.0102,0.0027,0.0131,0.0004,-0.2947,0
1681382,0.9999,0.0008,0.0102,0.0027,-0.0028,0.0180,-0.2844,0
1681549,0.9999,0.0008,0.0102,0.0027,0.0004,0.0042,-0.2830,0
1681716,0.9999,0.0008,0.0102,0.0027,-0.0078,-0.0073,-0.2842,0
1681882,0.9999,0.0008,0.0102,0.0027,-0.0066,0.0246,-0.2772,0
1682049,0.9999,0.0008,0.0102,0.0027,0.0132,-0.0001,-0.2752,0
1682216,0.9999,0.0008,0.0102,0.0027,-0.0052,-0.0079,-0.2834,0
1682382,0.9999,0.0008,0.0102,0.0027,-0.0079,0.0053,-0.2784,0
1682549,0.9999,0.0008,0.0102,0.0027,0.0037,-0.0037,-0.2878,0
1682716,0.9999,0.0008,0.0102,0.0027,-0.0063,0.0039,-0.2875,0
1682882,0.9999,0.0008,0.0102,0.0027,-0.0141,0.0168,-0.2879,0
1683049,0.9999,0.0008,0.0102,0.0027,-0.0127,-0.0105,-0.2670,0
1683216,0.9999,0.0008,0.0102,0.0027,0.0033,0.0208,-0.3108,0
1683382,0.9999,0.0008,0.0102,0.0027,0.0091,0.0082,-0.2540,0
1683549,0.9999,0.0008,0.0102,0.0027,-0.0031,0.0071,-0.3005,0
1683716,0.9999,0.0008,0.0102,0.0027,-0.0074,0.0134,-0.2950,0
1683882,0.9999,0.0008,0.0102,0.0027,0.0080,-0.0070,-0.2565,0
1684049,0.9999,0.0008,0.0102,0.0027,0.0022,0.0066,-0.2816,0
1684216,0.9999,0.0008,0.0102,0.0027,0.0023,0.0057,-0.2564,0
1684382,0.9999,0.0008,0.0102,0.0027,-0.0074,-0.0038,-0.2946,0
1684549,0.9999,0.0008,0.0102,0.0027,-0.0056,0.0050,-0.2794,0
1684716,0.9999,0.0008,0.0102,0.0027,-0.0081,0.0023,-0.2797,0
1684882,0.9999,0.0008,0.0102,0.0027,-0.0028,-0.0061,-0.2817,0
1685049,0.9999,0.0008,0.0102,0.0027,-0.0208,0.0032,-0.2864,0
1685216,0.9999,0.0008,0.0102,0.0027,0.0010,0.0026,-0.2547,0
1685383,0.9999,0.0008,0.0102,0.0027,0.0124,0.0029,-0.2979,0
1685549,0.9999,0.0008,0.0102,0.0027,-0.0040,0.0127,-0.2637,0
1685716,0.9999,0.0008,0.0102,0.0027,-0.0014,0.0045,-0.2604,0
1685883,0.9999,0.0008,0.0102,0.0027,-0.0068,0.0027,-0.3029,0
1686049,0.9999,0.0008,0.0102,0.0027,0.0055,0.0142,-0.2316,0
1686216,0.9999,0.0008,0.0102,0.0027,-0.0169,0.0193,-0.3002,0
1686383,0.9999,0.0008,0.0102,0.0027,0.0183,-0.0057,-0.2843,0
1686549,0.9999,0.0008,0.0102,0.0027,-0.0061,0.0095,-0.2771,0
1686716,0.9999,0.0008,0.0102,0.0027,0.0087,0.0161,-0.2628,0
1686883,0.9999,0.0008,0.0102,0.0027,0.0133,0.0049,-0.3077,0
1687049,0.9999,0.0008,0.0102,0.0027,0.0057,-0.0075,-0.2798,0
1687216,0.9999,0.0008,0.0102,0.0027,-0.0129,-0.0001,-0.2882,0
1687383,0.9999,0.0008,0.0102,0.0027,0.0012,0.0070,-0.2810,0
1687549,0.9999,0.0008,0.0102,0.0027,-0.0018,0.0104,-0.2749,0
1687716,0.9999,0.0008,0.0102,0.0027,-0.0085,0.0123,-0.2855,0
1687883,0.9999,0.0008,0.0102,0.0027,-0.0014,0.0028,-0.2726,0
1688049,0.9999,0.0008,0.0102,0.0027,0.0045,-0.0026,-0.2830,0
1688216,0.9999,0.0008,0.0102,0.0027,-0.0107,0.0153,-0.2780,0
1688383,0.9999,0.0008,0.0102,0.0027,0.0041,0.0030,-0.2864,0
1688549,0.9999,0.0008,0.0102,0.0027,0.0027,0.0063,-0.2694,0
1688716,0.9999,0.0008,0.0102,0.0028,-0.0014,0.0085,-0.2679,0
1688883,0.9999,0.0008,0.0102,0.0028,-0.0072,0.0200,-0.2873,0
1689049,0.9999,0.0008,0.0102,0.0028,0.0139,0.0170,-0.2565,0
1689216,0.9999,0.0008,0.0102,0.0028,0.0094,0.0023,-0.2780,0
1689383,0.9999,0.0008,0.0102,0.0028,-0.0040,0.0129,-0.2862,0
1689549,0.9999,0.0008,0.0102,0.0028,0.0060,0.0080,-0.2935,0
1689716,0.9999,0.0008,0.0102,0.0028,0.0025,-0.0042,-0.2848,0
1689883,0.9999,0.0008,0.0102,0.0028,-0.0131,-0.0073,-0.2816,0
1690049,0.9999,0.0008,0.0102,0.0028,-0.0032,0.0037,-0.2682,0
1690216,0.9999,0.0008,0.0102,0.0028,-0.0057,0.0094,-0.2946,0
1690383,0.9999,0.0008,0.0102,0.0028,-0.0015,0.0128,-0.2724,0
1690549,0.9999,0.0008,0.0102,0.0028,-0.0032,0.0041,-0.2724,0
1690716,0.9999,0.0008,0.0102,0.0028,0.0095,0.0144,-0.2924,0
1690883,0.9999,0.0008,0.0102,0.0028,-0.0017,0.0080,-0.2866,0
1691049,0.9999,0.0008,0.0102,0.0028,0.0019,0.0054,-0.2555,0
1691216,0.9999,0.0008,0.0102,0.0028,-0.0016,0.0093,-0.2966,0
1691383,0.9999,0.0008,0.0102,0.0028,0.0078,0.0045,-0.2799,0
1691549,0.9999,0.0008,0.0102,0.0028,0.0028,0.0083,-0.2764,0
1691716,0.9999,0.0008,0.0102,0.0028,0.0012,0.0126,-0.2790,0
1691883,0.9999,0.0008,0.0102,0.0028,-0.0045,0.0106,-0.2625,0
1692049,0.9999,0.0008,0.0102,0.0028,-0.0071,0.0103,-0.2914,0
1692216,0.9999,0.0008,0.0102,0.0028,0.0112,0.0178,-0.2593,0
1692383,0.9999,0.0008,0.0102,0.0028,0.0096,0.0092,-0.2863,0
1692549,0.9999,0.0008,0.0102,0.0028,-0.0124,0.0121,-0.2671,0
1692716,0.9999,0.0008,0.0102,0.0028,-0.0029,0.0138,-0.2594,0
1692883,0.9999,0.0008,0.0102,0.0028,-0.0053,0.0089,-0.3004,0
1693049,0.9999,0.0008,0.0102,0.0028,-0.0001,0.0011,-0.2688,0
1693216,0.9999,0.0008,0.0102,0.0028,0.0025,0.0159,-0.2798,0
1693383,0.9999,0.0008,0.0102,0.0028,0.0023,-0.0006,-0.2626,0
1693549,0.9999,0.0008,0.0102,0.0029,-0.0092,0.0070,-0.2718,0
1693716,0.9999,0.0008,0.0102,0.0028,-0.0119,0.0025,-0.2924,0
1693883,0.9999,0.0008,0.0102,0.0028,0.0021,0.0095,-0.2743,0
1694049,0.9999,0.0008,0.0102,0.0028,0.0050,0.0089,-0.2565,0
1694216,0.9999,0.0008,0.0102,0.0028,-0.0049,0.0132,-0.2884,0
1694383,0.9999,0.0008,0.0102,0.0028,-0.0047,-0.0019,-0.2608,0
1694549,0.9999,0.0008,0.0102,0.0028,0.0010,0.0209,-0.2992,0
1694716,0.9999,0.0009,0.0102,0.0028,-0.0089,0.0067,-0.2741,0
1694883,0.9999,0.0009,0.0102,0.0028,0.0076,0.0167,-0.2836,0
1695049,0.9999,0.0009,0.0102,0.0028,-0.0098,0.0055,-0.2691,0
1695216,0.9999,0.0009,0.0102,0.0028,0.0033,0.0056,-0.2640,0
1695383,0.9999,0.0009,0.0102,0.0028,0.0057,-0.0005,-0.2608,0
1695549,0.9999,0.0008,0.0102,0.0028,0.0055,0.0050,-0.2737,0
1695716,0.9999,0.0008,0.0102,0.0028,0.0041,0.0106,-0.2694,0
1695883,0.9999,0.0008,0.0102,0.0028,-0.0083,-0.0017,-0.2644,0
1696049,0.9999,0.0008,0.0102,0.0028,0.0019,0.0072,-0.2402,0
1696216,0.9999,0.0008,0.0102,0.0028,0.0062,0.0042,-0.2660,0
1696383,0.9999,0.0008,0.0102,0.0029,-0.0044,0.0178,-0.2728,0
1696549,0.9999,0.0008,0.0102,0.0028,-0.0050,0.0062,-0.2934,0
1696716,0.9999,0.0008,0.0102,0.0029,-0.0069,0.0059,-0.2790,0
1696883,0.9999,0.0008,0.0102,0.0029,0.0032,-0.0002,-0.2650,0
1697049,0.9999,0.0008,0.0102,0.0029,-0.0142,0.0170,-0.2734,0
1697216,0.9999,0.0008,0.0102,0.0029,-0.0085,0.0130,-0.2748,0
1697383,0.9999,0.0008,0.0102,0.0029,0.0092,0.0117,-0.2867,0
1697549,0.9999,0.0008,0.0102,0.0029,0.0125,0.0073,-0.2592,0
1697716,0.9999,0.0008,0.0102,0.0029,0.0060,0.0069,-0.2819,0
1697883,0.9999,0.0008,0.0102,0.0029,-0.0058,0.0095,-0.2764,0
1698049,0.9999,0.0008,0.0102,0.0029,-0.0056,0.0100,-0.2754,0
1698216,0.9999,0.0008,0.0101,0.0029,-0.0025,0.0097,-0.2959,0
1698383,0.9999,0.0008,0.0101,0.0029,0.0084,-0.0040,-0.2790,0
1698549,0.9999,0.0008,0.0101,0.0029,-0.0055,0.0043,-0.2944,0
1698716,0.9999,0.0008,0.0101,0.0029,0.0035,-0.0026,-0.2923,0
1698883,0.9999,0.0008,0.0101,0.0029,-0.0029,0.0063,-0.2680,0
1699049,0.9999,0.0008,0.0101,0.0029,0.0054,0.0142,-0.2875,0
1699216,0.9999,0.0008,0.0101,0.0029,0.0151,0.0062,-0.2647,0
1699383,0.9999,0.0008,0.0101,0.0029,-0.0047,0.0046,-0.2744,0
1699549,0.9999,0.0008,0.0101,0.0029,-0.0044,0.0186,-0.2981,0
1699716,0.9999,0.0008,0.0101,0.0029,0.0159,0.0038,-0.2899,0
1699883,0.9999,0.0008,0.0101,0.0029,0.0029,0.0070,-0.2664,0
1700049,0.9999,0.0008,0.0101,0.0029,-0.0127,0.0050,-0.2985,0
1700216,0.9999,0.0008,0.0101,0.0029,-0.0081,0.0108,-0.2799,0
1700383,0.9999,0.0008,0.0101,0.0029,0.0069,0.0072,-0.2784,0
1700549,0.9999,0.0008,0.0101,0.0029,0.0032,0.0139,-0.2486,0
1700716,0.9999,0.0008,0.0101,0.0029,-0.0088,0.0153,-0.2921,0
1700883,0.9999,0.0008,0.0101,0.0029,-0.0097,0.0058,-0.2671,0
1701049,0.9999,0.0008,0.0101,0.0029,-0.0071,0.0063,-0.2933,0
1701216,0.9999,0.0008,0.0101,0.0029,0.0023,0.0066,-0.2664,0
1701383,0.9999,0.0008,0.0101,0.0029,0.0147,0.0144,-0.3018,0
1701549,0.9999,0.0008,0.0101,0.0029,0.0103,0.0060,-0.2608,0
1701716,0.9999,0.0008,0.0101,0.0029,-0.0198,0.0069,-0.2839,0
1701883,0.9999,0.0008,0.0101,0.0029,-0.0071,0.0049,-0.2938,0
1702050,0.9999,0.0008,0.0101,0.0029,0.0096,0.0102,-0.2595,0
1702216,0.9999,0.0008,0.0101,0.0029,-0.0059,0.0152,-0.2918,0
1702383,0.9999,0.0008,0.0101,0.0029,-0.0049,0.0164,-0.2791,0
1702550,0.9999,0.0008,0.0101,0.0029,-0.0093,0.0105,-0.2554,0
1702716,0.9999,0.0008,0.0101,0.0029,0.0077,0.0164,-0.2895,0
1702883,0.9999,0.0008,0.0101,0.0030,0.0072,0.0035,-0.2882,0
1703050,0.9999,0.0008,0.0101,0.0030,-0.0224,0.0092,-0.2862,0
1703216,0.9999,0.0008,0.0101,0.0030,-0.0044,0.0003,-0.3013,0
1703383,0.9999,0.0008,0.0101,0.0030,-0.0017,0.0161,-0.2626,0
1703550,0.9999,0.0008,0.0101,0.0030,0.0013,0.0172,-0.2771,0
1703716,0.9999,0.0008,0.0101,0.0030,-0.0158,-0.0067,-0.2793,0
1703883,0.9999,0.0008,0.0101,0.0030,-0.0098,0.0008,-0.2829,0
1704050,0.9999,0.0008,0.0101,0.0030,0.0006,0.0031,-0.2636,0
1704216,0.9999,0.0008,0.0102,0.0029,-0.0016,0.0105,-0.2685,0
1704383,0.9999,0.0008,0.0102,0.0029,-0.0096,0.0088,-0.2525,0
1704550,0.9999,0.0008,0.0102,0.0029,-0.0051,0.0064,-0.2694,0
1704716,0.9999,0.0008,0.0102,0.0029,0.0146,-0.0071,-0.2840,0
1704883,0.9999,0.0008,0.0102,0.0029,-0.0069,0.0055,-0.2780,0
1705050,0.9999,0.0008,0.0102,0.0028,0.0010,0.0009,-0.2814,0
1705216,0.9999,0.0008,0.0102,0.0028,0.0001,0.0087,-0.2874,0
1705383,0.9999,0.0008,0.0102,0.0028,-0.0093,0.0104,-0.2625,0
1705550,0.9999,0.0009,0.0102,0.0028,-0.0008,0.0133,-0.2765,0
1705716,0.9999,0.0009,0.0102,0.0028,0.0054,-0.0030,-0.2787,0
1705883,0.9999,0.0008,0.0102,0.0028,-0.0087,-0.0005,-0.2799,0
1706050,0.9999,0.0008,0.0102,0.0028,0.0071,-0.0065,-0.2827,0
1706216,0.9999,0.0008,0.0102,0.0028,0.0087,0.0192,-0.2844,0
1706383,0.9999,0.0009,0.0102,0.0028,0.0038,0.0084,-0.2767,0
1706550,0.9999,0.0009,0.0102,0.0028,-0.0023,-0.0013,-0.2828,0
1706716,0.9999,0.0009,0.0102,0.0028,-0.0089,-0.0077,-0.2678,0
1706883,0.9999,0.0009,0.0102,0.0028,-0.0107,-0.0011,-0.2759,0
1707050,0.9999,0.0009,0.0102,0.0028,0.0083,0.0045,-0.2697,0
1707216,0.9999,0.0009,0.0102,0.0028,0.0007,0.0111,-0.2832,0
1707383,0.9999,0.0009,0.0102,0.0028,-0.0099,0.0130,-0.2702,0
1707550,0.9999,0.0009,0.0102,0.0028,0.0051,0.0105,-0.2916,0
1707716,0.9999,0.0009,0.0102,0.0028,0.0043,0.0033,-0.2677,0
1707883,0.9999,0.0009,0.0102,0.0028,0.0030,-0.0071,-0.2874,0
1708050,0.9999,0.0009,0.0102,0.0028,0.0022,0.0082,-0.2953,0
1708216,0.9999,0.0009,0.0102,0.0028,-0.0017,0.0015,-0.2662,0
1708383,0.9999,0.0009,0.0102,0.0028,0.0024,-0.0114,-0.2773,0
1708550,0.9999,0.0009,0.0102,0.0028,-0.0039,0.0035,-0.2723,0
1708716,0.9999,0.0009,0.0102,0.0028,-0.0142,0.0032,-0.2889,0
1708883,0.9999,0.0009,0.0102,0.0028,-0.0177,0.0103,-0.2627,0
1709050,0.9999,0.0009,0.0102,0.0028,0.0194,0.0087,-0.2689,0
1709216,0.9999,0.0009,0.0102,0.0028,0.0065,0.0061,-0.2853,0
1709383,0.9999,0.0009,0.0102,0.0028,-0.0040,-0.0043,-0.2596,0
1709550,0.9999,0.0009,0.0102,0.0028,-0.0064,0.0073,-0.2798,0
1709716,0.9999,0.0009,0.0102,0.0028,0.0115,0.0046,-0.2905,0
1709883,0.9999,0.0009,0.0102,0.0028,0.0081,0.0007,-0.2694,0
1710050,0.9999,0.0009,0.0102,0.0028,0.0007,-0.0087,-0.3055,0
1710216,0.9999,0.0009,0.0102,0.0028,-0.0041,-0.0007,-0.2782,0
1710383,0.9999,0.0009,0.0102,0.0028,-0.0131,0.0118,-0.3010,0
1710550,0.9999,0.0009,0.0102,0.0028,0.0168,0.0020,-0.2943,0
1710716,0.9999,0.0009,0.0102,0.0028,-0.0135,0.0032,-0.2884,0
1710883,0.9999,0.0009,0.0102,0.0028,-0.0061,0.0051,-0.2797,0
1711050,0.9999,0.0009,0.0102,0.0028,-0.0065,0.0050,-0.2953,0
1711216,0.9999,0.0009,0.0102,0.0028,-0.0121,-0.0028,-0.2813,0
1711383,0.9999,0.0009,0.0102,0.0028,0.0040,-0.0031,-0.2826,0
1711550,0.9999,0.0009,0.0102,0.0028,-0.0030,0.0103,-0.2708,0
1711716,0.9999,0.0009,0.0102,0.0028,-0.0008,0.0088,-0.2670,0
1711883,0.9999,0.0009,0.0102,0.0028,-0.0026,0.0116,-0.2997,0
1712050,0.9999,0.0009,0.0102,0.0027,-0.0051,0.0123,-0.2728,0
1712216,0.9999,0.0009,0.0102,0.0027,0.0087,-0.0074,-0.2792,0
1712383,0.9999,0.0009,0.0102,0.0027,0.0068,0.0151,-0.2730,0
1712550,0.9999,0.0009,0.0102,0.0027,0.0046,0.0101,-0.2710,0
1712716,0.9999,0.0009,0.0102,0.0027,-0.0001,0.0062,-0.2801,0
1712883,0.9999,0.0009,0.0102,0.0027,-0.0093,-0.0001,-0.2753,0
1713050,0.9999,0.0009,0.0102,0.0027,-0.0163,0.0141,-0.2911,0
1713216,0.9999,0.0009,0.0102,0.0028,0.0118,0.0018,-0.2923,0
1713383,0.9999,0.0009,0.0102,0.0027,0.0072,0.0085,-0.2804,0
1713550,0.9999,0.0009,0.0102,0.0027,-0.0016,0.0019,-0.2816,0
1713716,0.9999,0.0009,0.0102,0.0027,-0.0021,0.0049,-0.3001,0
1713883,0.9999,0.0009,0.0102,0.0027,-0.0010,0.0007,-0.2589,0
1714050,0.9999,0.0009,0.0102,0.0027,-0.0004,0.0134,-0.2907,0
1714216,0.9999,0.0009,0.0102,0.0027,-0.0038,0.0006,-0.2897,0
1714383,0.9999,0.0009,0.0102,0.0027,0.0106,0.0105,-0.2727,0
1714550,0.9999,0.0009,0.0102,0.0027,0.0154,0.0119,-0.2738,0
1714716,0.9999,0.0009,0.0102,0.0027,0.0103,0.0115,-0.2853,0
1714883,0.9999,0.0009,0.0102,0.0027,-0.0008,0.0075,-0.2523,0
1715050,0.9999,0.0009,0.0102,0.0027,0.0063,0.0127,-0.2895,0
1715216,0.9999,0.0009,0.0102,0.0027,0.0008,0.0118,-0.2512,0
1715383,0.9999,0.0009,0.0102,0.0027,-0.0089,0.0026,-0.2718,0
1715550,0.9999,0.0009,0.0102,0.0027,0.0070,0.0081,-0.2816,0
1715716,0.9999,0.0009,0.0102,0.0027,0.0086,0.0003,-0.2894,0
1715883,0.9999,0.0009,0.0102,0.0027,-0.0124,0.0084,-0.3014,0
1716050,0.9999,0.0009,0.0102,0.0027,0.0178,0.0117,-0.2685,0
1716216,0.9999,0.0009,0.0102,0.0027,-0.0024,-0.0054,-0.2886,0
1716383,0.9999,0.0009,0.0102,0.0027,-0.0134,0.0063,-0.2715,0
1716550,0.9999,0.0009,0.0102,0.0027,0.0004,0.0104,-0.2850,0
1716716,0.9999,0.0009,0.0102,0.0027,-0.0035,-0.0041,-0.2843,0
1716883,0.9999,0.0009,0.0102,0.0027,0.0046,-0.0016,-0.2910,0
1717050,0.9999,0.0009,0.0102,0.0027,-0.0064,0.0094,-0.2929,0
1717216,0.9999,0.0009,0.0102,0.0027,-0.0059,0.0168,-0.2680,0
1717383,0.9999,0.0009,0.0102,0.0027,-0.0110,0.0175,-0.2834,0
1717550,0.9999,0.0009,0.0102,0.0027,-0.0037,0.0100,-0.2727,0
1717716,0.9999,0.0009,0.0102,0.0027,-0.0097,0.0017,-0.2688,0
1717883,0.9999,0.0009,0.0102,0.0027,-0.0033,-0.0016,-0.2887,0
1718050,0.9999,0.0009,0.0102,0.0027,-0.0038,0.0042,-0.2955,0
1718216,0.9999,0.0009,0.0102,0.0027,-0.0027,0.0128,-0.2865,0
1718383,0.9999,0.0009,0.0102,0.0027,-0.0036,0.0129,-0.2789,0
1718550,0.9999,0.0009,0.0102,0.0028,-0.0063,-0.0021,-0.2882,0
1718717,0.9999,0.0009,0.0102,0.0028,-0.0200,0.0051,-0.2826,0
1718883,0.9999,0.0009,0.0102,0.0028,-0.0029,0.0077,-0.2779,0
1719050,0.9999,0.0009,0.0102,0.0028,-0.0121,0.0066,-0.2760,0
1719217,0.9999,0.0009,0.0102,0.0028,0.0081,0.0064,-0.2777,0
1719383,0.9999,0.0010,0.0102,0.0028,-0.0033,0.0102,-0.2841,0
1719550,0.9999,0.0010,0.0102,0.0028,-0.0002,-0.0026,-0.2880,0
1719717,0.9999,0.0010,0.0102,0.0028,-0.0180,0.0018,-0.3042,0
1719883,0.9999,0.0010,0.0102,0.0028,-0.0007,0.0060,-0.2537,0
1720050,0.9999,0.0010,0.0102,0.0028,-0.0144,-0.0057,-0.2986,0
1720217,0.9999,0.0010,0.0102,0.0028,-0.0008,0.0090,-0.2805,0
1720383,0.9999,0.0010,0.0102,0.0028,0.0052,-0.0089,-0.2846,0
1720550,0.9999,0.0010,0.0102,0.0028,-0.0045,0.0010,-0.2955,0
1720717,0.9999,0.0010,0.0102,0.0028,0.0015,0.0021,-0.2774,0
1720883,0.9999,0.0010,0.0102,0.0028,0.0003,0.0045,-0.2786,0
1721050,0.9999,0.0010,0.0102,0.0028,0.0022,0.0014,-0.2898,0
1721217,0.9999,0.0010,0.0102,0.0028,-0.0044,-0.0057,-0.2723,0
1721383,0.9999,0.0010,0.0102,0.0028,-0.0025,0.0075,-0.2682,0
1721550,0.9999,0.0009,0.0102,0.0028,0.0089,-0.0082,-0.3080,0
1721717,0.9999,0.0009,0.0102,0.0028,0.0104,0.0004,-0.2957,0
1721883,0.9999,0.0009,0.0102,0.0028,0.0019,0.0056,-0.2838,0
1722050,0.9999,0.0009,0.0102,0.0028,-0.0101,0.0005,-0.2871,0
1722217,0.9999,0.0009,0.0101,0.0028,-0.0183,-0.0003,-0.2791,0
1722383,0.9999,0.0009,0.0101,0.0028,-0.0008,0.0139,-0.2783,0
1722550,0.9999,0.0009,0.0101,0.0028,-0.0053,-0.0008,-0.2765,0
1722717,0.9999,0.0009,0.0102,0.0028,-0.0007,0.0061,-0.2728,0
1722883,0.9999,0.0009,0.0102,0.0028,0.0001,0.0168,-0.2858,0
1723050,0.9999,0.0009,0.0102,0.0028,-0.0094,0.0091,-0.2749,0
1723217,0.9999,0.0009,0.0102,0.0028,0.0026,0.0064,-0.2690,0
1723383,0.9999,0.0009,0.0102,0.0028,0.0097,0.0162,-0.2595,0
1723550,0.9999,0.0009,0.0102,0.0028,-0.0049,-0.0083,-0.2940,0
1723717,0.9999,0.0009,0.0102,0.0028,-0.0084,0.0227,-0.2790,0
1723883,0.9999,0.0009,0.0102,0.0028,-0.0028,0.0094,-0.2723,0
1724050,0.9999,0.0009,0.0102,0.0028,0.0015,0.0177,-0.2904,0
1724217,0.9999,0.0009,0.0102,0.0029,0.0110,0.0071,-0.2882,0
1724383,0.9999,0.0009,0.0102,0.0029,-0.0091,0.0164,-0.2535,0
1724550,0.9999,0.0009,0.0102,0.0029,-0.0060,0.0116,-0.2753,0
1724717,0.9999,0.0009,0.0102,0.0029,-0.0034,0.0215,-0.2729,0
1724883,0.9999,0.0009,0.0102,0.0029,0.0102,0.0120,-0.2717,0
1725050,0.9999,0.0008,0.0102,0.0029,0.0107,-0.0032,-0.2635,0
1725217,0.9999,0.0009,0.0102,0.0029,-0.0118,0.0135,-0.3139,0
1725383,0.9999,0.0009,0.0102,0.0029,-0.0010,0.0101,-0.2724,0
1725550,0.9999,0.0009,0.0102,0.0028,0.0043,0.0116,-0.2703,0
1725717,0.9999,0.0009,0.0102,0.0028,0.0057,0.0134,-0.2712,0
1725883,0.9999,0.0009,0.0102,0.0028,0.0042,0.0195,-0.2688,0
1726050,0.9999,0.0009,0.0102,0.0029,-0.0111,0.0109,-0.2716,0
1726217,0.9999,0.0009,0.0102,0.0029,-0.0034,0.0125,-0.2776,0
1726383,0.9999,0.0009,0.0102,0.0029,0.0013,0.0098,-0.2965,0
1726550,0.9999,0.0009,0.0102,0.0028,-0.0067,0.0145,-0.2796,0
1726717,0.9999,0.0009,0.0102,0.0028,0.0010,0.0057,-0.2994,0
1726883,0.9999,0.0008,0.0102,0.0028,0.0026,0.0062,-0.2651,0
1727050,0.9999,0.0008,0.0102,0.0028,-0.0073,0.0254,-0.2816,0
1727217,0.9999,0.0009,0.0102,0.0028,0.0062,0.0068,-0.2705,0
1727383,0.9999,0.0008,0.0102,0.0028,0.0051,0.0089,-0.2914,0
1727550,0.9999,0.0008,0.0102,0.0028,0.0026,0.0022,-0.2886,0
1727717,0.9999,0.0009,0.0102,0.0028,-0.0025,0.0143,-0.2834,0
1727883,0.9999,0.0009,0.0102,0.0028,0.0011,0.0105,-0.2766,0
1728050,0.9999,0.0009,0.0102,0.0028,0.0039,0.0018,-0.2824,0
1728217,0.9999,0.0008,0.0102,0.0028,-0.0202,0.0057,-0.2716,0
1728383,0.9999,0.0009,0.0102,0.0028,0.0039,-0.0054,-0.2782,0
1728550,0.9999,0.0009,0.0102,0.0028,0.0072,0.0097,-0.2875,0
1728717,0.9999,0.0009,0.0102,0.0028,-0.0075,0.0061,-0.2576,0
1728883,0.9999,0.0009,0.0102,0.0028,-0.0267,0.0043,-0.3058,0
1729050,0.9999,0.0009,0.0102,0.0028,-0.0045,0.0212,-0.2580,0
1729217,0.9999,0.0009,0.0102,0.0028,-0.0160,0.0146,-0.2833,0
1729383,0.9999,0.0009,0.0102,0.0028,-0.0123,0.0135,-0.2791,0
1729550,0.9999,0.0009,0.0102,0.0028,0.0013,0.0045,-0.3016,0
1729717,0.9999,0.0009,0.0102,0.0028,-0.0003,-0.0000,-0.2710,0
1729883,0.9999,0.0009,0.0102,0.0028,-0.0101,0.0136,-0.2998,0
1730050,0.9999,0.0009,0.0102,0.0028,-0.0024,0.0093,-0.2811,0
1730217,0.9999,0.0009,0.0102,0.0028,-0.0070,0.0003,-0.2764,0
1730383,0.9999,0.0009,0.0102,0.0028,0.0111,-0.0050,-0.2849,0
1730550,0.9999,0.0009,0.0102,0.0028,-0.0009,0.0097,-0.2751,0
1730717,0.9999,0.0009,0.0102,0.0028,-0.0053,0.0221,-0.2857,0
1730883,0.9999,0.0009,0.0102,0.0028,-0.0096,0.0012,-0.2777,0
1731050,0.9999,0.0009,0.0102,0.0027,0.0031,0.0026,-0.2847,0
1731217,0.9999,0.0009,0.0102,0.0027,-0.0105,0.0210,-0.2827,0
1731383,0.9999,0.0009,0.0102,0.0027,-0.0034,0.0045,-0.2957,0
1731550,0.9999,0.0009,0.0102,0.0028,0.0017,0.0101,-0.2606,0
1731717,0.9999,0.0009,0.0102,0.0028,-0.0130,0.0067,-0.2634,0
1731883,0.9999,0.0009,0.0102,0.0028,0.0084,0.0042,-0.2787,0
1732050,0.9999,0.0009,0.0102,0.0028,0.0144,0.0074,-0.2652,0
1732217,0.9999,0.0009,0.0102,0.0028,0.0076,0.0112,-0.2553,0
1732383,0.9999,0.0009,0.0102,0.0028,0.0047,0.0134,-0.2759,0
1732550,0.9999,0.0009,0.0102,0.0028,-0.0159,0.0089,-0.2916,0
1732717,0.9999,0.0009,0.0102,0.0028,-0.0133,-0.0013,-0.2664,0
1732883,0.9999,0.0009,0.0102,0.0027,-0.0007,0.0064,-0.2705,0
1733050,0.9999,0.0009,0.0102,0.0028,-0.0176,0.0121,-0.2789,0
1733217,0.9999,0.0009,0.0102,0.0028,0.0112,0.0073,-0.2749,0
1733383,0.9999,0.0009,0.0102,0.0028,0.0023,0.0036,-0.2961,0
1733550,0.9999,0.0009,0.0102,0.0028,0.0005,0.0041,-0.2974,0
1733717,0.9999,0.0009,0.0102,0.0028,-0.0086,-0.0013,-0.3058,0
1733883,0.9999,0.0009,0.0102,0.0027,0.0089,0.0015,-0.2670,0
1734050,0.9999,0.0009,0.0102,0.0027,0.0007,0.0079,-0.2802,0
1734217,0.9999,0.0009,0.0102,0.0028,-0.0003,0.0030,-0.2893,0
1734383,0.9999,0.0009,0.0102,0.0027,0.0045,0.0137,-0.2865,0
1734550,0.9999,0.0009,0.0102,0.0027,0.0018,0.0016,-0.3010,0
1734717,0.9999,0.0009,0.0102,0.0027,0.0055,0.0124,-0.2847,0
1734883,0.9999,0.0009,0.0102,0.0027,0.0137,0.0111,-0.2785,0
1735050,0.9999,0.0009,0.0102,0.0027,-0.0053,0.0088,-0.2764,0
1735217,0.9999,0.0009,0.0102,0.0027,-0.0025,0.0062,-0.2855,0
1735384,0.9999,0.0009,0.0102,0.0027,0.0076,0.0072,-0.2866,0
1735550,0.9999,0.0009,0.0102,0.0027,0.0053,0.0132,-0.2964,0
1735717,0.9999,0.0009,0.0103,0.0027,-0.0052,0.0061,-0.2987,0
1735884,0.9999,0.0009,0.0103,0.0027,0.0025,0.0181,-0.2761,0
1736050,0.9999,0.0009,0.0102,0.0027,0.0009,-0.0071,-0.2963,0
1736217,0.9999,0.0009,0.0102,0.0027,0.0052,0.0047,-0.2654,0
1736384,0.9999,0.0009,0.0102,0.0027,0.0003,0.0150,-0.2808,0
1736550,0.9999,0.0009,0.0102,0.0027,-0.0115,0.0050,-0.2861,0
1736717,0.9999,0.0008,0.0102,0.0027,-0.0003,0.0226,-0.2699,0
1736884,0.9999,0.0008,0.0102,0.0027,0.0097,0.0062,-0.2817,0
1737050,0.9999,0.0008,0.0102,0.0027,-0.0020,0.0066,-0.2998,0
1737217,0.9999,0.0008,0.0102,0.0027,-0.0059,0.0209,-0.2804,0
1737384,0.9999,0.0008,0.0102,0.0027,-0.0002,0.0156,-0.2611,0
1737550,0.9999,0.0008,0.0102,0.0027,0.0013,0.0179,-0.3023,0
1737717,0.9999,0.0008,0.0102,0.0027,-0.0019,0.0102,-0.2743,0
1737884,0.9999,0.0008,0.0102,0.0027,0.0093,0.0148,-0.2749,0
1738050,0.9999,0.0008,0.0102,0.0027,-0.0107,0.0031,-0.2914,0
1738217,0.9999,0.0008,0.0102,0.0027,-0.0152,0.0162,-0.2893,0
1738384,0.9999,0.0008,0.0102,0.0027,0.0020,0.0159,-0.2719,0
1738550,0.9999,0.0009,0.0102,0.0027,-0.0090,0.0057,-0.2616,0
1738717,0.9999,0.0008,0.0102,0.0027,0.0210,0.0125,-0.2851,0
1738884,0.9999,0.0008,0.0102,0.0027,-0.0011,0.0134,-0.2939,0
1739050,0.9999,0.0009,0.0102,0.0027,0.0017,0.0208,-0.2798,0
1739217,0.9999,0.0008,0.0102,0.0028,0.0014,0.0102,-0.2736,0
1739384,0.9999,0.0008,0.0102,0.0027,-0.0074,0.0032,-0.2684,0
1739550,0.9999,0.0008,0.0102,0.0028,0.0053,0.0064,-0.2829,0
1739717,0.9999,0.0008,0.0102,0.0028,-0.0071,0.0070,-0.2765,0
1739884,0.9999,0.0008,0.0102,0.0028,-0.0068,0.0067,-0.2823,0
1740050,0.9999,0.0008,0.0102,0.0028,0.0168,0.0105,-0.2887,0
1740217,0.9999,0.0008,0.0102,0.0027,0.0032,0.0059,-0.2890,0
1740384,0.9999,0.0008,0.0102,0.0027,-0.0045,0.0034,-0.2762,0
1740550,0.9999,0.0008,0.0102,0.0027,-0.0075,0.0197,-0.2829,0
1740717,0.9999,0.0008,0.0102,0.0027,-0.0012,0.0079,-0.2683,0
1740884,0.9999,0.0008,0.0102,0.0027,0.0028,0.0157,-0.2883,0
1741050,0.9999,0.0008,0.0102,0.0027,0.0062,-0.0010,-0.2823,0
1741217,0.9999,0.0008,0.0102,0.0027,-0.0070,0.0110,-0.3051,0
1741384,0.9999,0.0008,0.0102,0.0027,-0.0064,0.0096,-0.2600,0
1741550,0.9999,0.0008,0.0102,0.0027,-0.0003,0.0091,-0.2919,0
1741717,0.9999,0.0008,0.0102,0.0028,0.0094,0.0039,-0.2734,0
1741884,0.9999,0.0008,0.0102,0.0028,0.0057,-0.0026,-0.2880,0
1742050,0.9999,0.0008,0.0102,0.0027,0.0039,0.0210,-0.2926,0
1742217,0.9999,0.0008,0.0102,0.0028,0.0046,0.0129,-0.2894,0
1742384,0.9999,0.0009,0.0102,0.0027,-0.0115,0.0007,-0.2779,0
1742550,0.9999,0.0008,0.0102,0.0027,-0.0062,0.0103,-0.2964,0
1742717,0.9999,0.0008,0.0102,0.0027,-0.0095,0.0082,-0.3093,0
1742884,0.9999,0.0008,0.0102,0.0027,-0.0060,0.0051,-0.2674,0
1743050,0.9999,0.0008,0.0102,0.0027,0.0059,0.0051,-0.2793,0
1743217,0.9999,0.0008,0.0102,0.0027,0.0036,0.0197,-0.2817,0
1743384,0.9999,0.0008,0.0102,0.0027,-0.0199,0.0136,-0.2926,0
1743550,0.9999,0.0008,0.0102,0.0027,-0.0136,0.0037,-0.2700,0
1743717,0.9999,0.0008,0.0102,0.0027,-0.0050,0.0103,-0.2853,0
1743884,0.9999,0.0008,0.0102,0.0027,0.0070,-0.0063,-0.2973,0
1744050,0.9999,0.0008,0.0102,0.0027,0.0010,0.0096,-0.2828,0
1744217,0.9999,0.0009,0.0102,0.0029,-0.0039,0.0103,-0.2735,0
1744384,0.9999,0.0009,0.0102,0.0029,0.0058,-0.0058,-0.2677,0
1744550,0.9999,0.0009,0.0102,0.0029,-0.0180,0.0198,-0.3065,0
1744717,0.9999,0.0009,0.0102,0.0029,0.0032,0.0007,-0.2828,0
1744884,0.9999,0.0009,0.0102,0.0029,0.0034,0.0031,-0.2651,0
1745050,0.9999,0.0009,0.0102,0.0028,0.0057,-0.0022,-0.3182,0
1745217,0.9999,0.0009,0.0102,0.0028,0.0033,0.0102,-0.2638,0
1745384,0.9999,0.0009,0.0102,0.0028,-0.0046,0.0115,-0.2866,0
1745550,0.9999,0.0009,0.0102,0.0028,-0.0045,-0.0024,-0.2746,0
1745717,0.9999,0.0009,0.0102,0.0028,0.0038,0.0058,-0.2696,0
1745884,0.9999,0.0009,0.0102,0.0028,-0.0117,0.0072,-0.2971,0
1746050,0.9999,0.0009,0.0102,0.0028,0.0003,0.0036,-0.2928,0
1746217,0.9999,0.0009,0.0102,0.0028,0.0101,0.0015,-0.3000,0
1746384,0.9999,0.0009,0.0102,0.0028,-0.0113,0.0060,-0.2771,0
1746550,0.9999,0.0009,0.0102,0.0028,0.0058,0.0095,-0.2929,0
1746717,0.9999,0.0009,0.0102,0.0028,-0.0122,0.0009,-0.2630,0
1746884,0.9999,0.0009,0.0102,0.0028,0.0050,-0.0064,-0.2664,0
1747050,0.9999,0.0009,0.0102,0.0028,-0.0016,0.0054,-0.2842,0
1747217,0.9999,0.0009,0.0102,0.0028,0.0055,-0.0038,-0.2594,0
1747384,0.9999,0.0009,0.0102,0.0028,-0.0037,0.0128,-0.2697,0
1747550,0.9999,0.0009,0.0102,0.0028,0.0093,0.0001,-0.2783,0
1747717,0.9999,0.0009,0.0102,0.0028,-0.0035,0.0015,-0.2820,0
1747884,0.9999,0.0009,0.0102,0.0028,0.0075,0.0041,-0.2928,0
1748050,0.9999,0.0009,0.0102,0.0028,0.0006,0.0007,-0.2774,0
1748217,0.9999,0.0009,0.0102,0.0029,-0.0033,0.0160,-0.2841,0
1748384,0.9999,0.0008,0.0102,0.0029,-0.0079,0.0051,-0.2876,0
1748550,0.9999,0.0008,0.0102,0.0029,0.0011,-0.0127,-0.2732,0
1748717,0.9999,0.0009,0.0102,0.0028,-0.0030,0.0079,-0.2869,0
1748884,0.9999,0.0008,0.0102,0.0028,-0.0032,0.0123,-0.2879,0
1749050,0.9999,0.0008,0.0102,0.0028,-0.0058,0.0070,-0.2600,0
1749217,0.6810,-0.0069,0.0076,0.7322,0.0002,-0.0097,-0.2844,0
1749384,0.6811,-0.0069,0.0075,0.7322,-0.0058,-0.0038,-0.2715,0
1749550,0.6811,-0.0069,0.0076,0.7322,-0.0081,0.0022,-0.2730,0
1749717,0.6811,-0.0069,0.0075,0.7322,-0.0006,-0.0055,-0.2830,0
1749884,0.6811,-0.0069,0.0075,0.7322,0.0015,0.0102,-0.2706,0
1750050,0.6811,-0.0069,0.0075,0.7322,0.0027,-0.0238,-0.2870,0
1750217,0.6811,-0.0069,0.0075,0.7322,-0.0106,-0.0137,-0.2754,0
1750384,0.6810,-0.0069,0.0075,0.7322,-0.0080,0.0068,-0.2844,0
1750550,0.6810,-0.0069,0.0075,0.7322,-0.0018,-0.0100,-0.2996,0
1750717,0.6810,-0.0069,0.0075,0.7322,-0.0098,0.0028,-0.2578,0
1750884,0.6810,-0.0069,0.0075,0.7322,-0.0119,0.0109,-0.2743,0
1751050
1751217
1751384
