DeviceTag: Movella DOT1,FirmwareVersion: 3.0.0,AppVersion: 2023.6.0,SyncStatus: Unknown (Synced/Un-synced),OutputRate: 60,FilterProfile: Unknown,Measurement Mode: Sensor fusion Mode - Extended (Euler),StartTime: 2026-04-02 14:42:34.243,© Movella Technologies B.V. 2005-2026
SampleTimeFine,Quat_W,Quat_X,Quat_Y,Quat_Z,FreeAcc_X,FreeAcc_Y,FreeAcc_Z,Status
1443911,0.2560,-0.0028,0.0013,0.9667,0.0034,-0.0088,-0.1114,0
1444078,0.2558,-0.0029,0.0016,0.9667,-0.0018,0.0193,-0.1254,0
1444245,0.2556,-0.0029,0.0016,0.9668,0.0037,0.0005,-0.1286,0
1444411,0.2553,-0.0029,0.0017,0.9668,0.0199,0.0082,-0.1178,0
1444578,0.2554,-0.0030,0.0018,0.9668,-0.0045,0.0155,-0.1432,0
1444745,0.2555,-0.0031,0.0019,0.9668,0.0018,0.0224,-0.1145,0
1444911,0.2559,-0.0031,0.0020,0.9667,-0.0026,0.0352,-0.1064,0
1445078,0.2557,-0.0032,0.0020,0.9667,0.0190,0.0202,-0.1108,0
1445245,0.2558,-0.0032,0.0021,0.9667,0.0052,0.0040,-0.1139,0
1445411,0.2558,-0.0033,0.0022,0.9667,0.0066,0.0116,-0.1298,0
1445578,0.2560,-0.0033,0.0023,0.9667,-0.0079,0.0202,-0.0990,0
1445745,0.2559,-0.0033,0.0025,0.9667,0.0050,0.0172,-0.0873,0
1445911,0.2561,-0.0034,0.0026,0.9667,0.0135,0.0333,-0.1243,0
1446078,0.2560,-0.0034,0.0027,0.9667,-0.0046,0.0337,-0.1087,0
1446245,0.2557,-0.0035,0.0028,0.9667,-0.0017,0.0338,-0.1351,0
1446411,0.2557,-0.0035,0.0030,0.9667,-0.0132,0.0273,-0.1135,0
1446578,0.2556,-0.0035,0.0031,0.9668,0.0092,0.0437,-0.0867,0
1446745,0.2557,-0.0036,0.0032,0.9668,0.0012,0.0381,-0.1336,0
1446911,0.2557,-0.0036,0.0034,0.9668,-0.0058,0.0552,-0.1214,0
1447078,0.2558,-0.0036,0.0035,0.9667,0.0102,0.0432,-0.1261,0
1447245,0.2559,-0.0037,0.0036,0.9667,0.0099,0.0486,-0.1006,0
1447411,0.2558,-0.0037,0.0038,0.9667,-0.0024,0.0372,-0.0886,0
1447578,0.2556,-0.0037,0.0039,0.9668,0.0021,0.0440,-0.1177,0
1447745,0.2554,-0.0038,0.0040,0.9668,0.0069,0.0589,-0.1003,0
1447911,0.2552,-0.0038,0.0042,0.9669,0.0064,0.0488,-0.1260,0
1448078,0.2553,-0.0038,0.0043,0.9669,-0.0035,0.0590,-0.1314,0
1448245,0.2553,-0.0039,0.0044,0.9668,-0.0068,0.0680,-0.1267,0
1448411,0.2550,-0.0039,0.0046,0.9669,-0.0010,0.0678,-0.1119,0
1448578,0.2549,-0.0039,0.0047,0.9669,-0.0015,0.0460,-0.1049,0
1448745,0.2550,-0.0040,0.0048,0.9669,-0.0141,0.0647,-0.1167,0
1448911,0.2550,-0.0040,0.0050,0.9669,-0.0035,0.0715,-0.1024,0
1449078,0.2550,-0.0040,0.0051,0.9669,0.0013,0.0683,-0.0845,0
1449245,0.2548,-0.0041,0.0052,0.9670,0.0032,0.0847,-0.1157,0
1449411,0.2548,-0.0041,0.0054,0.9670,-0.0109,0.0689,-0.1103,0
1449578,0.2548,-0.0041,0.0055,0.9670,0.0102,0.0783,-0.1341,0
1449745,0.2548,-0.0041,0.0056,0.9670,-0.0115,0.0920,-0.0812,0
1449911,0.2548,-0.0042,0.0058,0.9670,0.0045,0.0916,-0.1237,0
1450078,0.2548,-0.0042,0.0059,0.9670,0.0131,0.0885,-0.0987,0
1450245,0.2547,-0.0042,0.0060,0.9670,0.0080,0.0864,-0.1234,0
1450411,0.2547,-0.0043,0.0062,0.9670,-0.0177,0.1027,-0.1119,0
1450578,0.2547,-0.0043,0.0063,0.9670,0.0055,0.1019,-0.1134,0
1450745,0.2547,-0.0043,0.0065,0.9670,0.0113,0.1066,-0.1005,0
1450911,0.2546,-0.0044,0.0066,0.9670,-0.0002,0.1046,-0.1111,0
1451078,0.2546,-0.0044,0.0067,0.9670,-0.0011,0.1112,-0.1110,0
1451245,0.2545,-0.0044,0.0068,0.9670,-0.0136,0.0958,-0.1390,0
1451411,0.2545,-0.0045,0.0070,0.9670,0.0042,0.0955,-0.1116,0
1451578,0.2543,-0.0045,0.0071,0.9671,-0.0111,0.1122,-0.1185,0
1451745,0.2544,-0.0045,0.0073,0.9671,0.0013,0.1160,-0.1176,0
1451911,0.2544,-0.0045,0.0074,0.9671,0.0175,0.1199,-0.1166,0
1452078,0.2545,-0.0046,0.0075,0.9670,0.0054,0.1294,-0.1121,0
1452245,0.2544,-0.0046,0.0077,0.9671,0.0048,0.1292,-0.1228,0
1452411,0.2545,-0.0046,0.0078,0.9670,-0.0039,0.1195,-0.1173,0
1452578,0.2547,-0.0046,0.0079,0.9670,0.0045,0.1290,-0.1063,0
1452745,0.2548,-0.0047,0.0081,0.9670,0.0005,0.1403,-0.1235,0
1452911,0.2546,-0.0047,0.0082,0.9670,0.0071,0.1427,-0.1090,0
1453078,0.2547,-0.0047,0.0083,0.9670,0.0023,0.1479,-0.1152,0
1453245,0.2546,-0.0048,0.0085,0.9670,0.0042,0.1483,-0.1151,0
1453411,0.2545,-0.0048,0.0086,0.9670,-0.0029,0.1276,-0.1158,0
1453578,0.2546,-0.0048,0.0087,0.9670,0.0045,0.1278,-0.1387,0
1453745,0.2546,-0.0048,0.0088,0.9670,0.0012,0.1427,-0.1249,0
1453911,0.2546,-0.0049,0.0090,0.9670,-0.0120,0.1693,-0.1179,0
1454078,0.2544,-0.0049,0.0091,0.9670,-0.0025,0.1571,-0.1231,0
1454245,0.2544,-0.0049,0.0092,0.9670,0.0032,0.1585,-0.0985,0
1454411,0.2544,-0.0049,0.0093,0.9670,0.0019,0.1595,-0.0715,0
1454578,0.2544,-0.0050,0.0095,0.9670,0.0097,0.1506,-0.1110,0
1454745,0.2544,-0.0050,0.0096,0.9670,0.0099,0.1699,-0.1105,0
1454911,0.2544,-0.0050,0.0097,0.9670,-0.0049,0.1711,-0.1296,0
1455078,0.2543,-0.0050,0.0098,0.9671,0.0104,0.1700,-0.1275,0
1455245,0.2544,-0.0051,0.0100,0.9670,0.0151,0.1804,-0.1204,0
1455411,0.2544,-0.0051,0.0101,0.9670,0.0098,0.1681,-0.1103,0
1455578,0.2544,-0.0051,0.0102,0.9670,0.0083,0.1773,-0.1108,0
1455745,0.2544,-0.0051,0.0103,0.9670,0.0032,0.1722,-0.1167,0
1455911,0.2544,-0.0052,0.0104,0.9670,0.0059,0.1721,-0.0908,0
1456078,0.2545,-0.0052,0.0105,0.9670,0.0024,0.1825,-0.1209,0
1456245,0.2544,-0.0052,0.0107,0.9670,0.0072,0.1922,-0.1238,0
1456411,0.2544,-0.0053,0.0108,0.9670,-0.0140,0.1826,-0.1104,0
1456578,0.2544,-0.0053,0.0109,0.9670,0.0109,0.1967,-0.1278,0
1456745,0.2544,-0.0053,0.0110,0.9670,-0.0073,0.1842,-0.1176,0
1456911,0.2544,-0.0053,0.0111,0.9670,-0.0038,0.1850,-0.0978,0
1457078,0.2544,-0.0054,0.0112,0.9670,-0.0005,0.1879,-0.1133,0
1457245,0.2544,-0.0054,0.0113,0.9670,0.0035,0.2069,-0.1182,0
1457411,0.2544,-0.0054,0.0114,0.9670,-0.0065,0.1910,-0.1075,0
1457578,0.2543,-0.0054,0.0116,0.9670,0.0207,0.2010,-0.1277,0
1457745,0.2544,-0.0055,0.0117,0.9670,0.0169,0.2055,-0.1156,0
1457911,0.2544,-0.0055,0.0118,0.9670,-0.0066,0.2112,-0.1033,0
1458078,0.2544,-0.0055,0.0119,0.9670,0.0111,0.2018,-0.1244,0
1458245,0.2544,-0.0055,0.0120,0.9670,-0.0086,0.2203,-0.1227,0
1458411,0.2544,-0.0056,0.0121,0.9670,-0.0033,0.2130,-0.1267,0
1458578,0.2544,-0.0056,0.0122,0.9670,-0.0035,0.2183,-0.1135,0
1458745,0.2544,-0.0056,0.0123,0.9670,0.0067,0.2269,-0.1234,0
1458911,0.2543,-0.0057,0.0124,0.9670,0.0096,0.2177,-0.1211,0
1459078,0.2544,-0.0057,0.0125,0.9670,0.0199,0.2259,-0.1385,0
1459245,0.2543,-0.0057,0.0126,0.9670,0.0129,0.2126,-0.1178,0
1459411,0.2543,-0.0057,0.0127,0.9670,-0.0104,0.2247,-0.1037,0
1459578,0.2543,-0.0057,0.0128,0.9670,0.0031,0.2351,-0.0947,0
1459745,0.2543,-0.0058,0.0129,0.9670,-0.0090,0.2302,-0.1328,0
1459911,0.2543,-0.0058,0.0130,0.9670,0.0071,0.2361,-0.1275,0
1460078,0.2543,-0.0058,0.0131,0.9670,0.0187,0.2294,-0.1469,0
1460245,0.2542,-0.0058,0.0132,0.9670,-0.0020,0.2421,-0.1297,0
1460412,0.2542,-0.0059,0.0132,0.9670,0.0024,0.2289,-0.1240,0
1460578,0.2542,-0.0059,0.0133,0.9670,0.0075,0.2390,-0.1061,0
1460745,0.2542,-0.0059,0.0134,0.9670,0.0072,0.2386,-0.1189,0
1460912,0.2541,-0.0059,0.0135,0.9671,-0.0060,0.2474,-0.1235,0
1461078,0.2541,-0.0059,0.0136,0.9671,0.0032,0.2447,-0.1135,0
1461245,0.2541,-0.0060,0.0137,0.9671,-0.0028,0.2533,-0.0933,0
1461412,0.2540,-0.0060,0.0137,0.9671,0.0167,0.2370,-0.1226,0
1461578,0.2540,-0.0060,0.0138,0.9671,-0.0007,0.2408,-0.1140,0
1461745,0.2541,-0.0060,0.0139,0.9671,0.0147,0.2629,-0.0925,0
1461912,0.2540,-0.0060,0.0140,0.9671,0.0175,0.2664,-0.1147,0
1462078,0.2540,-0.0061,0.0140,0.9671,0.0144,0.2574,-0.1315,0
1462245,0.2540,-0.0061,0.0141,0.9671,0.0208,0.2532,-0.1321,0
1462412,0.2540,-0.0061,0.0142,0.9671,0.0150,0.2490,-0.1215,0
1462578,0.2540,-0.0061,0.0143,0.9671,0.0086,0.2589,-0.1039,0
1462745,0.2540,-0.0061,0.0143,0.9671,0.0132,0.2525,-0.1199,0
1462912,0.2540,-0.0061,0.0144,0.9671,0.0024,0.2646,-0.0892,0
1463078,0.2540,-0.0061,0.0145,0.9671,0.0207,0.2642,-0.0996,0
1463245,0.2540,-0.0062,0.0145,0.9671,0.0066,0.2645,-0.1147,0
1463412,0.2540,-0.0062,0.0146,0.9671,0.0065,0.2531,-0.1065,0
1463578,0.2540,-0.0062,0.0146,0.9671,-0.0003,0.2715,-0.1193,0
1463745,0.2548,-0.0031,0.0012,0.9670,0.0036,0.0081,-0.0864,0
1463912,0.2548,-0.0031,0.0012,0.9670,-0.0016,-0.0074,-0.1106,0
1464078,0.2548,-0.0030,0.0012,0.9670,-0.0017,-0.0083,-0.1076,0
1464245,0.2548,-0.0030,0.0012,0.9670,-0.0022,-0.0044,-0.1185,0
1464412,0.2548,-0.0030,0.0012,0.9670,-0.0058,-0.0002,-0.0834,0
1464578,0.2548,-0.0030,0.0012,0.9670,0.0036,0.0080,-0.1242,0
1464745,0.2548,-0.0030,0.0012,0.9670,0.0043,-0.0046,-0.1210,0
1464912,0.2548,-0.0030,0.0012,0.9670,0.0058,-0.0007,-0.1320,0
1465078,0.2548,-0.0030,0.0012,0.9670,0.0004,-0.0088,-0.1080,0
1465245,0.2548,-0.0030,0.0012,0.9670,0.0045,0.0146,-0.0976,0
1465412,0.2548,-0.0030,0.0012,0.9670,0.0045,0.0031,-0.0968,0
1465578,0.2548,-0.0031,0.0012,0.9670,-0.0017,-0.0024,-0.1060,0
1465745,0.2548,-0.0031,0.0012,0.9670,-0.0112,-0.0030,-0.1235,0
1465912,0.2547,-0.0031,0.0012,0.9670,0.0209,-0.0073,-0.1139,0
1466078,0.2547,-0.0031,0.0012,0.9670,0.0012,0.0049,-0.1023,0
1466245,0.2548,-0.0031,0.0012,0.9670,-0.0007,-0.0009,-0.1086,0
1466412,0.2548,-0.0031,0.0012,0.9670,-0.0136,0.0031,-0.0746,0
1466578,0.2548,-0.0031,0.0012,0.9670,0.0120,0.0050,-0.1136,0
1466745,0.2548,-0.0031,0.0012,0.9670,0.0015,-0.0094,-0.1319,0
1466912,0.2547,-0.0031,0.0012,0.9670,0.0083,0.0142,-0.1177,0
1467078,0.2547,-0.0031,0.0013,0.9670,-0.0049,0.0164,-0.1116,0
1467245,0.2547,-0.0031,0.0012,0.9670,-0.0054,0.0071,-0.1211,0
1467412,0.2547,-0.0031,0.0013,0.9670,0.0011,0.0012,-0.1415,0
1467578,0.2547,-0.0031,0.0013,0.9670,-0.0117,-0.0017,-0.0988,0
1467745,0.2547,-0.0031,0.0013,0.9670,0.0085,0.0054,-0.1307,0
1467912,0.2547,-0.0031,0.0013,0.9670,0.0029,0.0014,-0.1063,0
1468078,0.2547,-0.0031,0.0013,0.9670,-0.0057,0.0035,-0.1053,0
1468245,0.2547,-0.0031,0.0013,0.9670,0.0102,-0.0042,-0.1057,0
1468412,0.2548,-0.0031,0.0013,0.9670,-0.0048,0.0065,-0.1096,0
1468578,0.2548,-0.0031,0.0013,0.9670,-0.0065,-0.0143,-0.0962,0
1468745,0.2548,-0.0031,0.0013,0.9670,0.0020,-0.0037,-0.1199,0
1468912,0.2548,-0.0031,0.0013,0.9670,-0.0045,-0.0044,-0.0900,0
1469078,0.2547,-0.0031,0.0013,0.9670,0.0062,-0.0060,-0.1268,0
1469245,0.2547,-0.0031,0.0013,0.9670,-0.0000,0.0004,-0.1013,0
1469412,0.2547,-0.0031,0.0013,0.9670,-0.0095,0.0041,-0.1059,0
1469578,0.2548,-0.0030,0.0013,0.9670,-0.0141,-0.0002,-0.1183,0
1469745,0.2548,-0.0030,0.0013,0.9670,0.0033,0.0068,-0.1004,0
1469912,0.2548,-0.0031,0.0013,0.9670,-0.0129,-0.0039,-0.0962,0
1470078,0.2548,-0.0031,0.0013,0.9670,0.0034,-0.0108,-0.1168,0
1470245,0.2548,-0.0031,0.0013,0.9670,-0.0047,0.0004,-0.0926,0
1470412,0.2548,-0.0031,0.0013,0.9670,-0.0064,0.0072,-0.1116,0
1470578,0.2548,-0.0031,0.0013,0.9670,0.0101,-0.0026,-0.1022,0
1470745,0.2548,-0.0031,0.0013,0.9670,-0.0005,-0.0223,-0.1045,0
1470912,0.2549,-0.0031,0.0013,0.9670,-0.0054,0.0010,-0.0947,0
1471078,0.2549,-0.0031,0.0013,0.9670,-0.0163,0.0092,-0.1080,0
1471245,0.2549,-0.0031,0.0013,0.9670,-0.0096,0.0074,-0.0894,0
1471412,0.2549,-0.0031,0.0013,0.9670,-0.0055,0.0049,-0.1080,0
1471578,0.2549,-0.0031,0.0013,0.9670,0.0075,0.0027,-0.1159,0
1471745,0.2549,-0.0031,0.0013,0.9670,-0.0121,0.0060,-0.1085,0
1471912,0.2549,-0.0031,0.0013,0.9670,-0.0034,0.0052,-0.1285,0
1472078,0.2549,-0.0031,0.0013,0.9670,0.0010,-0.0129,-0.1199,0
1472245,0.2549,-0.0031,0.0013,0.9670,-0.0007,-0.0004,-0.1121,0
1472412,0.2549,-0.0031,0.0013,0.9670,-0.0057,0.0038,-0.1261,0
1472578,0.2549,-0.0031,0.0013,0.9670,0.0077,0.0105,-0.1109,0
1472745,0.2549,-0.0031,0.0013,0.9670,0.0028,0.0118,-0.0901,0
1472912,0.2549,-0.0031,0.0013,0.9670,0.0059,0.0108,-0.1067,0
1473078,0.2549,-0.0031,0.0013,0.9670,-0.0080,-0.0071,-0.0840,0
1473245,0.2550,-0.0031,0.0013,0.9669,-0.0010,-0.0090,-0.1296,0
1473412,0.2550,-0.0031,0.0014,0.9669,0.0120,0.0046,-0.1318,0
1473578,0.2550,-0.0031,0.0014,0.9669,-0.0110,0.0146,-0.1372,0
1473745,0.2550,-0.0031,0.0014,0.9669,0.0046,-0.0028,-0.1200,0
1473912,0.2550,-0.0031,0.0014,0.9669,-0.0082,0.0015,-0.1199,0
1474078,0.2550,-0.0031,0.0014,0.9669,-0.0073,0.0032,-0.1131,0
1474245,0.2550,-0.0031,0.0014,0.9669,-0.0181,0.0073,-0.1270,0
1474412,0.2550,-0.0031,0.0014,0.9669,-0.0035,0.0120,-0.1046,0
1474578,0.2550,-0.0031,0.0014,0.9669,-0.0075,0.0052,-0.1239,0
1474745,0.2549,-0.0031,0.0014,0.9670,-0.0064,-0.0011,-0.1065,0
1474912,0.2549,-0.0031,0.0014,0.9670,0.0041,0.0070,-0.1132,0
1475078,0.2549,-0.0031,0.0014,0.9670,0.0082,-0.0066,-0.1133,0
1475245,0.2550,-0.0031,0.0014,0.9669,-0.0026,-0.0045,-0.1310,0
1475412,0.2550,-0.0031,0.0014,0.9669,-0.0087,0.0017,-0.1102,0
1475578,0.2550,-0.0031,0.0014,0.9669,0.0039,0.0002,-0.0945,0
1475745,0.2550,-0.0031,0.0014,0.9669,0.0070,0.0073,-0.1163,0
1475912,0.2550,-0.0031,0.0014,0.9669,-0.0108,0.0231,-0.1063,0
1476078,0.2550,-0.0031,0.0014,0.9669,-0.0039,-0.0102,-0.1082,0
1476245,0.2549,-0.0031,0.0013,0.9669,-0.0039,0.0179,-0.1209,0
1476412,0.2550,-0.0031,0.0013,0.9669,0.0052,0.0120,-0.1009,0
1476578,0.2550,-0.0031,0.0013,0.9669,0.0080,0.0169,-0.1240,0
1476745,0.2550,-0.0031,0.0013,0.9669,-0.0079,0.0037,-0.1217,0
1476912,0.2550,-0.0031,0.0013,0.9669,-0.0128,-0.0017,-0.1250,0
1477079,0.2550,-0.0031,0.0013,0.9669,-0.0046,0.0013,-0.0753,0
1477245,0.2550,-0.0031,0.0013,0.9669,-0.0018,0.0034,-0.1245,0
1477412,0.2550,-0.0031,0.0013,0.9669,0.0015,-0.0035,-0.1111,0
1477579,0.2550,-0.0031,0.0013,0.9669,-0.0100,-0.0032,-0.1173,0
1477745,0.2550,-0.0031,0.0013,0.9669,0.0039,0.0100,-0.0961,0
1477912,0.2550,-0.0031,0.0013,0.9669,0.0002,0.0054,-0.1224,0
1478079,0.2550,-0.0031,0.0013,0.9669,-0.0074,-0.0035,-0.1036,0
1478245,0.2550,-0.0031,0.0013,0.9669,-0.0077,-0.0055,-0.1491,0
1478412,0.2550,-0.0031,0.0013,0.9669,-0.0080,0.0019,-0.1035,0
1478579,0.2550,-0.0031,0.0013,0.9669,0.0013,0.0051,-0.1084,0
1478745,0.2550,-0.0031,0.0013,0.9669,-0.0095,0.0083,-0.0886,0
1478912,0.2550,-0.0031,0.0013,0.9669,-0.0120,0.0100,-0.1232,0
1479079,0.2550,-0.0031,0.0013,0.9669,-0.0053,0.0093,-0.1167,0
1479245,0.2550,-0.0031,0.0013,0.9669,0.0075,0.0158,-0.1215,0
1479412,0.2550,-0.0031,0.0013,0.9669,0.0030,-0.0106,-0.1018,0
1479579,0.2550,-0.0031,0.0013,0.9669,0.0021,0.0024,-0.1066,0
1479745,0.2550,-0.0031,0.0013,0.9669,-0.0087,-0.0086,-0.1386,0
1479912,0.2550,-0.0031,0.0013,0.9669,0.0007,0.0129,-0.1353,0
1480079,0.2550,-0.0031,0.0013,0.9669,0.0086,-0.0078,-0.0944,0
1480245,0.2550,-0.0032,0.0013,0.9669,0.0056,-0.0006,-0.0902,0
1480412,0.2550,-0.0032,0.0013,0.9669,-0.0003,0.0046,-0.1177,0
1480579,0.2550,-0.0032,0.0013,0.9669,-0.0032,-0.0018,-0.1211,0
1480745,0.2551,-0.0032,0.0013,0.9669,-0.0172,0.0032,-0.1221,0
1480912,0.2551,-0.0032,0.0013,0.9669,-0.0100,0.0073,-0.1253,0
1481079,0.2551,-0.0032,0.0013,0.9669,0.0013,0.0039,-0.1249,0
1481245,0.2551,-0.0032,0.0013,0.9669,-0.0028,0.0012,-0.1349,0
1481412,0.2551,-0.0032,0.0013,0.9669,-0.0074,0.0122,-0.1298,0
1481579,0.2551,-0.0032,0.0013,0.9669,0.0018,0.0100,-0.1002,0
1481745,0.2550,-0.0032,0.0013,0.9669,-0.0018,0.0036,-0.1167,0
1481912,0.2550,-0.0032,0.0013,0.9669,-0.0074,-0.0019,-0.1125,0
1482079,0.2550,-0.0032,0.0013,0.9669,-0.0092,0.0050,-0.1392,0
1482245,0.2550,-0.0032,0.0013,0.9669,-0.0087,0.0073,-0.1020,0
1482412,0.2550,-0.0032,0.0013,0.9669,-0.0160,0.0015,-0.1177,0
1482579,0.2550,-0.0032,0.0013,0.9669,-0.0004,0.0074,-0.1123,0
1482745,0.2550,-0.0032,0.0013,0.9669,0.0066,0.0033,-0.0866,0
1482912,0.2549,-0.0032,0.0013,0.9669,-0.0019,0.0069,-0.1106,0
1483079,0.2550,-0.0032,0.0013,0.9669,-0.0056,0.0045,-0.1273,0
1483245,0.2550,-0.0032,0.0013,0.9669,-0.0110,0.0067,-0.1062,0
1483412,0.2550,-0.0032,0.0013,0.9669,0.0045,0.0081,-0.0913,0
1483579,0.2550,-0.0032,0.0013,0.9669,0.0035,0.0128,-0.1117,0
1483745,0.2549,-0.0030,0.0013,0.9670,0.0025,0.0126,-0.1368,0
1483912,0.2549,-0.0030,0.0013,0.9670,-0.0024,0.0022,-0.1290,0
1484079,0.2549,-0.0030,0.0013,0.9670,0.0049,0.0018,-0.1083,0
1484245,0.2549,-0.0031,0.0013,0.9670,-0.0056,0.0037,-0.1009,0
1484412,0.2549,-0.0031,0.0013,0.9670,0.0108,0.0052,-0.0990,0
1484579,0.2549,-0.0031,0.0013,0.9670,0.0080,0.0038,-0.0749,0
1484745,0.2549,-0.0031,0.0013,0.9670,-0.0053,0.0123,-0.0977,0
1484912,0.2549,-0.0030,0.0013,0.9670,-0.0072,0.0085,-0.1355,0
1485079,0.2549,-0.0030,0.0013,0.9670,-0.0005,0.0068,-0.1540,0
1485245,0.2549,-0.0030,0.0013,0.9670,0.0011,0.0025,-0.1143,0
1485412,0.2549,-0.0030,0.0013,0.9670,-0.0013,0.0038,-0.1225,0
1485579,0.2549,-0.0030,0.0013,0.9670,-0.0004,0.0078,-0.1234,0
1485745,0.2549,-0.0030,0.0013,0.9670,-0.0024,-0.0002,-0.1069,0
1485912,0.2549,-0.0030,0.0013,0.9670,-0.0004,0.0113,-0.1147,0
1486079,0.2549,-0.0031,0.0013,0.9670,-0.0114,0.0087,-0.1503,0
1486245,0.2549,-0.0031,0.0013,0.9670,-0.0106,0.0039,-0.1205,0
1486412,0.2549,-0.0031,0.0013,0.9670,-0.0018,0.0067,-0.1234,0
1486579,0.2549,-0.0031,0.0013,0.9670,-0.0049,0.0010,-0.1064,0
1486745,0.2549,-0.0031,0.0013,0.9670,0.0075,-0.0089,-0.0832,0
1486912,0.2549,-0.0031,0.0013,0.9670,-0.0137,-0.0015,-0.0937,0
1487079,0.2549,-0.0031,0.0013,0.9670,0.0005,0.0054,-0.1089,0
1487245,0.2549,-0.0031,0.0013,0.9670,0.0119,-0.0070,-0.1084,0
1487412,0.2549,-0.0031,0.0013,0.9670,0.0013,0.0030,-0.1022,0
1487579,0.2549,-0.0031,0.0013,0.9670,-0.0045,0.0036,-0.1436,0
1487745,0.2549,-0.0031,0.0013,0.9670,-0.0161,0.0083,-0.0929,0
1487912,0.2549,-0.0031,0.0013,0.9670,-0.0019,0.0229,-0.0909,0
1488079,0.2549,-0.0031,0.0013,0.9670,-0.0009,0.0127,-0.1247,0
1488245,0.2549,-0.0031,0.0014,0.9670,-0.0048,-0.0102,-0.1052,0
1488412,0.2548,-0.0031,0.0013,0.9670,0.0101,0.0032,-0.1118,0
1488579,0.2548,-0.0031,0.0013,0.9670,0.0047,0.0009,-0.1139,0
1488745,0.2548,-0.0031,0.0013,0.9670,0.0046,-0.0025,-0.1040,0
1488912,0.2548,-0.0031,0.0013,0.9670,-0.0033,-0.0030,-0.1139,0
1489079,0.2548,-0.0031,0.0014,0.9670,0.0035,0.0244,-0.1028,0
1489245,0.2549,-0.0031,0.0014,0.9670,0.0017,0.0005,-0.1162,0
1489412,0.2548,-0.0031,0.0014,0.9670,-0.0136,0.0073,-0.1110,0
1489579,0.2548,-0.0031,0.0014,0.9670,-0.0025,0.0038,-0.1398,0
1489745,0.2549,-0.0031,0.0014,0.9670,-0.0006,-0.0165,-0.1148,0
1489912,0.2549,-0.0031,0.0014,0.9670,-0.0119,-0.0007,-0.1244,0
1490079,0.2549,-0.0031,0.0014,0.9670,-0.0047,-0.0012,-0.1198,0
1490245,0.2549,-0.0031,0.0014,0.9670,-0.0012,-0.0006,-0.1197,0
1490412,0.2549,-0.0031,0.0014,0.9670,-0.0084,0.0179,-0.1188,0
1490579,0.2549,-0.0031,0.0014,0.9670,0.0121,0.0001,-0.1189,0
1490745,0.2549,-0.0031,0.0014,0.9670,0.0081,0.0134,-0.1179,0
1490912,0.2549,-0.0031,0.0014,0.9670,-0.0069,0.0023,-0.1064,0
1491079,0.2549,-0.0031,0.0014,0.9670,-0.0098,-0.0056,-0.1102,0
1491245,0.2549,-0.0031,0.0014,0.9670,-0.0033,0.0100,-0.1029,0
1491412,0.2549,-0.0031,0.0014,0.9670,-0.0043,0.0007,-0.1065,0
1491579,0.2549,-0.0031,0.0014,0.9670,0.0046,-0.0052,-0.1250,0
1491745,0.2549,-0.0031,0.0014,0.9669,-0.0093,-0.0013,-0.1088,0
1491912,0.2549,-0.0031,0.0014,0.9670,0.0004,0.0016,-0.0896,0
1492079,0.2549,-0.0031,0.0014,0.9670,-0.0169,0.0108,-0.1178,0
1492245,0.2549,-0.0031,0.0014,0.9670,-0.0098,0.0072,-0.1158,0
1492412,0.2549,-0.0031,0.0014,0.9670,0.0012,-0.0109,-0.1026,0
1492579,0.2549,-0.0031,0.0014,0.9670,-0.0059,0.0110,-0.1154,0
1492745,0.2549,-0.0031,0.0014,0.9670,-0.0086,0.0098,-0.0936,0
1492912,0.2549,-0.0031,0.0014,0.9669,-0.0115,0.0136,-0.1043,0
1493079,0.2549,-0.0031,0.0014,0.9670,-0.0061,0.0008,-0.0933,0
1493245,0.2549,-0.0031,0.0014,0.9670,0.0073,-0.0046,-0.1358,0
1493412,0.2549,-0.0031,0.0014,0.9670,0.0001,0.0045,-0.1077,0
1493579,0.2549,-0.0031,0.0014,0.9670,-0.0076,0.0031,-0.1324,0
1493746,0.2549,-0.0031,0.0014,0.9669,-0.0027,0.0117,-0.1324,0
1493912,0.2549,-0.0032,0.0014,0.9670,-0.0170,-0.0041,-0.1079,0
1494079,0.2549,-0.0032,0.0014,0.9670,-0.0045,0.0015,-0.1046,0
1494246,0.2549,-0.0032,0.0014,0.9669,-0.0108,-0.0048,-0.1009,0
1494412,0.2549,-0.0032,0.0014,0.9669,0.0002,-0.0008,-0.1277,0
1494579,0.2549,-0.0032,0.0014,0.9669,0.0049,-0.0097,-0.1134,0
1494746,0.2550,-0.0032,0.0014,0.9669,-0.0033,0.0052,-0.1184,0
1494912,0.2550,-0.0032,0.0014,0.9669,0.0016,0.0019,-0.0914,0
1495079,0.2550,-0.0032,0.0014,0.9669,-0.0076,-0.0030,-0.1080,0
1495246,0.2549,-0.0032,0.0014,0.9669,-0.0201,-0.0061,-0.1046,0
1495412,0.2550,-0.0032,0.0014,0.9669,-0.0089,0.0003,-0.0990,0
1495579,0.2550,-0.0032,0.0014,0.9669,0.0042,0.0024,-0.1133,0
1495746,0.2550,-0.0032,0.0014,0.9669,-0.0039,-0.0081,-0.0907,0
1495912,0.2550,-0.0032,0.0014,0.9669,-0.0023,-0.0016,-0.1073,0
1496079,0.2550,-0.0032,0.0014,0.9669,-0.0081,0.0029,-0.1006,0
1496246,0.2550,-0.0032,0.0014,0.9669,-0.0163,0.0044,-0.1229,0
1496412,0.2550,-0.0032,0.0014,0.9669,0.0012,0.0037,-0.1115,0
1496579,0.2550,-0.0032,0.0014,0.9669,0.0042,0.0093,-0.1077,0
1496746,0.2550,-0.0032,0.0014,0.9669,-0.0055,0.0030,-0.0906,0
1496912,0.2550,-0.0032,0.0014,0.9669,0.0117,0.0137,-0.1258,0
1497079,0.2550,-0.0032,0.0014,0.9669,-0.0099,0.0065,-0.0846,0
1497246,0.2550,-0.0032,0.0014,0.9669,0.0021,0.0105,-0.1286,0
1497412,0.2549,-0.0032,0.0014,0.9669,-0.0194,0.0127,-0.1269,0
1497579,0.2549,-0.0032,0.0014,0.9670,-0.0054,0.0068,-0.1032,0
1497746,0.2549,-0.0032,0.0014,0.9670,-0.0124,0.0050,-0.1231,0
1497912,0.2549,-0.0032,0.0014,0.9670,-0.0028,0.0027,-0.1029,0
1498079,0.2549,-0.0032,0.0014,0.9670,0.0002,0.0002,-0.1086,0
1498246,0.2549,-0.0032,0.0014,0.9670,0.0001,0.0008,-0.0988,0
1498412,0.2549,-0.0032,0.0014,0.9670,0.0042,0.0155,-0.0988,0
1498579,0.2549,-0.0032,0.0015,0.9670,0.0010,0.0125,-0.1031,0
1498746,0.2549,-0.0032,0.0015,0.9670,0.0065,-0.0005,-0.0812,0
1498912,0.2549,-0.0031,0.0014,0.9669,-0.0054,0.0100,-0.1150,0
1499079,0.2549,-0.0031,0.0014,0.9670,0.0007,0.0094,-0.1243,0
1499246,0.2549,-0.0031,0.0014,0.9670,-0.0019,-0.0043,-0.1153,0
1499412,0.2549,-0.0031,0.0014,0.9670,0.0060,0.0024,-0.1133,0
1499579,0.2549,-0.0031,0.0014,0.9670,-0.0168,-0.0061,-0.1290,0
1499746,0.2549,-0.0031,0.0015,0.9670,0.0032,0.0060,-0.1021,0
1499912,0.2549,-0.0031,0.0015,0.9670,-0.0129,0.0042,-0.1415,0
1500079,0.2549,-0.0032,0.0014,0.9670,-0.0025,0.0030,-0.1118,0
1500246,0.2549,-0.0032,0.0014,0.9670,-0.0104,0.0076,-0.1208,0
1500412,0.2549,-0.0032,0.0015,0.9670,0.0083,-0.0017,-0.1351,0
1500579,0.2549,-0.0032,0.0015,0.9670,-0.0116,-0.0095,-0.1171,0
1500746,0.2549,-0.0032,0.0015,0.9670,-0.0131,0.0072,-0.1097,0
1500912,0.2549,-0.0032,0.0015,0.9670,-0.0046,0.0112,-0.1256,0
1501079,0.2549,-0.0032,0.0015,0.9670,-0.0100,0.0005,-0.1093,0
1501246,1.0000,0.0006,0.0034,-0.0000,0.0176,-0.0072,-0.1360,0
1501412,1.0000,0.0006,0.0034,-0.0000,0.0051,0.0048,-0.1101,0
1501579,1.0000,0.0006,0.0034,-0.0000,0.0207,-0.0142,-0.1080,0
1501746,1.0000,0.0006,0.0035,-0.0000,-0.0016,-0.0047,-0.1116,0
1501912,1.0000,0.0006,0.0035,-0.0000,0.0105,-0.0026,-0.0906,0
1502079,1.0000,0.0006,0.0034,-0.0000,0.0170,-0.0000,-0.1145,0
1502246,1.0000,0.0006,0.0035,0.0000,0.0021,-0.0059,-0.1279,0
1502412,1.0000,0.0006,0.0035,0.0000,0.0122,0.0012,-0.0935,0
1502579,1.0000,0.0006,0.0035,0.0000,-0.0018,0.0024,-0.0999,0
1502746,1.0000,0.0006,0.0035,0.0000,0.0081,-0.0044,-0.1101,0
1502912,1.0000,0.0006,0.0034,0.0000,0.0126,-0.0075,-0.0908,0
1503079,1.0000,0.0006,0.0035,0.0000,0.0004,-0.0155,-0.1229,0
1503246,1.0000,0.0006,0.0035,0.0000,0.0064,0.0072,-0.1114,0
1503412,1.0000,0.0006,0.0035,0.0000,0.0111,-0.0145,-0.1159,0
1503579,1.0000,0.0006,0.0035,-0.0000,0.0018,0.0023,-0.1016,0
1503746,1.0000,0.0005,0.0033,-0.0000,-0.0034,-0.0003,-0.0960,0
1503912,1.0000,0.0005,0.0033,-0.0000,0.0124,0.0086,-0.0804,0
1504079,1.0000,0.0005,0.0033,-0.0000,0.0012,-0.0032,-0.0983,0
1504246,1.0000,0.0005,0.0033,-0.0000,0.0009,0.0077,-0.1061,0
1504412,1.0000,0.0005,0.0033,-0.0000,-0.0028,0.0027,-0.1109,0
1504579,1.0000,0.0005,0.0033,-0.0001,0.0006,-0.0031,-0.1182,0
1504746,1.0000,0.0005,0.0033,-0.0000,0.0017,0.0034,-0.0963,0
1504912,1.0000,0.0005,0.0033,-0.0000,0.0020,0.0013,-0.1254,0
1505079,1.0000,0.0005,0.0033,-0.0000,0.0006,0.0049,-0.1069,0
1505246,1.0000,0.0005,0.0033,-0.0001,0.0029,0.0118,-0.0981,0
1505412,1.0000,0.0005,0.0033,-0.0000,0.0031,0.0004,-0.1321,0
1505579,1.0000,0.0005,0.0033,-0.0000,0.0017,0.0122,-0.1292,0
1505746,1.0000,0.0005,0.0033,-0.0000,-0.0050,0.0055,-0.1109,0
1505912,1.0000,0.0005,0.0033,-0.0000,0.0019,-0.0091,-0.1427,0
1506079,1.0000,0.0005,0.0033,-0.0000,0.0029,0.0017,-0.1004,0
1506246,1.0000,0.0005,0.0033,-0.0000,0.0129,0.0113,-0.1150,0
1506412,1.0000,0.0005,0.0033,-0.0000,-0.0069,-0.0017,-0.1108,0
1506579,1.0000,0.0005,0.0033,-0.0000,0.0125,0.0054,-0.1070,0
1506746,1.0000,0.0005,0.0033,-0.0000,0.0064,-0.0011,-0.1056,0
1506912,1.0000,0.0005,0.0033,-0.0000,0.0036,-0.0131,-0.1136,0
1507079,1.0000,0.0005,0.0033,-0.0000,-0.0100,-0.0035,-0.1399,0
1507246,1.0000,0.0005,0.0033,-0.0000,0.0016,-0.0007,-0.1273,0
1507412,1.0000,0.0005,0.0033,-0.0000,-0.0022,-0.0005,-0.1230,0
1507579,1.0000,0.0005,0.0033,-0.0000,-0.0005,0.0006,-0.1073,0
1507746,1.0000,0.0005,0.0033,-0.0000,-0.0144,0.0165,-0.1125,0
1507912,1.0000,0.0005,0.0033,-0.0000,-0.0083,0.0003,-0.1271,0
1508079,1.0000,0.0005,0.0034,-0.0000,0.0160,-0.0030,-0.1108,0
1508246,1.0000,0.0004,0.0034,-0.0000,-0.0124,0.0137,-0.0979,0
1508412,1.0000,0.0004,0.0034,-0.0000,0.0083,0.0018,-0.1272,0
1508579,1.0000,0.0005,0.0034,-0.0000,-0.0022,0.0014,-0.1014,0
1508746,1.0000,0.0005,0.0034,-0.0000,0.0184,0.0053,-0.1046,0
1508912,1.0000,0.0005,0.0034,-0.0000,0.0028,0.0019,-0.1762,0
1509079,1.0000,0.0005,0.0034,-0.0000,0.0011,0.0131,-0.0864,0
1509246,1.0000,0.0005,0.0034,-0.0000,0.0062,0.0031,-0.1348,0
1509412,1.0000,0.0005,0.0034,-0.0000,0.0157,0.0139,-0.1168,0
1509579,1.0000,0.0005,0.0034,-0.0000,-0.0003,0.0106,-0.1334,0
1509746,1.0000,0.0005,0.0034,-0.0000,0.0123,-0.0110,-0.1086,0
1509912,1.0000,0.0005,0.0034,-0.0000,0.0120,-0.0160,-0.1137,0
1510079,1.0000,0.0005,0.0034,-0.0000,-0.0064,0.0026,-0.1117,0
1510246,1.0000,0.0004,0.0034,-0.0000,0.0129,-0.0046,-0.1038,0
1510413,1.0000,0.0004,0.0034,-0.0000,0.0103,0.0008,-0.1084,0
1510579,1.0000,0.0004,0.0034,-0.0000,0.0009,-0.0036,-0.1129,0
1510746,1.0000,0.0004,0.0034,-0.0000,0.0028,-0.0088,-0.1243,0
1510913,1.0000,0.0004,0.0034,-0.0000,0.0087,0.0070,-0.0904,0
1511079,1.0000,0.0004,0.0034,0.0000,-0.0035,-0.0109,-0.1350,0
1511246,1.0000,0.0004,0.0034,0.0000,0.0028,-0.0015,-0.0956,0
1511413,1.0000,0.0004,0.0034,-0.0000,-0.0001,0.0023,-0.1027,0
1511579,1.0000,0.0004,0.0034,-0.0000,-0.0035,0.0024,-0.1066,0
1511746,1.0000,0.0004,0.0034,-0.0000,0.0109,0.0182,-0.1089,0
1511913,1.0000,0.0004,0.0034,0.0000,-0.0101,-0.0007,-0.1232,0
1512079,1.0000,0.0004,0.0034,0.0000,-0.0004,-0.0067,-0.1351,0
1512246,1.0000,0.0004,0.0034,-0.0000,0.0065,0.0104,-0.1165,0
1512413,1.0000,0.0004,0.0034,-0.0000,0.0115,-0.0028,-0.1027,0
1512579,1.0000,0.0004,0.0034,-0.0000,0.0143,-0.0067,-0.1043,0
1512746,1.0000,0.0004,0.0034,0.0000,0.0135,-0.0007,-0.0919,0
1512913,1.0000,0.0004,0.0034,0.0000,0.0132,-0.0002,-0.1353,0
1513079,1.0000,0.0004,0.0034,0.0000,0.0027,0.0033,-0.1153,0
1513246,1.0000,0.0004,0.0034,0.0000,0.0045,-0.0130,-0.1244,0
1513413,1.0000,0.0004,0.0034,0.0000,0.0126,-0.0046,-0.1629,0
1513579,1.0000,0.0004,0.0034,0.0001,0.0042,-0.0078,-0.0944,0
1513746,1.0000,0.0004,0.0034,0.0000,0.0011,0.0066,-0.1261,0
1513913,1.0000,0.0004,0.0034,0.0000,0.0177,0.0125,-0.1218,0
1514079,1.0000,0.0004,0.0034,0.0000,0.0194,-0.0111,-0.1191,0
1514246,1.0000,0.0004,0.0034,0.0000,0.0081,-0.0010,-0.1144,0
1514413,1.0000,0.0004,0.0034,0.0000,0.0036,0.0017,-0.0988,0
1514579,1.0000,0.0004,0.0034,0.0000,-0.0043,0.0138,-0.1048,0
1514746,1.0000,0.0004,0.0034,0.0000,0.0202,0.0083,-0.0916,0
1514913,1.0000,0.0004,0.0034,0.0000,0.0046,0.0075,-0.1181,0
1515079,1.0000,0.0004,0.0034,0.0000,0.0039,-0.0097,-0.1194,0
1515246,1.0000,0.0004,0.0034,0.0000,0.0158,0.0023,-0.1161,0
1515413,1.0000,0.0004,0.0034,0.0000,0.0053,-0.0125,-0.1135,0
1515579,1.0000,0.0004,0.0034,0.0000,-0.0027,-0.0010,-0.1259,0
1515746,1.0000,0.0004,0.0034,0.0000,0.0177,-0.0019,-0.1031,0
1515913,1.0000,0.0004,0.0034,0.0000,-0.0019,-0.0053,-0.1399,0
1516079,1.0000,0.0004,0.0034,0.0000,-0.0022,0.0064,-0.1307,0
1516246,1.0000,0.0004,0.0034,0.0000,-0.0002,0.0025,-0.0867,0
1516413,1.0000,0.0004,0.0034,0.0000,-0.0033,-0.0097,-0.1064,0
1516579,1.0000,0.0004,0.0034,0.0000,0.0078,0.0019,-0.0948,0
1516746,1.0000,0.0004,0.0034,0.0000,0.0083,0.0038,-0.1316,0
1516913,1.0000,0.0004,0.0034,0.0000,-0.0166,-0.0099,-0.1120,0
1517079,1.0000,0.0004,0.0034,0.0000,0.0087,0.0209,-0.0874,0
1517246,1.0000,0.0004,0.0034,0.0000,-0.0077,0.0024,-0.1313,0
1517413,1.0000,0.0004,0.0034,0.0000,0.0155,0.0080,-0.1062,0
1517579,1.0000,0.0004,0.0034,-0.0000,0.0118,0.0109,-0.1233,0
1517746,1.0000,0.0004,0.0034,0.0000,0.0078,-0.0086,-0.1255,0
1517913,1.0000,0.0004,0.0034,0.0000,-0.0014,-0.0048,-0.1110,0
1518079,1.0000,0.0004,0.0034,0.0000,0.0019,-0.0061,-0.1118,0
1518246,1.0000,0.0004,0.0034,0.0000,0.0002,-0.0085,-0.1000,0
1518413,1.0000,0.0004,0.0034,0.0000,0.0090,0.0077,-0.1113,0
1518579,1.0000,0.0004,0.0034,0.0000,0.0069,0.0012,-0.1323,0
1518746,1.0000,0.0004,0.0034,0.0000,0.0061,-0.0096,-0.0766,0
1518913,1.0000,0.0004,0.0034,0.0000,0.0099,-0.0028,-0.1016,0
1519079,1.0000,0.0004,0.0034,0.0000,0.0128,0.0016,-0.1341,0
1519246,1.0000,0.0004,0.0034,0.0001,0.0054,-0.0025,-0.1086,0
1519413,1.0000,0.0004,0.0034,0.0001,-0.0029,-0.0005,-0.1205,0
1519579,1.0000,0.0004,0.0034,0.0001,0.0049,0.0141,-0.1070,0
1519746,1.0000,0.0004,0.0034,0.0001,0.0004,-0.0134,-0.1232,0
1519913,1.0000,0.0004,0.0034,0.0000,0.0041,0.0032,-0.1180,0
1520079,1.0000,0.0004,0.0034,0.0000,0.0008,-0.0128,-0.1233,0
1520246,1.0000,0.0004,0.0034,0.0000,-0.0086,-0.0049,-0.0988,0
1520413,1.0000,0.0004,0.0034,0.0000,0.0014,-0.0094,-0.1408,0
1520579,1.0000,0.0004,0.0034,0.0000,0.0134,-0.0055,-0.1111,0
1520746,1.0000,0.0004,0.0034,0.0000,0.0001,-0.0103,-0.0959,0
1520913,1.0000,0.0004,0.0034,0.0000,-0.0159,0.0105,-0.0994,0
1521079,1.0000,0.0004,0.0034,0.0000,0.0060,0.0099,-0.0908,0
1521246,1.0000,0.0004,0.0034,0.0000,0.0104,0.0145,-0.1046,0
1521413,1.0000,0.0004,0.0034,0.0000,0.0129,0.0168,-0.1000,0
1521579,1.0000,0.0004,0.0034,0.0000,-0.0066,0.0094,-0.1030,0
1521746,1.0000,0.0004,0.0034,0.0001,0.0100,-0.0088,-0.1162,0
1521913,1.0000,0.0004,0.0034,0.0001,0.0102,0.0069,-0.1340,0
1522079,1.0000,0.0004,0.0034,0.0001,0.0044,0.0004,-0.0976,0
1522246,1.0000,0.0004,0.0034,0.0001,-0.0030,0.0011,-0.1139,0
1522413,1.0000,0.0004,0.0034,0.0001,0.0033,0.0030,-0.0766,0
1522579,1.0000,0.0004,0.0034,0.0001,0.0178,-0.0005,-0.1213,0
1522746,1.0000,0.0004,0.0034,0.0001,0.0113,0.0055,-0.1073,0
1522913,1.0000,0.0004,0.0034,0.0001,-0.0066,0.0006,-0.1196,0
1523079,1.0000,0.0004,0.0034,0.0001,0.0040,-0.0213,-0.1095,0
1523246,1.0000,0.0004,0.0034,0.0001,0.0143,0.0032,-0.1380,0
1523413,1.0000,0.0004,0.0034,0.0000,-0.0070,-0.0126,-0.1153,0
1523579,1.0000,0.0004,0.0034,0.0000,0.0010,-0.0047,-0.1299,0
1523746,1.0000,0.0005,0.0034,-0.0000,-0.0004,-0.0006,-0.1063,0
1523913,1.0000,0.0005,0.0034,-0.0000,0.0006,0.0030,-0.1153,0
1524079,1.0000,0.0005,0.0034,-0.0000,0.0102,0.0035,-0.1175,0
1524246,1.0000,0.0005,0.0034,-0.0000,0.0052,0.0005,-0.1009,0
1524413,1.0000,0.0005,0.0034,-0.0000,0.0043,0.0061,-0.0954,0
1524579,1.0000,0.0005,0.0034,-0.0000,0.0064,0.0049,-0.1045,0
1524746,1.0000,0.0005,0.0034,-0.0000,0.0182,-0.0028,-0.1126,0
1524913,1.0000,0.0005,0.0034,-0.0000,0.0041,0.0033,-0.0927,0
1525079,1.0000,0.0005,0.0034,-0.0000,0.0143,0.0021,-0.1054,0
1525246,1.0000,0.0005,0.0034,-0.0000,0.0144,-0.0048,-0.1132,0
1525413,1.0000,0.0005,0.0034,-0.0001,0.0013,0.0064,-0.1019,0
1525579,1.0000,0.0005,0.0034,-0.0001,0.0041,0.0023,-0.1157,0
1525746,1.0000,0.0005,0.0034,-0.0000,-0.0097,-0.0113,-0.1208,0
1525913,1.0000,0.0005,0.0034,-0.0000,0.0002,0.0068,-0.0946,0
1526079,1.0000,0.0005,0.0034,-0.0000,-0.0020,-0.0081,-0.1071,0
1526246,1.0000,0.0005,0.0034,-0.0000,-0.0029,0.0138,-0.1139,0
1526413,1.0000,0.0005,0.0034,-0.0000,0.0034,-0.0025,-0.1249,0
1526579,1.0000,0.0005,0.0034,-0.0000,0.0145,-0.0174,-0.0844,0
1526746,1.0000,0.0005,0.0034,-0.0000,-0.0054,0.0021,-0.0986,0
1526913,1.0000,0.0005,0.0034,-0.0001,0.0049,0.0048,-0.0861,0
1527080,1.0000,0.0005,0.0034,-0.0000,0.0026,-0.0002,-0.1216,0
1527246,1.0000,0.0005,0.0034,-0.0000,0.0119,-0.0119,-0.0732,0
1527413,1.0000,0.0005,0.0034,-0.0000,-0.0012,-0.0149,-0.1179,0
1527580,1.0000,0.0005,0.0034,-0.0001,0.0166,0.0038,-0.1188,0
1527746,1.0000,0.0005,0.0034,-0.0001,0.0075,-0.0066,-0.1034,0
1527913,1.0000,0.0005,0.0034,-0.0001,-0.0057,0.0017,-0.1146,0
1528080,1.0000,0.0005,0.0034,-0.0001,0.0259,-0.0011,-0.0876,0
1528246,1.0000,0.0005,0.0034,-0.0001,0.0026,0.0032,-0.0978,0
1528413,1.0000,0.0005,0.0034,-0.0001,0.0013,0.0079,-0.1069,0
1528580,1.0000,0.0005,0.0034,-0.0001,0.0083,0.0037,-0.1015,0
1528746,1.0000,0.0005,0.0034,-0.0001,-0.0004,-0.0021,-0.1171,0
1528913,1.0000,0.0005,0.0034,-0.0001,0.0016,-0.0074,-0.0847,0
1529080,1.0000,0.0005,0.0034,-0.0001,0.0015,-0.0027,-0.1210,0
1529246,1.0000,0.0005,0.0034,-0.0001,-0.0030,-0.0096,-0.0911,0
1529413,1.0000,0.0005,0.0034,-0.0001,0.0099,-0.0011,-0.1044,0
1529580,1.0000,0.0005,0.0034,-0.0001,0.0096,0.0021,-0.1052,0
1529746,1.0000,0.0005,0.0034,-0.0001,0.0040,-0.0040,-0.1018,0
1529913,1.0000,0.0005,0.0034,-0.0001,0.0058,-0.0155,-0.0928,0
1530080,1.0000,0.0005,0.0034,-0.0001,0.0139,0.0134,-0.1112,0
1530246,1.0000,0.0005,0.0034,-0.0001,0.0159,-0.0091,-0.0992,0
1530413,1.0000,0.0005,0.0034,-0.0001,0.0037,0.0037,-0.0960,0
1530580,1.0000,0.0005,0.0034,-0.0001,-0.0042,0.0049,-0.1051,0
1530746,1.0000,0.0005,0.0034,-0.0001,-0.0002,-0.0069,-0.1308,0
1530913,1.0000,0.0005,0.0034,-0.0001,0.0032,-0.0121,-0.1148,0
1531080,1.0000,0.0005,0.0034,-0.0001,0.0136,-0.0056,-0.1125,0
1531246,1.0000,0.0005,0.0034,-0.0001,0.0039,0.0035,-0.1174,0
1531413,1.0000,0.0005,0.0034,-0.0001,0.0017,0.0019,-0.1211,0
1531580,1.0000,0.0005,0.0034,-0.0001,0.0058,-0.0001,-0.0998,0
1531746,1.0000,0.0005,0.0034,-0.0001,0.0069,-0.0057,-0.1137,0
1531913,1.0000,0.0005,0.0034,-0.0001,0.0161,-0.0052,-0.1075,0
1532080,1.0000,0.0005,0.0034,-0.0001,0.0006,0.0036,-0.1184,0
1532246,1.0000,0.0005,0.0034,-0.0001,0.0023,0.0012,-0.1368,0
1532413,1.0000,0.0005,0.0034,-0.0001,-0.0035,-0.0104,-0.0833,0
1532580,1.0000,0.0005,0.0034,-0.0001,0.0096,-0.0044,-0.1054,0
1532746,1.0000,0.0005,0.0034,-0.0001,0.0122,-0.0005,-0.1075,0
1532913,1.0000,0.0005,0.0034,-0.0001,-0.0076,-0.0001,-0.1374,0
1533080,1.0000,0.0005,0.0034,-0.0001,0.0070,-0.0015,-0.1228,0
1533246,1.0000,0.0005,0.0034,-0.0001,0.0006,0.0106,-0.1294,0
1533413,1.0000,0.0005,0.0034,-0.0001,-0.0031,0.0003,-0.1209,0
1533580,1.0000,0.0005,0.0034,-0.0001,0.0027,-0.0084,-0.1301,0
1533746,1.0000,0.0005,0.0034,-0.0001,0.0089,0.0085,-0.1314,0
1533913,1.0000,0.0005,0.0034,-0.0001,0.0013,-0.0044,-0.1114,0
1534080,1.0000,0.0005,0.0034,-0.0001,-0.0088,-0.0079,-0.1004,0
1534246,1.0000,0.0005,0.0034,-0.0001,-0.0053,-0.0024,-0.1282,0
1534413,1.0000,0.0005,0.0034,-0.0001,0.0182,0.0008,-0.1013,0
1534580,1.0000,0.0005,0.0034,-0.0001,0.0129,0.0030,-0.0971,0
1534746,1.0000,0.0005,0.0034,-0.0002,0.0107,-0.0006,-0.1097,0
1534913,1.0000,0.0005,0.0034,-0.0001,-0.0043,-0.0118,-0.1171,0
1535080,1.0000,0.0005,0.0034,-0.0001,0.0143,-0.0028,-0.1174,0
1535246,1.0000,0.0005,0.0034,-0.0001,0.0003,-0.0070,-0.1406,0
1535413,1.0000,0.0005,0.0034,-0.0001,0.0119,-0.0028,-0.0996,0
1535580,1.0000,0.0005,0.0034,-0.0001,0.0050,-0.0043,-0.1222,0
1535746,1.0000,0.0005,0.0034,-0.0002,0.0060,-0.0052,-0.1093,0
1535913,1.0000,0.0005,0.0034,-0.0002,0.0029,0.0010,-0.1124,0
1536080,1.0000,0.0005,0.0034,-0.0002,0.0130,0.0027,-0.1194,0
1536246,1.0000,0.0005,0.0034,-0.0002,0.0104,-0.0129,-0.1249,0
1536413,1.0000,0.0005,0.0034,-0.0002,-0.0042,-0.0034,-0.0970,0
1536580,1.0000,0.0005,0.0034,-0.0002,0.0117,-0.0013,-0.1249,0
1536746,1.0000,0.0005,0.0034,-0.0002,0.0067,-0.0031,-0.0922,0
1536913,1.0000,0.0005,0.0034,-0.0002,0.0046,-0.0036,-0.1185,0
1537080,1.0000,0.0005,0.0034,-0.0002,0.0088,0.0050,-0.1227,0
1537246,1.0000,0.0005,0.0034,-0.0002,-0.0039,-0.0094,-0.1532,0
1537413,1.0000,0.0005,0.0034,-0.0002,-0.0018,0.0034,-0.1216,0
1537580,1.0000,0.0005,0.0034,-0.0002,0.0103,-0.0081,-0.1056,0
1537746,1.0000,0.0005,0.0034,-0.0002,-0.0105,0.0035,-0.0936,0
1537913,1.0000,0.0005,0.0034,-0.0002,0.0077,0.0028,-0.0946,0
1538080,1.0000,0.0005,0.0034,-0.0002,0.0141,-0.0125,-0.1077,0
1538246,1.0000,0.0005,0.0034,-0.0002,0.0137,-0.0097,-0.1066,0
1538413,1.0000,0.0005,0.0034,-0.0002,0.0082,-0.0080,-0.0972,0
1538580,1.0000,0.0005,0.0034,-0.0002,-0.0007,-0.0005,-0.1108,0
1538746,1.0000,0.0005,0.0034,-0.0002,-0.0058,0.0069,-0.1298,0
1538913,1.0000,0.0005,0.0034,-0.0002,0.0114,-0.0164,-0.1166,0
1539080,1.0000,0.0005,0.0034,-0.0002,0.0020,-0.0114,-0.1089,0
1539246,1.0000,0.0005,0.0034,-0.0002,0.0126,-0.0152,-0.1291,0
1539413,1.0000,0.0005,0.0034,-0.0002,0.0089,0.0073,-0.1170,0
1539580,1.0000,0.0005,0.0034,-0.0002,-0.0005,-0.0006,-0.0979,0
1539746,1.0000,0.0005,0.0034,-0.0002,0.0032,-0.0104,-0.1086,0
1539913,1.0000,0.0005,0.0034,-0.0002,0.0160,-0.0032,-0.1163,0
1540080,1.0000,0.0005,0.0034,-0.0002,0.0148,0.0003,-0.0917,0
1540246,1.0000,0.0005,0.0034,-0.0002,0.0149,-0.0049,-0.1124,0
1540413,1.0000,0.0005,0.0034,-0.0002,0.0127,-0.0054,-0.1134,0
1540580,1.0000,0.0005,0.0034,-0.0002,0.0057,-0.0005,-0.0876,0
1540746,1.0000,0.0005,0.0034,-0.0002,0.0122,0.0046,-0.1269,0
1540913,1.0000,0.0005,0.0034,-0.0002,0.0139,0.0092,-0.1293,0
1541080,1.0000,0.0005,0.0034,-0.0003,0.0182,0.0122,-0.1005,0
1541246,1.0000,0.0005,0.0034,-0.0003,0.0005,-0.0141,-0.1136,0
1541413,1.0000,0.0005,0.0034,-0.0002,0.0020,-0.0119,-0.1103,0
1541580,1.0000,0.0005,0.0034,-0.0002,0.0211,0.0005,-0.0979,0
1541746,1.0000,0.0005,0.0034,-0.0002,-0.0007,-0.0012,-0.1017,0
1541913,1.0000,0.0005,0.0034,-0.0002,0.0116,-0.0136,-0.1191,0
1542080,1.0000,0.0005,0.0034,-0.0002,0.0136,-0.0102,-0.0832,0
1542246,1.0000,0.0005,0.0034,-0.0002,0.0082,0.0002,-0.1192,0
1542413,1.0000,0.0005,0.0034,-0.0003,0.0028,-0.0007,-0.1186,0
1542580,1.0000,0.0005,0.0034,-0.0002,0.0091,-0.0144,-0.1037,0
1542746,1.0000,0.0005,0.0034,-0.0003,0.0104,-0.0047,-0.0954,0
1542913,1.0000,0.0005,0.0034,-0.0003,-0.0043,-0.0039,-0.1178,0
1543080,1.0000,0.0005,0.0034,-0.0003,-0.0052,-0.0076,-0.1026,0
1543246,1.0000,0.0005,0.0034,-0.0003,0.0004,-0.0051,-0.1224,0
1543413,1.0000,0.0005,0.0034,-0.0003,0.0113,0.0068,-0.1063,0
1543580,1.0000,0.0005,0.0034,-0.0003,0.0032,-0.0073,-0.1225,0
1543747,1.0000,0.0005,0.0033,-0.0003,0.0160,0.0026,-0.0935,0
1543913,1.0000,0.0005,0.0033,-0.0003,-0.0070,-0.0032,-0.1140,0
1544080,1.0000,0.0005,0.0033,-0.0003,-0.0001,0.0035,-0.1008,0
1544247,1.0000,0.0005,0.0033,-0.0003,0.0024,-0.0101,-0.1025,0
1544413,1.0000,0.0005,0.0033,-0.0003,-0.0046,0.0047,-0.1200,0
1544580,1.0000,0.0005,0.0033,-0.0003,0.0084,-0.0024,-0.1119,0
1544747,1.0000,0.0005,0.0033,-0.0003,-0.0058,-0.0107,-0.0900,0
1544913,1.0000,0.0005,0.0033,-0.0003,0.0108,0.0112,-0.1127,0
1545080,1.0000,0.0005,0.0033,-0.0003,0.0099,-0.0044,-0.1190,0
1545247,1.0000,0.0005,0.0033,-0.0003,-0.0027,-0.0098,-0.1176,0
1545413,1.0000,0.0005,0.0033,-0.0003,-0.0066,-0.0016,-0.1187,0
1545580,1.0000,0.0005,0.0033,-0.0003,0.0090,0.0101,-0.1226,0
1545747,1.0000,0.0005,0.0033,-0.0003,-0.0025,-0.0045,-0.1237,0
1545913,1.0000,0.0005,0.0033,-0.0003,0.0047,0.0016,-0.1027,0
1546080,1.0000,0.0005,0.0033,-0.0003,0.0099,0.0108,-0.1313,0
1546247,1.0000,0.0005,0.0033,-0.0003,0.0002,-0.0027,-0.1164,0
1546413,1.0000,0.0005,0.0033,-0.0003,0.0007,0.0056,-0.0849,0
1546580,1.0000,0.0005,0.0033,-0.0003,0.0056,-0.0050,-0.1315,0
1546747,1.0000,0.0005,0.0033,-0.0003,0.0039,-0.0152,-0.1304,0
1546913,1.0000,0.0005,0.0033,-0.0003,-0.0071,0.0011,-0.1035,0
1547080,1.0000,0.0005,0.0033,-0.0003,0.0108,-0.0141,-0.1184,0
1547247,1.0000,0.0005,0.0033,-0.0003,0.0016,-0.0050,-0.1102,0
1547413,1.0000,0.0005,0.0033,-0.0004,0.0022,0.0042,-0.0739,0
1547580,1.0000,0.0005,0.0033,-0.0004,0.0071,-0.0009,-0.0839,0
1547747,1.0000,0.0005,0.0033,-0.0004,0.0066,-0.0133,-0.1068,0
1547913,1.0000,0.0005,0.0033,-0.0003,0.0120,-0.0011,-0.1142,0
1548080,1.0000,0.0005,0.0033,-0.0003,0.0054,0.0048,-0.1287,0
1548247,1.0000,0.0005,0.0033,-0.0003,0.0189,-0.0053,-0.1071,0
1548413,1.0000,0.0005,0.0033,-0.0003,0.0039,-0.0130,-0.0893,0
1548580,1.0000,0.0005,0.0033,-0.0003,0.0070,-0.0077,-0.1369,0
1548747,1.0000,0.0005,0.0033,-0.0003,0.0060,0.0040,-0.1123,0
1548913,1.0000,0.0005,0.0033,-0.0003,0.0030,-0.0031,-0.1234,0
1549080,1.0000,0.0005,0.0033,-0.0003,-0.0071,-0.0032,-0.1220,0
1549247,1.0000,0.0005,0.0033,-0.0003,0.0059,-0.0122,-0.1233,0
1549413,1.0000,0.0005,0.0033,-0.0003,-0.0013,-0.0006,-0.1022,0
1549580,1.0000,0.0005,0.0033,-0.0003,-0.0002,0.0031,-0.1255,0
1549747,1.0000,0.0005,0.0033,-0.0003,0.0168,-0.0020,-0.1085,0
1549913,1.0000,0.0005,0.0033,-0.0003,0.0220,0.0012,-0.1011,0
1550080,1.0000,0.0005,0.0033,-0.0003,0.0118,0.0078,-0.1319,0
1550247,1.0000,0.0005,0.0033,-0.0003,0.0013,0.0007,-0.1359,0
1550413,1.0000,0.0005,0.0033,-0.0003,0.0129,0.0009,-0.1092,0
1550580,1.0000,0.0005,0.0033,-0.0003,0.0083,0.0107,-0.1010,0
1550747,1.0000,0.0005,0.0033,-0.0003,0.0059,-0.0046,-0.1003,0
1550913,1.0000,0.0005,0.0033,-0.0003,0.0069,-0.0085,-0.1197,0
1551080,1.0000,0.0005,0.0033,-0.0003,0.0110,0.0021,-0.1186,0
1551247,1.0000,0.0005,0.0033,-0.0003,-0.0283,-0.0032,-0.1210,0
1551413,1.0000,0.0005,0.0033,-0.0003,-0.0071,-0.0067,-0.1157,0
1551580,1.0000,0.0005,0.0033,-0.0003,0.0019,-0.0088,-0.1101,0
1551747,1.0000,0.0005,0.0033,-0.0003,-0.0018,0.0100,-0.1358,0
1551913,1.0000,0.0005,0.0033,-0.0003,0.0030,-0.0049,-0.0967,0
1552080,1.0000,0.0005,0.0033,-0.0003,-0.0086,-0.0074,-0.1097,0
1552247,1.0000,0.0004,0.0033,-0.0003,0.0012,0.0001,-0.1079,0
1552413,1.0000,0.0005,0.0034,-0.0003,0.0056,0.0037,-0.1145,0
1552580,1.0000,0.0005,0.0034,-0.0003,-0.0058,-0.0007,-0.0862,0
1552747,1.0000,0.0005,0.0034,-0.0004,0.0073,0.0038,-0.1221,0
1552913,1.0000,0.0005,0.0033,-0.0003,0.0043,-0.0103,-0.1250,0
1553080,1.0000,0.0005,0.0033,-0.0003,0.0055,-0.0053,-0.0938,0
1553247,1.0000,0.0004,0.0034,-0.0003,0.0020,-0.0033,-0.1191,0
1553413,1.0000,0.0004,0.0034,-0.0003,0.0010,-0.0026,-0.1138,0
1553580,1.0000,0.0004,0.0034,-0.0003,-0.0041,-0.0035,-0.1309,0
1553747,1.0000,0.0004,0.0034,-0.0003,0.0074,0.0008,-0.0996,0
1553913,1.0000,0.0004,0.0034,-0.0003,0.0119,0.0059,-0.1304,0
1554080,1.0000,0.0004,0.0034,-0.0003,0.0019,0.0004,-0.1157,0
1554247,1.0000,0.0004,0.0034,-0.0003,0.0170,-0.0077,-0.1158,0
1554413,1.0000,0.0004,0.0034,-0.0003,0.0022,-0.0056,-0.1024,0
1554580,1.0000,0.0004,0.0034,-0.0003,0.0115,-0.0188,-0.0954,0
1554747,1.0000,0.0004,0.0034,-0.0003,-0.0053,-0.0125,-0.1014,0
1554913,1.0000,0.0004,0.0034,-0.0003,0.0032,0.0007,-0.1140,0
1555080,1.0000,0.0004,0.0034,-0.0003,0.0028,0.0028,-0.0873,0
1555247,1.0000,0.0004,0.0034,-0.0003,0.0005,-0.0070,-0.1018,0
1555413,1.0000,0.0004,0.0034,-0.0003,0.0110,0.0013,-0.1203,0
1555580,1.0000,0.0004,0.0034,-0.0003,0.0069,0.0026,-0.1076,0
1555747,1.0000,0.0004,0.0034,-0.0003,-0.0036,-0.0052,-0.1123,0
1555913,1.0000,0.0004,0.0034,-0.0003,-0.0049,-0.0104,-0.1258,0
1556080,1.0000,0.0004,0.0034,-0.0003,0.0130,-0.0048,-0.1187,0
1556247,1.0000,0.0004,0.0034,-0.0003,-0.0011,0.0081,-0.1242,0
1556413,1.0000,0.0004,0.0034,-0.0003,0.0035,-0.0057,-0.1140,0
1556580,1.0000,0.0004,0.0034,-0.0003,-0.0021,0.0029,-0.1131,0
1556747,1.0000,0.0004,0.0034,-0.0003,0.0053,-0.0100,-0.0977,0
1556913,1.0000,0.0004,0.0034,-0.0003,-0.0013,-0.0051,-0.1065,0
1557080,1.0000,0.0004,0.0034,-0.0003,-0.0018,0.0022,-0.1074,0
1557247,1.0000,0.0004,0.0034,-0.0003,0.0029,-0.0016,-0.1072,0
1557413,1.0000,0.0004,0.0034,-0.0003,-0.0038,0.0003,-0.1058,0
1557580,1.0000,0.0004,0.0034,-0.0003,0.0113,-0.0179,-0.1133,0
1557747,1.0000,0.0004,0.0034,-0.0003,-0.0064,-0.0045,-0.1088,0
1557913,1.0000,0.0004,0.0034,-0.0003,0.0023,0.0036,-0.1114,0
1558080,1.0000,0.0004,0.0034,-0.0003,-0.0031,-0.0024,-0.1253,0
1558247,1.0000,0.0004,0.0034,-0.0003,-0.0048,0.0018,-0.1036,0
1558413,1.0000,0.0004,0.0034,-0.0003,-0.0033,0.0092,-0.1275,0
1558580,1.0000,0.0004,0.0034,-0.0003,0.0033,-0.0021,-0.1142,0
1558747,1.0000,0.0004,0.0034,-0.0003,-0.0088,-0.0007,-0.1135,0
1558913,1.0000,0.0004,0.0034,-0.0003,0.0117,0.0027,-0.1146,0
1559080,1.0000,0.0004,0.0034,-0.0003,0.0101,-0.0023,-0.1302,0
1559247,1.0000,0.0004,0.0034,-0.0003,0.0051,-0.0036,-0.0916,0
1559413,1.0000,0.0004,0.0034,-0.0003,0.0009,-0.0009,-0.1202,0
1559580,1.0000,0.0004,0.0034,-0.0003,0.0044,-0.0029,-0.0888,0
1559747,1.0000,0.0004,0.0034,-0.0003,-0.0051,-0.0041,-0.1126,0
1559913,1.0000,0.0004,0.0034,-0.0003,0.0115,-0.0022,-0.1305,0
1560080,1.0000,0.0004,0.0034,-0.0003,0.0205,-0.0090,-0.1056,0
1560247,1.0000,0.0004,0.0034,-0.0003,0.0031,-0.0010,-0.0987,0
1560414,1.0000,0.0004,0.0034,-0.0003,0.0301,0.0040,-0.1171,0
1560580,1.0000,0.0004,0.0034,-0.0003,-0.0014,0.0030,-0.1014,0
1560747,1.0000,0.0004,0.0034,-0.0003,-0.0021,0.0022,-0.0941,0
1560914,1.0000,0.0004,0.0033,-0.0003,-0.0052,0.0035,-0.1304,0
1561080,1.0000,0.0004,0.0034,-0.0003,-0.0110,0.0101,-0.1122,0
1561247,1.0000,0.0004,0.0034,-0.0002,-0.0034,-0.0052,-0.1025,0
1561414,1.0000,0.0004,0.0034,-0.0002,0.0057,0.0086,-0.1189,0
1561580,1.0000,0.0004,0.0034,-0.0003,0.0032,0.0175,-0.0854,0
1561747,1.0000,0.0004,0.0034,-0.0003,0.0078,-0.0087,-0.1309,0
1561914,1.0000,0.0004,0.0034,-0.0003,0.0094,-0.0032,-0.0915,0
1562080,1.0000,0.0004,0.0034,-0.0003,-0.0051,0.0009,-0.1076,0
1562247,1.0000,0.0004,0.0034,-0.0003,-0.0044,-0.0097,-0.1117,0
1562414,1.0000,0.0004,0.0034,-0.0003,0.0046,0.0032,-0.1264,0
1562580,1.0000,0.0004,0.0034,-0.0003,0.0031,0.0009,-0.0951,0
1562747,1.0000,0.0004,0.0034,-0.0003,0.0025,-0.0056,-0.1125,0
1562914,1.0000,0.0004,0.0034,-0.0003,0.0033,0.0070,-0.1247,0
1563080,1.0000,0.0003,0.0034,-0.0003,0.0023,0.0014,-0.1071,0
1563247,1.0000,0.0004,0.0034,-0.0003,0.0089,0.0115,-0.1080,0
1563414,1.0000,0.0003,0.0034,-0.0003,-0.0123,-0.0049,-0.0995,0
1563580,1.0000,0.0003,0.0034,-0.0003,0.0097,-0.0025,-0.1048,0
1563747,1.0000,0.0004,0.0033,-0.0003,0.0015,0.0013,-0.1145,0
1563914,1.0000,0.0004,0.0033,-0.0003,0.0007,-0.0010,-0.1245,0
1564080,1.0000,0.0004,0.0033,-0.0003,-0.0038,-0.0022,-0.1251,0
1564247,1.0000,0.0004,0.0033,-0.0003,-0.0027,-0.0078,-0.1138,0
1564414,1.0000,0.0004,0.0033,-0.0004,-0.0103,0.0021,-0.1316,0
1564580,1.0000,0.0004,0.0033,-0.0004,0.0105,0.0121,-0.1153,0
1564747,1.0000,0.0004,0.0034,-0.0003,0.0148,-0.0054,-0.1129,0
1564914,1.0000,0.0004,0.0034,-0.0003,-0.0034,-0.0054,-0.1302,0
1565080,1.0000,0.0004,0.0034,-0.0003,0.0027,0.0218,-0.1165,0
1565247,1.0000,0.0004,0.0034,-0.0004,0.0024,0.0023,-0.0988,0
1565414,1.0000,0.0004,0.0034,-0.0004,-0.0052,-0.0106,-0.1099,0
1565580,1.0000,0.0004,0.0034,-0.0004,0.0108,-0.0051,-0.1262,0
1565747,1.0000,0.0004,0.0034,-0.0004,0.0060,-0.0082,-0.1140,0
1565914,1.0000,0.0004,0.0034,-0.0004,-0.0087,0.0086,-0.1237,0
1566080,1.0000,0.0004,0.0034,-0.0004,-0.0043,0.0042,-0.1184,0
1566247,1.0000,0.0004,0.0034,-0.0004,0.0002,0.0124,-0.1148,0
1566414,1.0000,0.0004,0.0034,-0.0004,0.0049,-0.0044,-0.1005,0
1566580,1.0000,0.0004,0.0034,-0.0004,0.0175,0.0019,-0.1044,0
1566747,1.0000,0.0004,0.0034,-0.0004,-0.0041,0.0052,-0.1148,0
1566914,1.0000,0.0004,0.0034,-0.0004,0.0015,0.0009,-0.1069,0
1567080,1.0000,0.0004,0.0034,-0.0004,0.0099,-0.0022,-0.1048,0
1567247,1.0000,0.0004,0.0034,-0.0004,0.0105,0.0047,-0.1151,0
1567414,1.0000,0.0004,0.0034,-0.0004,0.0040,0.0081,-0.1232,0
1567580,1.0000,0.0004,0.0034,-0.0004,0.0137,0.0140,-0.1293,0
1567747,1.0000,0.0004,0.0034,-0.0004,0.0032,0.0031,-0.0985,0
1567914,1.0000,0.0004,0.0034,-0.0004,0.0019,0.0020,-0.1122,0
1568080,1.0000,0.0004,0.0034,-0.0004,0.0008,0.0049,-0.1115,0
1568247,1.0000,0.0004,0.0034,-0.0004,-0.0042,-0.0018,-0.1082,0
1568414,1.0000,0.0004,0.0034,-0.0004,0.0129,0.0131,-0.0766,0
1568580,1.0000,0.0004,0.0034,-0.0004,0.0078,0.0029,-0.1091,0
1568747,1.0000,0.0004,0.0034,-0.0004,0.0092,0.0225,-0.1360,0
1568914,1.0000,0.0004,0.0034,-0.0004,0.0139,0.0386,-0.1333,0
1569080,1.0000,0.0004,0.0034,-0.0004,0.0005,-0.0346,-0.0785,0
1569247,1.0000,0.0004,0.0034,-0.0004,-0.0416,-0.0155,-0.1362,0
1569414,1.0000,0.0004,0.0034,-0.0004,0.0321,0.0013,-0.0860,0
1569580,1.0000,0.0004,0.0034,-0.0004,0.0066,0.0139,-0.1443,0
1569747,1.0000,0.0004,0.0034,-0.0004,-0.0027,-0.0036,-0.0987,0
1569914,1.0000,0.0004,0.0034,-0.0004,-0.0146,-0.0256,-0.1056,0
1570080,1.0000,0.0004,0.0034,-0.0005,0.0212,-0.0029,-0.1185,0
1570247,1.0000,0.0004,0.0034,-0.0005,0.0542,0.0226,-0.1001,0
1570414,1.0000,0.0004,0.0034,-0.0005,0.0037,0.0090,-0.1345,0
1570580,1.0000,0.0004,0.0034,-0.0005,-0.0117,-0.0344,-0.1056,0
1570747,1.0000,0.0004,0.0034,-0.0005,-0.0099,0.0088,-0.1243,0
1570914,1.0000,0.0004,0.0034,-0.0005,0.0246,0.0258,-0.0983,0
1571080,1.0000,0.0004,0.0034,-0.0005,0.0001,0.0184,-0.1485,0
1571247,1.0000,0.0004,0.0034,-0.0005,-0.0214,-0.0012,-0.1046,0
1571414,1.0000,0.0004,0.0034,-0.0005,-0.0143,-0.0230,-0.1284,0
1571580,1.0000,0.0004,0.0034,-0.0005,0.0361,0.0194,-0.1034,0
1571747,1.0000,0.0004,0.0034,-0.0004,0.0317,0.0241,-0.1136,0
1571914,1.0000,0.0004,0.0034,-0.0005,-0.0071,-0.0115,-0.1166,0
1572080,1.0000,0.0004,0.0034,-0.0005,-0.0082,-0.0238,-0.1160,0
1572247,1.0000,0.0004,0.0034,-0.0004,-0.0103,-0.0055,-0.0967,0
1572414,1.0000,0.0004,0.0034,-0.0004,0.0220,0.0226,-0.1339,0
1572580,1.0000,0.0004,0.0034,-0.0005,0.0055,0.0119,-0.0952,0
1572747,1.0000,0.0004,0.0034,-0.0004,-0.0038,-0.0100,-0.0876,0
1572914,1.0000,0.0004,0.0034,-0.0005,-0.0016,0.0110,-0.0937,0
1573080,1.0000,0.0004,0.0034,-0.0005,0.0175,0.0166,-0.1253,0
1573247,1.0000,0.0004,0.0034,-0.0005,0.0104,0.0092,-0.1042,0
1573414,1.0000,0.0004,0.0034,-0.0005,-0.0197,0.0071,-0.1011,0
1573580,1.0000,0.0004,0.0034,-0.0005,-0.0028,-0.0005,-0.0872,0
1573747,1.0000,0.0004,0.0034,-0.0005,0.0245,0.0006,-0.1393,0
1573914,1.0000,0.0004,0.0034,-0.0005,0.0148,0.0155,-0.1202,0
1574080,1.0000,0.0004,0.0034,-0.0005,-0.0025,0.0143,-0.1273,0
1574247,1.0000,0.0004,0.0034,-0.0005,-0.0007,-0.0052,-0.1018,0
1574414,1.0000,0.0004,0.0034,-0.0005,-0.0127,0.0200,-0.0815,0
1574580,1.0000,0.0004,0.0034,-0.0005,0.0242,0.0009,-0.1248,0
1574747,1.0000,0.0004,0.0034,-0.0005,0.0133,0.0006,-0.1091,0
1574914,1.0000,0.0004,0.0034,-0.0005,-0.0035,-0.0009,-0.1126,0
1575080,1.0000,0.0004,0.0034,-0.0005,0.0000,-0.0049,-0.1181,0
1575247,1.0000,0.0004,0.0034,-0.0005,0.0406,0.0079,-0.1099,0
1575414,1.0000,0.0004,0.0034,-0.0005,0.0015,0.0101,-0.1406,0
1575580,1.0000,0.0003,0.0034,-0.0005,-0.0048,-0.0047,-0.1007,0
1575747,1.0000,0.0003,0.0034,-0.0005,-0.0197,-0.0066,-0.1027,0
1575914,1.0000,0.0003,0.0034,-0.0005,0.0174,0.0106,-0.1080,0
1576080,1.0000,0.0004,0.0034,-0.0005,0.0041,0.0059,-0.1151,0
1576247,1.0000,0.0004,0.0034,-0.0005,-0.0009,-0.0079,-0.1081,0
1576414,1.0000,0.0004,0.0034,-0.0005,-0.0116,-0.0119,-0.1017,0
1576580,1.0000,0.0004,0.0034,-0.0005,0.0106,-0.0094,-0.0997,0
1576747,1.0000,0.0004,0.0034,-0.0005,0.0342,0.0025,-0.1033,0
1576914,1.0000,0.0004,0.0034,-0.0005,0.0026,-0.0068,-0.1066,0
1577081,1.0000,0.0004,0.0034,-0.0005,-0.0006,0.0093,-0.1019,0
1577247,1.0000,0.0004,0.0034,-0.0005,0.0093,0.0140,-0.1275,0
1577414,1.0000,0.0004,0.0034,-0.0005,0.0066,0.0025,-0.1195,0
1577581,1.0000,0.0004,0.0034,-0.0005,0.0105,0.0080,-0.1177,0
1577747,1.0000,0.0004,0.0034,-0.0005,-0.0047,-0.0010,-0.1323,0
1577914,1.0000,0.0004,0.0034,-0.0005,-0.0101,-0.0021,-0.1124,0
1578081,1.0000,0.0004,0.0034,-0.0005,-0.0000,0.0244,-0.1181,0
1578247,1.0000,0.0004,0.0035,-0.0005,0.0123,0.0045,-0.1111,0
1578414,1.0000,0.0004,0.0035,-0.0005,0.0018,-0.0017,-0.1112,0
1578581,1.0000,0.0004,0.0035,-0.0005,0.0030,0.0124,-0.1083,0
1578747,1.0000,0.0004,0.0034,-0.0005,0.0026,-0.0001,-0.1341,0
1578914,1.0000,0.0004,0.0034,-0.0005,-0.0013,0.0098,-0.1248,0
1579081,1.0000,0.0004,0.0034,-0.0005,0.0063,-0.0060,-0.1119,0
1579247,1.0000,0.0004,0.0034,-0.0005,-0.0001,-0.0080,-0.1061,0
1579414,1.0000,0.0004,0.0034,-0.0005,-0.0060,-0.0093,-0.0829,0
1579581,1.0000,0.0004,0.0035,-0.0005,0.0075,0.0044,-0.1266,0
1579747,1.0000,0.0004,0.0035,-0.0005,0.0210,0.0078,-0.1130,0
1579914,1.0000,0.0004,0.0035,-0.0005,0.0162,-0.0011,-0.1061,0
1580081,1.0000,0.0004,0.0035,-0.0005,-0.0096,0.0087,-0.1204,0
1580247,1.0000,0.0004,0.0035,-0.0005,0.0138,0.0017,-0.1077,0
1580414,1.0000,0.0004,0.0035,-0.0005,0.0237,0.0012,-0.1158,0
1580581,1.0000,0.0004,0.0035,-0.0005,0.0123,-0.0094,-0.1186,0
1580747,1.0000,0.0004,0.0035,-0.0005,0.0076,-0.0014,-0.0976,0
1580914,1.0000,0.0004,0.0035,-0.0005,-0.0022,0.0084,-0.0997,0
1581081,1.0000,0.0004,0.0035,-0.0005,0.0083,-0.0013,-0.1252,0
1581247,1.0000,0.0004,0.0035,-0.0005,0.0033,0.0099,-0.1151,0
1581414,1.0000,0.0004,0.0035,-0.0005,0.0038,-0.0005,-0.1038,0
1581581,1.0000,0.0004,0.0035,-0.0005,-0.0004,0.0018,-0.1136,0
1581747,1.0000,0.0004,0.0035,-0.0005,-0.0014,0.0109,-0.1223,0
1581914,1.0000,0.0004,0.0035,-0.0005,0.0098,-0.0126,-0.1007,0
1582081,1.0000,0.0004,0.0035,-0.0005,0.0074,0.0010,-0.0991,0
1582247,1.0000,0.0004,0.0035,-0.0005,0.0020,0.0100,-0.1016,0
1582414,1.0000,0.0005,0.0035,-0.0005,0.0238,0.0061,-0.1052,0
1582581,1.0000,0.0004,0.0035,-0.0005,0.0014,-0.0138,-0.1110,0
1582747,1.0000,0.0004,0.0034,-0.0006,-0.0175,0.0085,-0.1004,0
1582914,1.0000,0.0005,0.0034,-0.0006,0.0051,-0.0070,-0.1018,0
1583081,1.0000,0.0005,0.0035,-0.0005,0.0061,0.0003,-0.1097,0
1583247,1.0000,0.0005,0.0034,-0.0005,0.0027,0.0107,-0.1086,0
1583414,1.0000,0.0005,0.0034,-0.0005,0.0034,-0.0091,-0.0725,0
1583581,1.0000,0.0005,0.0034,-0.0005,0.0095,0.0047,-0.1226,0
1583747,1.0000,0.0004,0.0034,-0.0005,0.0078,0.0126,-0.0996,0
1583914,1.0000,0.0004,0.0034,-0.0005,0.0088,-0.0043,-0.1429,0
1584081,1.0000,0.0004,0.0034,-0.0005,-0.0189,-0.0071,-0.0992,0
1584247,1.0000,0.0004,0.0034,-0.0005,-0.0089,-0.0151,-0.0910,0
1584414,1.0000,0.0004,0.0034,-0.0005,0.0220,0.0101,-0.1185,0
1584581,1.0000,0.0004,0.0034,-0.0005,0.0295,0.0018,-0.1226,0
1584747,1.0000,0.0004,0.0034,-0.0005,-0.0346,-0.0114,-0.1343,0
1584914,1.0000,0.0004,0.0034,-0.0005,-0.0061,0.0051,-0.0836,0
1585081,1.0000,0.0004,0.0034,-0.0005,0.0079,0.0312,-0.1146,0
1585247,1.0000,0.0005,0.0034,-0.0005,0.0181,-0.0001,-0.0631,0
1585414,1.0000,0.0004,0.0034,-0.0005,0.0133,-0.0204,-0.1278,0
1585581,1.0000,0.0004,0.0034,-0.0005,-0.0203,0.0028,-0.1155,0
1585747,1.0000,0.0005,0.0034,-0.0005,0.0210,-0.0105,-0.1361,0
1585914,1.0000,0.0005,0.0034,-0.0005,0.0039,0.0042,-0.1019,0
1586081,1.0000,0.0004,0.0034,-0.0005,0.0238,-0.0066,-0.1154,0
1586247,1.0000,0.0004,0.0034,-0.0005,-0.0032,-0.0012,-0.1088,0
1586414,1.0000,0.0004,0.0034,-0.0005,-0.0154,0.0197,-0.1156,0
1586581,1.0000,0.0004,0.0034,-0.0005,0.0096,-0.0161,-0.1165,0
1586747,1.0000,0.0004,0.0034,-0.0005,-0.0018,0.0070,-0.0941,0
1586914,1.0000,0.0004,0.0034,-0.0005,-0.0180,-0.0078,-0.0977,0
1587081,1.0000,0.0004,0.0034,-0.0005,0.0000,-0.0131,-0.1116,0
1587247,1.0000,0.0004,0.0034,-0.0005,0.0223,0.0144,-0.1222,0
1587414,1.0000,0.0004,0.0034,-0.0005,0.0200,0.0088,-0.1142,0
1587581,1.0000,0.0004,0.0034,-0.0005,-0.0109,-0.0162,-0.1126,0
1587747,1.0000,0.0004,0.0034,-0.0005,-0.0046,0.0048,-0.1280,0
1587914,1.0000,0.0004,0.0034,-0.0005,0.0024,0.0025,-0.1220,0
1588081,1.0000,0.0004,0.0034,-0.0005,0.0206,0.0115,-0.1441,0
1588247,1.0000,0.0005,0.0034,-0.0005,0.0064,-0.0214,-0.1008,0
1588414,1.0000,0.0005,0.0034,-0.0005,-0.0153,-0.0022,-0.1226,0
1588581,1.0000,0.0005,0.0034,-0.0005,0.0036,0.0224,-0.1104,0
1588747,1.0000,0.0005,0.0034,-0.0005,0.0115,0.0113,-0.1080,0
1588914,1.0000,0.0005,0.0034,-0.0005,0.0058,-0.0055,-0.0998,0
1589081,1.0000,0.0005,0.0034,-0.0005,-0.0100,-0.0068,-0.0840,0
1589247,1.0000,0.0005,0.0034,-0.0005,0.0135,-0.0165,-0.1383,0
1589414,1.0000,0.0005,0.0034,-0.0005,0.0019,-0.0021,-0.1176,0
1589581,1.0000,0.0005,0.0034,-0.0005,0.0123,-0.0069,-0.1427,0
1589747,1.0000,0.0005,0.0034,-0.0005,-0.0110,-0.0061,-0.1352,0
1589914,1.0000,0.0005,0.0034,-0.0005,-0.0021,0.0002,-0.1099,0
1590081,1.0000,0.0005,0.0034,-0.0005,0.0273,0.0092,-0.1177,0
1590247,1.0000,0.0005,0.0034,-0.0005,0.0153,-0.0157,-0.1173,0
1590414,1.0000,0.0004,0.0034,-0.0005,-0.0079,-0.0043,-0.1131,0
1590581,1.0000,0.0005,0.0034,-0.0005,0.0044,0.0003,-0.1360,0
1590747,1.0000,0.0004,0.0034,-0.0005,0.0138,0.0091,-0.1002,0
1590914,1.0000,0.0004,0.0034,-0.0005,0.0105,0.0103,-0.1292,0
1591081,1.0000,0.0004,0.0034,-0.0005,0.0130,-0.0041,-0.1025,0
1591247,1.0000,0.0004,0.0034,-0.0005,-0.0012,0.0083,-0.1167,0
1591414,1.0000,0.0005,0.0034,-0.0005,0.0025,-0.0084,-0.0888,0
1591581,1.0000,0.0005,0.0034,-0.0005,0.0173,0.0115,-0.1036,0
1591747,1.0000,0.0004,0.0034,-0.0005,0.0101,-0.0080,-0.0880,0
1591914,1.0000,0.0004,0.0034,-0.0005,-0.0032,-0.0045,-0.1115,0
1592081,1.0000,0.0004,0.0034,-0.0005,-0.0055,0.0034,-0.1127,0
1592247,1.0000,0.0004,0.0034,-0.0005,0.0228,-0.0008,-0.0930,0
1592414,1.0000,0.0004,0.0034,-0.0005,0.0027,0.0114,-0.1045,0
1592581,1.0000,0.0004,0.0034,-0.0005,0.0156,0.0008,-0.1078,0
1592747,1.0000,0.0004,0.0034,-0.0005,-0.0014,-0.0082,-0.0917,0
1592914,1.0000,0.0004,0.0034,-0.0005,-0.0003,0.0040,-0.1035,0
1593081,1.0000,0.0004,0.0034,-0.0005,0.0071,0.0066,-0.1095,0
1593247,1.0000,0.0004,0.0034,-0.0005,-0.0054,0.0056,-0.0816,0
1593414,1.0000,0.0004,0.0034,-0.0005,0.0029,0.0034,-0.1303,0
1593581,1.0000,0.0004,0.0034,-0.0005,0.0266,-0.0067,-0.1322,0
1593748,1.0000,0.0004,0.0034,-0.0005,0.0181,-0.0116,-0.1030,0
1593914,1.0000,0.0004,0.0034,-0.0005,-0.0253,-0.0096,-0.1062,0
1594081,1.0000,0.0004,0.0034,-0.0005,-0.0065,-0.0090,-0.1001,0
1594248,1.0000,0.0005,0.0034,-0.0005,0.0157,0.0097,-0.1297,0
1594414,1.0000,0.0005,0.0034,-0.0005,0.0150,-0.0018,-0.1008,0
1594581,1.0000,0.0005,0.0034,-0.0005,-0.0270,-0.0086,-0.1209,0
1594748,1.0000,0.0005,0.0034,-0.0005,0.0075,-0.0012,-0.1061,0
1594914,1.0000,0.0005,0.0034,-0.0005,0.0290,0.0073,-0.0992,0
1595081,1.0000,0.0005,0.0034,-0.0005,-0.0012,-0.0008,-0.1463,0
1595248,1.0000,0.0005,0.0034,-0.0005,0.0086,-0.0046,-0.0959,0
1595414,1.0000,0.0005,0.0034,-0.0005,-0.0161,-0.0043,-0.1035,0
1595581,1.0000,0.0005,0.0034,-0.0005,-0.0055,-0.0018,-0.1505,0
1595748,1.0000,0.0005,0.0034,-0.0005,0.0378,0.0126,-0.0712,0
1595914,1.0000,0.0005,0.0034,-0.0005,0.0225,0.0027,-0.1423,0
1596081,1.0000,0.0005,0.0034,-0.0005,-0.0048,-0.0079,-0.1180,0
1596248,1.0000,0.0005,0.0034,-0.0005,-0.0123,0.0169,-0.0658,0
1596414,1.0000,0.0005,0.0034,-0.0005,0.0295,0.0049,-0.1217,0
1596581,1.0000,0.0005,0.0034,-0.0005,-0.0032,-0.0211,-0.1383,0
1596748,1.0000,0.0005,0.0034,-0.0005,-0.0169,0.0043,-0.1002,0
1596914,1.0000,0.0005,0.0034,-0.0005,0.0083,-0.0051,-0.1160,0
1597081,1.0000,0.0005,0.0034,-0.0005,0.0060,0.0051,-0.1054,0
1597248,1.0000,0.0005,0.0034,-0.0005,0.0135,-0.0071,-0.0855,0
1597414,1.0000,0.0005,0.0034,-0.0005,0.0084,-0.0306,-0.1289,0
1597581,1.0000,0.0005,0.0034,-0.0005,-0.0118,-0.0104,-0.1161,0
1597748,1.0000,0.0005,0.0034,-0.0005,0.0075,-0.0016,-0.1103,0
1597914,1.0000,0.0005,0.0034,-0.0005,0.0126,0.0051,-0.1186,0
1598081,1.0000,0.0005,0.0034,-0.0005,0.0084,0.0034,-0.1183,0
1598248,1.0000,0.0005,0.0034,-0.0005,0.0124,0.0036,-0.1072,0
1598414,1.0000,0.0005,0.0034,-0.0005,0.0171,-0.0070,-0.0962,0
1598581,1.0000,0.0005,0.0034,-0.0005,-0.0186,0.0143,-0.1106,0
1598748,1.0000,0.0005,0.0034,-0.0005,-0.0093,0.0003,-0.1086,0
1598914,1.0000,0.0005,0.0034,-0.0005,0.0126,-0.0239,-0.1158,0
1599081,1.0000,0.0005,0.0034,-0.0005,-0.0029,0.0180,-0.0930,0
1599248,1.0000,0.0005,0.0034,-0.0005,0.0004,-0.0047,-0.1091,0
1599414,1.0000,0.0005,0.0034,-0.0005,0.0008,-0.0132,-0.0950,0
1599581,1.0000,0.0005,0.0034,-0.0005,0.0135,0.0114,-0.1115,0
1599748,1.0000,0.0005,0.0034,-0.0005,0.0153,-0.0044,-0.1112,0
1599914,1.0000,0.0005,0.0034,-0.0005,0.0174,0.0101,-0.0959,0
1600081,1.0000,0.0005,0.0034,-0.0005,0.0045,-0.0054,-0.1114,0
1600248,1.0000,0.0005,0.0034,-0.0005,0.0037,-0.0036,-0.0926,0
1600414,1.0000,0.0005,0.0034,-0.0005,-0.0105,0.0013,-0.1264,0
1600581,1.0000,0.0005,0.0034,-0.0005,0.0164,0.0118,-0.0972,0
1600748,1.0000,0.0005,0.0034,-0.0005,0.0055,-0.0121,-0.1083,0
1600914,1.0000,0.0005,0.0034,-0.0005,0.0017,-0.0044,-0.1019,0
1601081,1.0000,0.0005,0.0034,-0.0005,-0.0109,0.0030,-0.0956,0
1601248,1.0000,0.0005,0.0034,-0.0005,0.0172,-0.0046,-0.1197,0
1601414,1.0000,0.0005,0.0034,-0.0005,0.0171,-0.0091,-0.1048,0
1601581,1.0000,0.0005,0.0034,-0.0005,-0.0004,0.0133,-0.0770,0
1601748,1.0000,0.0005,0.0034,-0.0005,-0.0008,-0.0098,-0.1143,0
1601914,1.0000,0.0005,0.0034,-0.0005,0.0202,-0.0101,-0.1147,0
1602081,1.0000,0.0005,0.0034,-0.0005,0.0045,0.0060,-0.1204,0
1602248,1.0000,0.0005,0.0034,-0.0005,0.0031,-0.0069,-0.1180,0
1602414,1.0000,0.0005,0.0034,-0.0005,-0.0142,-0.0085,-0.0869,0
1602581,1.0000,0.0005,0.0034,-0.0005,-0.0187,0.0034,-0.1377,0
1602748,1.0000,0.0005,0.0034,-0.0005,0.0327,-0.0016,-0.1069,0
1602914,1.0000,0.0005,0.0034,-0.0005,0.0109,-0.0014,-0.1210,0
1603081,1.0000,0.0005,0.0034,-0.0005,-0.0173,-0.0017,-0.0766,0
1603248,1.0000,0.0005,0.0034,-0.0005,0.0025,0.0071,-0.1291,0
1603414,1.0000,0.0005,0.0034,-0.0005,0.0171,0.0052,-0.1133,0
1603581,1.0000,0.0005,0.0034,-0.0005,0.0057,-0.0055,-0.1159,0
1603748,1.0000,0.0005,0.0034,-0.0006,0.0022,-0.0226,-0.1080,0
1603914,1.0000,0.0005,0.0034,-0.0006,-0.0187,-0.0003,-0.1158,0
1604081,1.0000,0.0005,0.0034,-0.0006,0.0090,0.0059,-0.1276,0
1604248,1.0000,0.0005,0.0034,-0.0006,0.0116,-0.0069,-0.1364,0
1604414,1.0000,0.0005,0.0034,-0.0006,-0.0057,0.0072,-0.1013,0
1604581,1.0000,0.0005,0.0034,-0.0006,-0.0208,0.0021,-0.0882,0
1604748,1.0000,0.0005,0.0034,-0.0006,0.0103,-0.0005,-0.1170,0
1604914,1.0000,0.0005,0.0034,-0.0006,0.0280,0.0038,-0.1261,0
1605081,1.0000,0.0005,0.0034,-0.0006,0.0208,-0.0134,-0.0934,0
1605248,1.0000,0.0005,0.0034,-0.0006,-0.0115,0.0021,-0.1094,0
1605414,1.0000,0.0005,0.0034,-0.0006,0.0065,-0.0077,-0.1147,0
1605581,1.0000,0.0005,0.0034,-0.0006,0.0164,0.0101,-0.1389,0
1605748,1.0000,0.0005,0.0034,-0.0006,0.0058,-0.0115,-0.0993,0
1605914,1.0000,0.0005,0.0034,-0.0006,-0.0050,0.0052,-0.1024,0
1606081,1.0000,0.0005,0.0034,-0.0006,-0.0131,0.0039,-0.1118,0
1606248,1.0000,0.0005,0.0034,-0.0006,0.0124,0.0019,-0.1546,0
1606414,1.0000,0.0005,0.0034,-0.0006,0.0201,0.0122,-0.1178,0
1606581,1.0000,0.0005,0.0034,-0.0006,0.0003,-0.0260,-0.1096,0
1606748,1.0000,0.0005,0.0034,-0.0006,-0.0034,-0.0017,-0.1036,0
1606914,1.0000,0.0005,0.0034,-0.0006,-0.0011,0.0096,-0.1282,0
1607081,1.0000,0.0005,0.0034,-0.0006,0.0084,-0.0121,-0.0951,0
1607248,1.0000,0.0005,0.0034,-0.0006,0.0018,0.0045,-0.0919,0
1607414,1.0000,0.0005,0.0034,-0.0006,0.0076,-0.0013,-0.1076,0
1607581,1.0000,0.0005,0.0034,-0.0006,0.0104,0.0116,-0.1139,0
1607748,1.0000,0.0005,0.0034,-0.0006,0.0028,0.0033,-0.0889,0
1607914,1.0000,0.0005,0.0034,-0.0006,0.0069,0.0044,-0.0905,0
1608081,1.0000,0.0005,0.0034,-0.0006,-0.0005,-0.0162,-0.0880,0
1608248,1.0000,0.0005,0.0034,-0.0006,0.0161,0.0049,-0.1272,0
1608414,1.0000,0.0005,0.0034,-0.0006,-0.0031,0.0009,-0.1066,0
1608581,1.0000,0.0005,0.0034,-0.0006,0.0156,-0.0043,-0.1264,0
1608748,1.0000,0.0005,0.0034,-0.0006,0.0128,-0.0037,-0.1280,0
1608914,1.0000,0.0005,0.0034,-0.0006,-0.0133,-0.0010,-0.1225,0
1609081,1.0000,0.0005,0.0034,-0.0006,-0.0076,0.0004,-0.1287,0
1609248,1.0000,0.0005,0.0034,-0.0006,0.0088,-0.0043,-0.1193,0
1609414,1.0000,0.0005,0.0034,-0.0006,0.0160,-0.0008,-0.1437,0
1609581,1.0000,0.0005,0.0034,-0.0006,-0.0035,-0.0035,-0.1123,0
1609748,1.0000,0.0005,0.0034,-0.0006,-0.0061,0.0103,-0.1035,0
1609914,1.0000,0.0005,0.0034,-0.0006,-0.0085,0.0100,-0.0987,0
1610081,1.0000,0.0005,0.0034,-0.0006,0.0015,0.0024,-0.1382,0
1610248,1.0000,0.0005,0.0034,-0.0006,-0.0049,-0.0001,-0.1673,0
1610415,1.0000,0.0005,0.0034,-0.0006,0.0022,-0.0100,-0.0997,0
1610581,1.0000,0.0005,0.0034,-0.0006,-0.0062,0.0037,-0.0954,0
1610748,1.0000,0.0005,0.0034,-0.0006,0.0122,0.0048,-0.0994,0
1610915,1.0000,0.0005,0.0034,-0.0007,0.0022,-0.0001,-0.1207,0
1611081,1.0000,0.0005,0.0034,-0.0007,0.0074,-0.0033,-0.1288,0
1611248,1.0000,0.0005,0.0034,-0.0007,0.0017,0.0024,-0.1114,0
1611415,1.0000,0.0005,0.0034,-0.0007,0.0020,-0.0113,-0.1092,0
1611581,1.0000,0.0005,0.0034,-0.0007,0.0077,-0.0009,-0.1069,0
1611748,1.0000,0.0005,0.0034,-0.0007,0.0052,-0.0032,-0.1067,0
1611915,1.0000,0.0005,0.0034,-0.0007,0.0010,-0.0093,-0.1278,0
1612081,1.0000,0.0005,0.0034,-0.0007,-0.0018,-0.0016,-0.1086,0
1612248,1.0000,0.0005,0.0034,-0.0007,0.0098,-0.0074,-0.1033,0
1612415,1.0000,0.0005,0.0034,-0.0007,0.0078,-0.0101,-0.1183,0
1612581,1.0000,0.0005,0.0034,-0.0007,0.0026,-0.0085,-0.1273,0
1612748,1.0000,0.0005,0.0034,-0.0007,0.0102,-0.0128,-0.0960,0
1612915,1.0000,0.0005,0.0034,-0.0007,-0.0013,0.0007,-0.1195,0
1613081,1.0000,0.0005,0.0034,-0.0007,0.0071,-0.0008,-0.1133,0
1613248,1.0000,0.0005,0.0034,-0.0007,0.0084,-0.0140,-0.1070,0
1613415,1.0000,0.0005,0.0034,-0.0006,0.0200,-0.0088,-0.1404,0
1613581,1.0000,0.0005,0.0034,-0.0006,-0.0094,0.0015,-0.0900,0
1613748,1.0000,0.0006,0.0034,-0.0006,-0.0016,-0.0048,-0.0866,0
1613915,1.0000,0.0006,0.0034,-0.0006,0.0228,-0.0023,-0.1337,0
1614081,1.0000,0.0006,0.0034,-0.0006,0.0143,0.0079,-0.1136,0
1614248,1.0000,0.0006,0.0034,-0.0007,0.0002,0.0261,-0.1192,0
1614415,1.0000,0.0006,0.0034,-0.0007,0.0038,-0.0037,-0.1143,0
1614581,1.0000,0.0006,0.0034,-0.0007,-0.0055,0.0018,-0.0953,0
1614748,1.0000,0.0006,0.0034,-0.0007,0.0103,-0.0256,-0.0883,0
1614915,1.0000,0.0006,0.0034,-0.0007,-0.0093,0.0019,-0.1398,0
1615081,1.0000,0.0006,0.0034,-0.0007,0.0247,0.0072,-0.1033,0
1615248,1.0000,0.0006,0.0034,-0.0007,0.0271,-0.0184,-0.1120,0
1615415,1.0000,0.0006,0.0034,-0.0006,0.0118,-0.0041,-0.0961,0
1615581,1.0000,0.0006,0.0034,-0.0006,-0.0111,0.0082,-0.1254,0
1615748,1.0000,0.0006,0.0034,-0.0006,0.0109,-0.0057,-0.1027,0
1615915,1.0000,0.0006,0.0034,-0.0007,0.0144,-0.0002,-0.1349,0
1616081,1.0000,0.0006,0.0034,-0.0007,0.0079,-0.0042,-0.1008,0
1616248,1.0000,0.0006,0.0034,-0.0007,-0.0183,-0.0039,-0.1032,0
1616415,1.0000,0.0006,0.0034,-0.0007,0.0095,0.0015,-0.0716,0
1616581,1.0000,0.0006,0.0034,-0.0007,0.0165,0.0020,-0.1568,0
1616748,1.0000,0.0006,0.0034,-0.0007,0.0164,-0.0028,-0.1083,0
1616915,1.0000,0.0006,0.0034,-0.0007,-0.0058,0.0012,-0.1058,0
1617081,1.0000,0.0006,0.0034,-0.0007,0.0097,-0.0004,-0.1133,0
1617248,1.0000,0.0006,0.0034,-0.0007,0.0077,-0.0026,-0.1270,0
1617415,1.0000,0.0006,0.0034,-0.0007,0.0044,0.0064,-0.1074,0
1617581,1.0000,0.0006,0.0034,-0.0007,0.0049,-0.0032,-0.1165,0
1617748,1.0000,0.0006,0.0034,-0.0007,-0.0006,-0.0037,-0.1064,0
1617915,1.0000,0.0006,0.0034,-0.0007,0.0071,0.0129,-0.1062,0
1618081,1.0000,0.0006,0.0034,-0.0007,0.0064,-0.0050,-0.1025,0
1618248,1.0000,0.0006,0.0034,-0.0007,0.0096,-0.0132,-0.1297,0
1618415,1.0000,0.0006,0.0034,-0.0007,0.0037,-0.0001,-0.1010,0
1618581,1.0000,0.0006,0.0034,-0.0007,-0.0038,0.0164,-0.1017,0
1618748,1.0000,0.0006,0.0034,-0.0007,0.0097,0.0053,-0.1111,0
1618915,1.0000,0.0006,0.0034,-0.0007,-0.0007,-0.0112,-0.1156,0
1619081,1.0000,0.0006,0.0034,-0.0007,0.0034,-0.0101,-0.1050,0
1619248,1.0000,0.0006,0.0034,-0.0007,0.0009,0.0036,-0.1246,0
1619415,1.0000,0.0006,0.0034,-0.0007,0.0137,-0.0041,-0.1100,0
1619581,1.0000,0.0006,0.0034,-0.0007,0.0146,-0.0014,-0.1203,0
1619748,1.0000,0.0006,0.0034,-0.0007,-0.0040,-0.0058,-0.1157,0
1619915,1.0000,0.0006,0.0034,-0.0007,0.0152,0.0004,-0.1272,0
1620081,1.0000,0.0006,0.0034,-0.0007,0.0155,-0.0064,-0.0963,0
1620248,1.0000,0.0006,0.0034,-0.0007,-0.0028,-0.0125,-0.1100,0
1620415,1.0000,0.0006,0.0034,-0.0007,-0.0146,-0.0031,-0.1058,0
1620581,1.0000,0.0006,0.0034,-0.0007,-0.0063,0.0050,-0.1252,0
1620748,1.0000,0.0006,0.0035,-0.0007,0.0136,0.0095,-0.1298,0
1620915,1.0000,0.0006,0.0034,-0.0007,0.0162,0.0079,-0.0922,0
1621081,1.0000,0.0006,0.0035,-0.0007,0.0071,-0.0053,-0.1449,0
1621248,1.0000,0.0006,0.0035,-0.0006,-0.0024,-0.0134,-0.1085,0
1621415,1.0000,0.0006,0.0035,-0.0006,-0.0106,0.0134,-0.0995,0
1621581,1.0000,0.0006,0.0035,-0.0006,-0.0130,0.0029,-0.1046,0
1621748,1.0000,0.0006,0.0034,-0.0006,-0.0022,0.0017,-0.1346,0
1621915,1.0000,0.0006,0.0034,-0.0006,0.0182,-0.0213,-0.1183,0
1622081,1.0000,0.0006,0.0034,-0.0006,0.0145,-0.0106,-0.1361,0
1622248,1.0000,0.0006,0.0034,-0.0006,0.0105,-0.0068,-0.0823,0
1622415,1.0000,0.0006,0.0035,-0.0007,0.0107,-0.0063,-0.1259,0
1622581,1.0000,0.0006,0.0035,-0.0007,0.0153,-0.0088,-0.1179,0
1622748,1.0000,0.0006,0.0035,-0.0007,0.0156,-0.0231,-0.1046,0
1622915,1.0000,0.0006,0.0035,-0.0007,0.0067,-0.0046,-0.1097,0
1623081,1.0000,0.0006,0.0035,-0.0007,0.0053,-0.0036,-0.1381,0
1623248,1.0000,0.0006,0.0035,-0.0006,0.0102,-0.0133,-0.1007,0
1623415,1.0000,0.0006,0.0035,-0.0006,0.0221,0.0096,-0.1085,0
1623581,1.0000,0.0006,0.0035,-0.0006,-0.0022,-0.0065,-0.1036,0
1623748,1.0000,0.0004,0.0034,-0.0006,0.0045,-0.0306,-0.1119,0
1623915,1.0000,0.0004,0.0034,-0.0006,0.0087,-0.0010,-0.1210,0
1624081,1.0000,0.0004,0.0034,-0.0006,0.0186,0.0160,-0.1012,0
1624248,1.0000,0.0004,0.0034,-0.0006,0.0079,0.0166,-0.1101,0
1624415,1.0000,0.0004,0.0034,-0.0006,-0.0061,-0.0045,-0.1254,0
1624581,1.0000,0.0004,0.0034,-0.0006,-0.0138,-0.0066,-0.1100,0
1624748,1.0000,0.0004,0.0034,-0.0006,0.0222,-0.0025,-0.1200,0
1624915,1.0000,0.0004,0.0034,-0.0006,0.0148,-0.0019,-0.1018,0
1625081,1.0000,0.0004,0.0034,-0.0006,0.0022,-0.0078,-0.1208,0
1625248,1.0000,0.0004,0.0034,-0.0007,-0.0306,0.0021,-0.1193,0
1625415,1.0000,0.0004,0.0034,-0.0007,0.0246,0.0060,-0.1020,0
1625581,1.0000,0.0004,0.0034,-0.0007,0.0358,-0.0061,-0.1061,0
1625748,1.0000,0.0004,0.0034,-0.0007,-0.0308,0.0122,-0.1285,0
1625915,1.0000,0.0004,0.0034,-0.0007,-0.0229,-0.0018,-0.0909,0
1626081,1.0000,0.0004,0.0034,-0.0006,0.0402,0.0167,-0.1144,0
1626248,1.0000,0.0004,0.0034,-0.0006,0.0387,0.0028,-0.1397,0
1626415,1.0000,0.0004,0.0034,-0.0006,-0.0057,-0.0065,-0.1194,0
1626581,1.0000,0.0004,0.0034,-0.0006,-0.0090,-0.0162,-0.1129,0
1626748,1.0000,0.0004,0.0034,-0.0006,0.0095,0.0102,-0.1078,0
1626915,1.0000,0.0004,0.0034,-0.0006,0.0348,0.0081,-0.1392,0
1627082,1.0000,0.0004,0.0034,-0.0006,0.0184,-0.0032,-0.1074,0
1627248,1.0000,0.0005,0.0034,-0.0006,-0.0058,-0.0206,-0.1150,0
1627415,1.0000,0.0004,0.0034,-0.0006,-0.0020,-0.0085,-0.0587,0
1627582,1.0000,0.0004,0.0034,-0.0006,0.0182,0.0248,-0.1475,0
1627748,1.0000,0.0004,0.0034,-0.0006,0.0267,0.0011,-0.0767,0
1627915,1.0000,0.0004,0.0034,-0.0006,-0.0092,0.0063,-0.1174,0
1628082,1.0000,0.0004,0.0034,-0.0006,-0.0259,-0.0169,-0.0803,0
1628248,1.0000,0.0004,0.0034,-0.0006,0.0015,0.0026,-0.1318,0
1628415,1.0000,0.0004,0.0034,-0.0007,0.0303,0.0010,-0.1129,0
1628582,1.0000,0.0004,0.0034,-0.0007,-0.0058,-0.0243,-0.1047,0
1628748,1.0000,0.0004,0.0034,-0.0007,0.0061,0.0020,-0.1058,0
1628915,1.0000,0.0004,0.0034,-0.0006,0.0091,0.0202,-0.1223,0
1629082,1.0000,0.0004,0.0034,-0.0006,0.0208,0.0169,-0.1254,0
1629248,1.0000,0.0004,0.0034,-0.0006,-0.0013,-0.0168,-0.0461,0
1629415,1.0000,0.0004,0.0034,-0.0006,-0.0390,-0.0142,-0.1324,0
1629582,1.0000,0.0004,0.0034,-0.0006,0.0047,0.0007,-0.0891,0
1629748,1.0000,0.0004,0.0034,-0.0007,0.0399,0.0136,-0.1564,0
1629915,1.0000,0.0004,0.0034,-0.0007,0.0093,0.0151,-0.0978,0
1630082,1.0000,0.0004,0.0034,-0.0006,-0.0311,-0.0111,-0.1168,0
1630248,1.0000,0.0004,0.0034,-0.0007,0.0020,0.0024,-0.0890,0
1630415,1.0000,0.0004,0.0034,-0.0007,0.0190,0.0136,-0.1384,0
1630582,1.0000,0.0004,0.0034,-0.0007,0.0172,0.0037,-0.0706,0
1630748,1.0000,0.0004,0.0034,-0.0007,0.0026,-0.0177,-0.1157,0
1630915,1.0000,0.0004,0.0034,-0.0007,-0.0098,-0.0020,-0.1080,0
1631082,1.0000,0.0004,0.0034,-0.0007,0.0154,0.0122,-0.1281,0
1631248,1.0000,0.0005,0.0034,-0.0007,0.0336,0.0115,-0.0557,0
1631415,1.0000,0.0004,0.0034,-0.0007,-0.0606,0.0226,-0.1562,0
1631582,1.0000,0.0004,0.0034,-0.0007,0.0258,-0.0066,-0.1290,0
1631748,1.0000,0.0004,0.0034,-0.0007,0.0529,0.0136,-0.0853,0
1631915,1.0000,0.0004,0.0034,-0.0007,0.0042,-0.0091,-0.1125,0
1632082,1.0000,0.0005,0.0034,-0.0007,-0.0267,0.0067,-0.0757,0
1632248,1.0000,0.0005,0.0034,-0.0007,-0.0167,0.0016,-0.1453,0
1632415,1.0000,0.0005,0.0034,-0.0007,0.0497,-0.0160,-0.0955,0
1632582,1.0000,0.0005,0.0034,-0.0007,-0.0023,0.0322,-0.1179,0
1632748,1.0000,0.0005,0.0034,-0.0007,-0.0051,-0.0323,-0.0736,0
1632915,1.0000,0.0005,0.0034,-0.0007,-0.0201,-0.0074,-0.1238,0
1633082,1.0000,0.0005,0.0034,-0.0007,0.0216,0.0302,-0.1259,0
1633248,1.0000,0.0005,0.0034,-0.0007,0.0487,0.0020,-0.1473,0
1633415,1.0000,0.0005,0.0035,-0.0007,-0.0133,-0.0061,-0.1047,0
1633582,1.0000,0.0005,0.0034,-0.0007,-0.0368,0.0296,-0.1250,0
1633748,1.0000,0.0005,0.0034,-0.0007,0.0496,-0.0169,-0.1183,0
1633915,1.0000,0.0005,0.0034,-0.0007,0.0399,0.0040,-0.0993,0
1634082,1.0000,0.0005,0.0035,-0.0007,-0.0046,0.0008,-0.1290,0
1634248,1.0000,0.0005,0.0035,-0.0007,-0.0013,-0.0108,-0.1132,0
1634415,1.0000,0.0005,0.0035,-0.0007,-0.0024,0.0072,-0.1200,0
1634582,1.0000,0.0005,0.0034,-0.0007,0.0235,0.0061,-0.1057,0
1634748,1.0000,0.0005,0.0034,-0.0007,0.0308,-0.0074,-0.1229,0
1634915,1.0000,0.0005,0.0034,-0.0007,-0.0170,-0.0186,-0.0803,0
1635082,1.0000,0.0005,0.0034,-0.0007,-0.0160,0.0038,-0.1064,0
1635248,1.0000,0.0005,0.0034,-0.0007,0.0233,0.0122,-0.1271,0
1635415,1.0000,0.0005,0.0035,-0.0007,0.0272,0.0046,-0.1236,0
1635582,1.0000,0.0005,0.0035,-0.0007,0.0081,-0.0061,-0.1152,0
1635748,1.0000,0.0005,0.0034,-0.0007,0.0115,0.0078,-0.1266,0
1635915,1.0000,0.0005,0.0034,-0.0007,0.0157,0.0113,-0.1187,0
1636082,1.0000,0.0005,0.0035,-0.0007,0.0039,0.0027,-0.1174,0
1636248,1.0000,0.0005,0.0034,-0.0007,-0.0090,-0.0316,-0.0982,0
1636415,1.0000,0.0005,0.0034,-0.0007,-0.0063,-0.0067,-0.1129,0
1636582,1.0000,0.0005,0.0034,-0.0007,0.0298,-0.0012,-0.1083,0
1636748,1.0000,0.0005,0.0035,-0.0007,0.0109,0.0114,-0.1182,0
1636915,1.0000,0.0005,0.0035,-0.0007,0.0035,-0.0039,-0.1307,0
1637082,1.0000,0.0005,0.0034,-0.0007,-0.0058,-0.0075,-0.1024,0
1637248,1.0000,0.0005,0.0035,-0.0007,0.0230,0.0031,-0.1214,0
1637415,1.0000,0.0004,0.0034,-0.0007,0.0153,0.0029,-0.0947,0
1637582,1.0000,0.0004,0.0034,-0.0007,-0.0024,0.0010,-0.1037,0
1637748,1.0000,0.0004,0.0034,-0.0007,-0.0094,-0.0162,-0.1214,0
1637915,1.0000,0.0004,0.0034,-0.0007,0.0022,-0.0052,-0.1147,0
1638082,1.0000,0.0004,0.0034,-0.0007,0.0311,0.0152,-0.1002,0
1638248,1.0000,0.0004,0.0034,-0.0007,-0.0013,0.0028,-0.1324,0
1638415,1.0000,0.0004,0.0034,-0.0007,-0.0135,-0.0109,-0.0835,0
1638582,1.0000,0.0005,0.0034,-0.0007,-0.0032,-0.0143,-0.1287,0
1638748,1.0000,0.0005,0.0034,-0.0007,0.0202,0.0011,-0.1062,0
1638915,1.0000,0.0005,0.0035,-0.0007,0.0230,0.0033,-0.0902,0
1639082,1.0000,0.0005,0.0035,-0.0007,0.0131,0.0009,-0.1157,0
1639248,1.0000,0.0005,0.0035,-0.0007,0.0020,-0.0156,-0.1106,0
1639415,1.0000,0.0005,0.0035,-0.0007,0.0101,-0.0029,-0.1110,0
1639582,1.0000,0.0005,0.0035,-0.0007,0.0218,0.0213,-0.1118,0
1639748,1.0000,0.0005,0.0035,-0.0007,0.0104,-0.0019,-0.1111,0
1639915,1.0000,0.0005,0.0035,-0.0007,-0.0096,-0.0030,-0.1032,0
1640082,1.0000,0.0005,0.0035,-0.0007,-0.0048,0.0020,-0.1036,0
1640248,1.0000,0.0005,0.0035,-0.0007,0.0185,-0.0059,-0.0938,0
1640415,1.0000,0.0005,0.0035,-0.0007,-0.0027,0.0133,-0.1074,0
1640582,1.0000,0.0005,0.0035,-0.0007,0.0028,-0.0055,-0.0934,0
1640748,1.0000,0.0005,0.0035,-0.0007,0.0066,-0.0104,-0.1177,0
1640915,1.0000,0.0005,0.0035,-0.0007,0.0030,-0.0005,-0.1446,0
1641082,1.0000,0.0005,0.0035,-0.0007,0.0144,-0.0067,-0.1128,0
1641248,1.0000,0.0005,0.0035,-0.0007,-0.0066,-0.0152,-0.1025,0
1641415,1.0000,0.0005,0.0035,-0.0007,0.0119,-0.0084,-0.1295,0
1641582,1.0000,0.0005,0.0035,-0.0007,-0.0133,-0.0049,-0.0952,0
1641748,1.0000,0.0005,0.0035,-0.0007,0.0186,-0.0062,-0.1276,0
1641915,1.0000,0.0005,0.0035,-0.0007,0.0006,-0.0126,-0.1071,0
1642082,1.0000,0.0005,0.0035,-0.0007,0.0065,-0.0013,-0.1277,0
1642248,1.0000,0.0005,0.0035,-0.0007,0.0185,-0.0037,-0.1361,0
1642415,1.0000,0.0005,0.0035,-0.0007,0.0339,-0.0002,-0.1240,0
1642582,1.0000,0.0005,0.0035,-0.0007,0.0144,-0.0045,-0.1028,0
1642748,1.0000,0.0005,0.0035,-0.0007,-0.0004,0.0075,-0.1060,0
1642915,1.0000,0.0005,0.0035,-0.0007,0.0237,0.0181,-0.1170,0
1643082,1.0000,0.0005,0.0035,-0.0007,0.0240,-0.0230,-0.0851,0
1643248,1.0000,0.0005,0.0035,-0.0007,-0.0395,-0.0131,-0.1548,0
1643415,1.0000,0.0005,0.0035,-0.0007,-0.0061,0.0057,-0.0940,0
1643582,1.0000,0.0005,0.0035,-0.0007,0.0260,0.0188,-0.1291,0
1643749,1.0000,0.0004,0.0034,-0.0008,0.0352,0.0023,-0.1196,0
1643915,1.0000,0.0004,0.0034,-0.0008,0.0039,-0.0122,-0.0868,0
1644082,1.0000,0.0004,0.0034,-0.0008,-0.0103,-0.0170,-0.0894,0
1644249,1.0000,0.0004,0.0034,-0.0008,0.0020,0.0104,-0.1129,0
1644415,1.0000,0.0004,0.0034,-0.0008,0.0234,0.0032,-0.1176,0
1644582,1.0000,0.0005,0.0034,-0.0008,0.0293,-0.0109,-0.1217,0
1644749,1.0000,0.0005,0.0034,-0.0008,-0.0061,-0.0176,-0.0893,0
1644915,1.0000,0.0005,0.0034,-0.0008,-0.0074,0.0138,-0.1263,0
1645082,1.0000,0.0005,0.0034,-0.0008,0.0311,0.0027,-0.1286,0
1645249,1.0000,0.0005,0.0034,-0.0008,0.0143,-0.0122,-0.0940,0
1645415,1.0000,0.0005,0.0034,-0.0008,-0.0045,-0.0010,-0.1065,0
1645582,1.0000,0.0005,0.0034,-0.0008,-0.0002,-0.0092,-0.1009,0
1645749,1.0000,0.0005,0.0034,-0.0008,0.0142,0.0093,-0.0969,0
1645915,1.0000,0.0005,0.0034,-0.0008,0.0167,-0.0123,-0.1363,0
1646082,1.0000,0.0005,0.0034,-0.0008,0.0144,-0.0094,-0.0952,0
1646249,1.0000,0.0005,0.0034,-0.0008,0.0029,0.0109,-0.0921,0
1646415,1.0000,0.0005,0.0034,-0.0008,0.0052,0.0141,-0.1107,0
1646582,1.0000,0.0004,0.0034,-0.0008,0.0119,0.0054,-0.1198,0
1646749,1.0000,0.0004,0.0034,-0.0008,0.0178,-0.0035,-0.0975,0
1646915,1.0000,0.0004,0.0035,-0.0008,-0.0192,-0.0000,-0.1236,0
1647082,1.0000,0.0004,0.0035,-0.0008,0.0206,0.0067,-0.0834,0
1647249,1.0000,0.0004,0.0035,-0.0008,0.0265,0.0402,-0.1175,0
1647415,1.0000,0.0004,0.0035,-0.0008,0.0133,-0.0086,-0.1165,0
1647582,1.0000,0.0004,0.0035,-0.0008,-0.0441,-0.0175,-0.1059,0
1647749,1.0000,0.0004,0.0035,-0.0008,-0.0050,-0.0028,-0.1267,0
1647915,1.0000,0.0004,0.0035,-0.0008,0.0635,0.0128,-0.1056,0
1648082,1.0000,0.0004,0.0035,-0.0008,0.0151,0.0064,-0.1121,0
1648249,1.0000,0.0004,0.0035,-0.0008,-0.0216,-0.0162,-0.1194,0
1648415,1.0000,0.0004,0.0035,-0.0008,-0.0123,0.0028,-0.0829,0
1648582,1.0000,0.0004,0.0035,-0.0008,0.0269,0.0214,-0.1259,0
1648749,1.0000,0.0004,0.0035,-0.0008,0.0330,0.0079,-0.0931,0
1648915,1.0000,0.0004,0.0035,-0.0008,-0.0119,0.0008,-0.0995,0
1649082,1.0000,0.0004,0.0035,-0.0008,-0.0251,-0.0127,-0.1526,0
1649249,1.0000,0.0004,0.0035,-0.0008,0.0018,0.0100,-0.1015,0
1649415,1.0000,0.0004,0.0035,-0.0008,0.0086,0.0132,-0.1149,0
1649582,1.0000,0.0004,0.0035,-0.0008,0.0095,-0.0159,-0.1583,0
1649749,1.0000,0.0004,0.0035,-0.0008,0.0001,-0.0041,-0.0661,0
1649915,1.0000,0.0004,0.0035,-0.0008,0.0041,-0.0016,-0.1428,0
1650082,1.0000,0.0004,0.0035,-0.0008,0.0163,0.0107,-0.0956,0
1650249,1.0000,0.0004,0.0035,-0.0008,0.0028,0.0047,-0.1069,0
1650415,1.0000,0.0004,0.0035,-0.0008,-0.0125,-0.0157,-0.1047,0
1650582,1.0000,0.0004,0.0035,-0.0008,-0.0028,0.0052,-0.1193,0
1650749,1.0000,0.0004,0.0035,-0.0008,0.0006,0.0081,-0.0987,0
1650915,1.0000,0.0004,0.0035,-0.0008,0.0186,0.0023,-0.1235,0
1651082,1.0000,0.0004,0.0035,-0.0008,0.0230,-0.0144,-0.0825,0
1651249,1.0000,0.0004,0.0035,-0.0008,-0.0008,-0.0069,-0.1118,0
1651415,1.0000,0.0004,0.0035,-0.0008,0.0087,0.0005,-0.1065,0
1651582,1.0000,0.0004,0.0035,-0.0008,0.0154,0.0033,-0.1209,0
1651749,1.0000,0.0004,0.0035,-0.0008,0.0075,0.0006,-0.1152,0
1651915,1.0000,0.0004,0.0035,-0.0008,0.0055,0.0013,-0.1534,0
1652082,1.0000,0.0004,0.0035,-0.0008,-0.0029,0.0039,-0.1065,0
1652249,1.0000,0.0004,0.0035,-0.0008,0.0039,0.0054,-0.1277,0
1652415,1.0000,0.0004,0.0035,-0.0008,0.0044,-0.0010,-0.1000,0
1652582,1.0000,0.0004,0.0034,-0.0008,0.0109,0.0029,-0.1030,0
1652749,1.0000,0.0004,0.0034,-0.0008,-0.0049,0.0029,-0.1264,0
1652915,1.0000,0.0004,0.0034,-0.0008,0.0273,-0.0054,-0.1159,0
1653082,1.0000,0.0004,0.0035,-0.0008,0.0122,0.0122,-0.1003,0
1653249,1.0000,0.0004,0.0035,-0.0008,0.0012,-0.0048,-0.1166,0
1653415,1.0000,0.0004,0.0035,-0.0008,0.0060,0.0036,-0.1103,0
1653582,1.0000,0.0004,0.0035,-0.0008,0.0180,0.0055,-0.0969,0
1653749,1.0000,0.0004,0.0035,-0.0008,0.0182,0.0040,-0.1165,0
1653915,1.0000,0.0004,0.0035,-0.0008,0.0108,-0.0035,-0.0855,0
1654082,1.0000,0.0004,0.0035,-0.0008,-0.0065,-0.0057,-0.1582,0
1654249,1.0000,0.0004,0.0035,-0.0008,0.0138,-0.0021,-0.0939,0
1654415,1.0000,0.0004,0.0035,-0.0009,0.0082,0.0004,-0.1023,0
1654582,1.0000,0.0004,0.0035,-0.0009,0.0090,0.0110,-0.1122,0
1654749,1.0000,0.0004,0.0035,-0.0009,0.0174,-0.0057,-0.1201,0
1654915,1.0000,0.0004,0.0035,-0.0009,0.0112,-0.0044,-0.1191,0
1655082,1.0000,0.0004,0.0035,-0.0009,0.0192,0.0132,-0.1074,0
1655249,1.0000,0.0004,0.0035,-0.0009,0.0040,0.0038,-0.1154,0
1655415,1.0000,0.0004,0.0035,-0.0009,0.0070,-0.0028,-0.1019,0
1655582,1.0000,0.0004,0.0035,-0.0009,0.0013,-0.0009,-0.0966,0
1655749,1.0000,0.0004,0.0035,-0.0009,0.0035,-0.0021,-0.1068,0
1655915,1.0000,0.0004,0.0035,-0.0009,0.0088,0.0081,-0.1189,0
1656082,1.0000,0.0004,0.0035,-0.0009,-0.0106,0.0018,-0.1002,0
1656249,1.0000,0.0004,0.0035,-0.0009,-0.0075,0.0047,-0.1029,0
1656415,1.0000,0.0004,0.0035,-0.0009,0.0121,0.0055,-0.1341,0
1656582,1.0000,0.0004,0.0035,-0.0009,-0.0020,-0.0028,-0.1233,0
1656749,1.0000,0.0004,0.0035,-0.0009,0.0052,-0.0039,-0.1356,0
1656915,1.0000,0.0004,0.0035,-0.0009,0.0035,-0.0046,-0.1131,0
1657082,1.0000,0.0004,0.0035,-0.0009,-0.0056,0.0105,-0.1046,0
1657249,1.0000,0.0004,0.0035,-0.0009,-0.0038,0.0016,-0.1250,0
1657415,1.0000,0.0004,0.0035,-0.0009,-0.0005,0.0077,-0.1035,0
1657582,1.0000,0.0004,0.0035,-0.0009,-0.0021,-0.0061,-0.1382,0
1657749,1.0000,0.0004,0.0035,-0.0009,0.0054,0.0004,-0.1222,0
1657915,1.0000,0.0004,0.0035,-0.0009,0.0052,0.0028,-0.1126,0
1658082,1.0000,0.0004,0.0035,-0.0009,0.0008,0.0061,-0.1261,0
1658249,1.0000,0.0004,0.0035,-0.0009,-0.0123,0.0060,-0.1007,0
1658415,1.0000,0.0004,0.0035,-0.0009,0.0084,-0.0030,-0.1106,0
1658582,1.0000,0.0004,0.0035,-0.0009,-0.0006,0.0024,-0.1077,0
1658749,1.0000,0.0004,0.0035,-0.0009,0.0069,0.0001,-0.1037,0
1658915,1.0000,0.0004,0.0035,-0.0009,0.0109,0.0115,-0.1141,0
1659082,1.0000,0.0004,0.0035,-0.0009,-0.0025,0.0012,-0.1212,0
1659249,1.0000,0.0004,0.0035,-0.0008,0.0058,-0.0150,-0.0944,0
1659415,1.0000,0.0004,0.0035,-0.0008,0.0199,-0.0173,-0.0812,0
1659582,1.0000,0.0004,0.0035,-0.0008,-0.0044,0.0095,-0.1162,0
1659749,1.0000,0.0004,0.0035,-0.0008,0.0136,-0.0072,-0.1144,0
1659915,1.0000,0.0004,0.0035,-0.0009,0.0099,0.0138,-0.1276,0
1660082,1.0000,0.0004,0.0035,-0.0009,0.0054,0.0048,-0.0926,0
1660249,1.0000,0.0004,0.0035,-0.0009,-0.0089,-0.0075,-0.1036,0
1660416,1.0000,0.0004,0.0035,-0.0009,0.0081,0.0114,-0.0786,0
1660582,1.0000,0.0005,0.0035,-0.0009,0.0173,0.0029,-0.0892,0
1660749,1.0000,0.0004,0.0035,-0.0008,-0.0070,-0.0137,-0.1272,0
1660916,1.0000,0.0004,0.0035,-0.0009,0.0039,0.0143,-0.1052,0
1661082,1.0000,0.0004,0.0035,-0.0009,0.0083,-0.0024,-0.1037,0
1661249,1.0000,0.0004,0.0035,-0.0009,0.0038,0.0012,-0.1315,0
1661416,1.0000,0.0004,0.0035,-0.0009,0.0095,0.0150,-0.1112,0
1661582,1.0000,0.0004,0.0035,-0.0009,0.0144,0.0039,-0.1336,0
1661749,1.0000,0.0004,0.0035,-0.0009,-0.0001,-0.0093,-0.1116,0
1661916,1.0000,0.0004,0.0035,-0.0009,0.0056,0.0086,-0.1091,0
1662082,1.0000,0.0004,0.0035,-0.0009,0.0084,-0.0119,-0.1174,0
1662249,1.0000,0.0004,0.0035,-0.0009,0.0075,-0.0038,-0.1256,0
1662416,1.0000,0.0004,0.0035,-0.0009,-0.0067,0.0016,-0.0955,0
1662582,1.0000,0.0004,0.0035,-0.0009,-0.0045,0.0107,-0.1350,0
1662749,1.0000,0.0004,0.0035,-0.0009,0.0070,0.0031,-0.1086,0
1662916,1.0000,0.0004,0.0035,-0.0009,0.0191,0.0098,-0.1187,0
1663082,1.0000,0.0004,0.0035,-0.0009,0.0036,0.0060,-0.1073,0
1663249,1.0000,0.0004,0.0035,-0.0009,0.0003,0.0036,-0.1214,0
1663416,1.0000,0.0004,0.0035,-0.0009,-0.0005,0.0140,-0.1256,0
1663582,1.0000,0.0004,0.0035,-0.0009,0.0182,0.0093,-0.0979,0
1663749,1.0000,0.0004,0.0035,-0.0008,0.0110,0.0032,-0.1138,0
1663916,1.0000,0.0004,0.0035,-0.0008,-0.0042,0.0207,-0.1068,0
1664082,1.0000,0.0004,0.0035,-0.0008,0.0106,0.0017,-0.1251,0
1664249,1.0000,0.0004,0.0035,-0.0008,0.0151,0.0064,-0.1147,0
1664416,1.0000,0.0004,0.0035,-0.0008,0.0125,-0.0020,-0.1261,0
1664582,1.0000,0.0004,0.0035,-0.0008,-0.0096,-0.0090,-0.1195,0
1664749,1.0000,0.0004,0.0035,-0.0008,0.0143,-0.0116,-0.1207,0
1664916,1.0000,0.0004,0.0035,-0.0008,0.0000,0.0054,-0.1055,0
1665082,1.0000,0.0004,0.0035,-0.0008,0.0010,0.0081,-0.1062,0
1665249,1.0000,0.0004,0.0035,-0.0008,0.0059,0.0082,-0.1368,0
1665416,1.0000,0.0004,0.0035,-0.0008,0.0106,0.0014,-0.1115,0
1665582,1.0000,0.0004,0.0035,-0.0008,0.0054,-0.0011,-0.1197,0
1665749,1.0000,0.0004,0.0035,-0.0008,0.0010,-0.0060,-0.1072,0
1665916,1.0000,0.0004,0.0035,-0.0008,0.0045,0.0079,-0.1116,0
1666082,1.0000,0.0004,0.0035,-0.0008,0.0098,-0.0060,-0.1365,0
1666249,1.0000,0.0004,0.0035,-0.0008,0.0196,0.0069,-0.0948,0
1666416,1.0000,0.0004,0.0035,-0.0009,0.0051,0.0004,-0.1005,0
1666582,1.0000,0.0004,0.0035,-0.0009,0.0082,-0.0040,-0.0918,0
1666749,1.0000,0.0004,0.0035,-0.0009,-0.0008,0.0017,-0.1412,0
1666916,1.0000,0.0004,0.0035,-0.0008,0.0001,0.0097,-0.1189,0
1667082,1.0000,0.0004,0.0035,-0.0009,-0.0012,0.0139,-0.1343,0
1667249,1.0000,0.0004,0.0035,-0.0009,0.0195,0.0015,-0.1017,0
1667416,1.0000,0.0004,0.0035,-0.0009,0.0142,-0.0069,-0.0967,0
1667582,1.0000,0.0004,0.0035,-0.0009,0.0049,0.0043,-0.0850,0
1667749,1.0000,0.0004,0.0035,-0.0009,0.0177,-0.0028,-0.1199,0
1667916,1.0000,0.0004,0.0035,-0.0009,-0.0017,-0.0082,-0.1368,0
1668082,1.0000,0.0004,0.0035,-0.0009,0.0053,-0.0003,-0.1242,0
1668249,1.0000,0.0004,0.0035,-0.0009,-0.0069,-0.0086,-0.1322,0
1668416,1.0000,0.0004,0.0035,-0.0009,0.0139,0.0060,-0.1371,0
1668582,1.0000,0.0004,0.0035,-0.0009,0.0190,0.0017,-0.1039,0
1668749,1.0000,0.0003,0.0035,-0.0009,0.0068,0.0080,-0.1236,0
1668916,1.0000,0.0004,0.0035,-0.0009,0.0075,-0.0052,-0.0959,0
1669082,1.0000,0.0004,0.0035,-0.0009,0.0017,0.0036,-0.0950,0
1669249,1.0000,0.0004,0.0035,-0.0009,0.0076,-0.0010,-0.1031,0
1669416,1.0000,0.0004,0.0035,-0.0009,0.0029,0.0028,-0.1116,0
1669582,1.0000,0.0004,0.0035,-0.0009,0.0167,-0.0017,-0.0928,0
1669749,1.0000,0.0004,0.0035,-0.0009,0.0077,-0.0062,-0.1133,0
1669916,1.0000,0.0004,0.0035,-0.0009,0.0074,0.0015,-0.1075,0
1670082,1.0000,0.0004,0.0035,-0.0008,0.0048,0.0029,-0.1234,0
1670249,1.0000,0.0004,0.0035,-0.0008,0.0140,-0.0099,-0.1236,0
1670416,1.0000,0.0004,0.0035,-0.0008,0.0126,0.0075,-0.1063,0
1670582,1.0000,0.0004,0.0035,-0.0008,-0.0032,0.0099,-0.1183,0
1670749,1.0000,0.0004,0.0035,-0.0008,0.0130,0.0047,-0.1184,0
1670916,1.0000,0.0004,0.0035,-0.0008,0.0186,0.0022,-0.1154,0
1671082,1.0000,0.0004,0.0035,-0.0008,0.0103,0.0190,-0.1140,0
1671249,1.0000,0.0004,0.0035,-0.0008,0.0030,-0.0003,-0.1343,0
1671416,1.0000,0.0004,0.0035,-0.0008,0.0008,0.0040,-0.0923,0
1671582,1.0000,0.0004,0.0035,-0.0008,0.0060,0.0056,-0.1185,0
1671749,1.0000,0.0004,0.0035,-0.0009,0.0108,0.0092,-0.1029,0
1671916,1.0000,0.0004,0.0035,-0.0009,-0.0031,0.0058,-0.1331,0
1672082,1.0000,0.0004,0.0035,-0.0009,0.0069,-0.0001,-0.1151,0
1672249,1.0000,0.0004,0.0035,-0.0008,0.0005,-0.0004,-0.1078,0
1672416,1.0000,0.0004,0.0035,-0.0008,-0.0102,-0.0094,-0.1047,0
1672582,1.0000,0.0004,0.0035,-0.0008,0.0010,0.0041,-0.1068,0
1672749,1.0000,0.0004,0.0035,-0.0008,-0.0076,-0.0001,-0.0997,0
1672916,1.0000,0.0004,0.0035,-0.0009,-0.0033,0.0004,-0.1058,0
1673082,1.0000,0.0004,0.0035,-0.0009,0.0071,0.0060,-0.1046,0
1673249,1.0000,0.0004,0.0035,-0.0009,0.0036,0.0058,-0.0917,0
1673416,1.0000,0.0004,0.0035,-0.0008,-0.0037,0.0077,-0.1294,0
1673582,1.0000,0.0004,0.0035,-0.0009,0.0194,-0.0017,-0.1233,0
1673749,1.0000,0.0004,0.0035,-0.0009,0.0014,-0.0057,-0.1372,0
1673916,1.0000,0.0004,0.0035,-0.0009,0.0016,0.0022,-0.0929,0
1674082,1.0000,0.0004,0.0035,-0.0009,-0.0096,-0.0019,-0.1146,0
1674249,1.0000,0.0004,0.0035,-0.0009,-0.0009,0.0162,-0.1199,0
1674416,1.0000,0.0004,0.0035,-0.0008,0.0062,-0.0055,-0.1014,0
1674582,1.0000,0.0004,0.0035,-0.0008,0.0055,0.0013,-0.1085,0
1674749,1.0000,0.0004,0.0035,-0.0008,0.0086,-0.0020,-0.1125,0
1674916,1.0000,0.0004,0.0035,-0.0008,0.0046,-0.0083,-0.1248,0
1675082,1.0000,0.0004,0.0035,-0.0009,0.0107,0.0046,-0.1359,0
1675249,1.0000,0.0004,0.0035,-0.0009,0.0095,0.0008,-0.1152,0
1675416,1.0000,0.0004,0.0035,-0.0009,-0.0028,-0.0014,-0.1179,0
1675582,1.0000,0.0004,0.0035,-0.0009,0.0099,0.0054,-0.1111,0
1675749,1.0000,0.0004,0.0035,-0.0009,0.0078,-0.0024,-0.0959,0
1675916,1.0000,0.0004,0.0035,-0.0009,-0.0095,-0.0087,-0.1190,0
1676082,1.0000,0.0004,0.0036,-0.0009,0.0087,0.0015,-0.0850,0
1676249,1.0000,0.0004,0.0036,-0.0009,0.0197,0.0056,-0.1374,0
1676416,1.0000,0.0004,0.0036,-0.0009,0.0159,0.0069,-0.1182,0
1676582,1.0000,0.0004,0.0036,-0.0009,-0.0024,0.0055,-0.1323,0
1676749,1.0000,0.0004,0.0036,-0.0009,0.0082,0.0111,-0.1122,0
1676916,1.0000,0.0004,0.0036,-0.0009,0.0061,0.0084,-0.0993,0
1677083,1.0000,0.0004,0.0036,-0.0009,0.0097,0.0088,-0.1055,0
1677249,1.0000,0.0004,0.0036,-0.0009,0.0115,0.0002,-0.1148,0
1677416,1.0000,0.0004,0.0036,-0.0009,-0.0164,0.0240,-0.1038,0
1677583,1.0000,0.0004,0.0036,-0.0009,0.0187,0.0005,-0.1139,0
1677749,1.0000,0.0004,0.0036,-0.0009,0.0088,-0.0130,-0.1022,0
1677916,1.0000,0.0004,0.0036,-0.0009,0.0046,0.0059,-0.1086,0
1678083,1.0000,0.0004,0.0036,-0.0009,0.0078,0.0018,-0.1210,0
1678249,1.0000,0.0004,0.0035,-0.0009,0.0245,0.0023,-0.1098,0
1678416,1.0000,0.0004,0.0035,-0.0009,0.0065,0.0098,-0.0896,0
1678583,1.0000,0.0004,0.0036,-0.0009,0.0152,-0.0160,-0.1172,0
1678749,1.0000,0.0004,0.0035,-0.0009,0.0038,-0.0163,-0.1106,0
1678916,1.0000,0.0004,0.0035,-0.0009,0.0055,-0.0002,-0.1161,0
1679083,1.0000,0.0004,0.0035,-0.0009,0.0165,0.0008,-0.1084,0
1679249,1.0000,0.0004,0.0035,-0.0009,0.0108,-0.0123,-0.1042,0
1679416,1.0000,0.0004,0.0035,-0.0009,0.0035,0.0015,-0.1012,0
1679583,1.0000,0.0004,0.0035,-0.0009,0.0114,0.0012,-0.1147,0
1679749,1.0000,0.0004,0.0035,-0.0009,0.0011,0.0010,-0.1023,0
1679916,1.0000,0.0004,0.0035,-0.0009,0.0069,0.0017,-0.1067,0
1680083,1.0000,0.0004,0.0035,-0.0009,-0.0017,0.0039,-0.1223,0
1680249,1.0000,0.0004,0.0035,-0.0009,0.0053,-0.0063,-0.1051,0
1680416,1.0000,0.0004,0.0035,-0.0009,-0.0108,0.0179,-0.1142,0
1680583,1.0000,0.0004,0.0035,-0.0009,-0.0015,-0.0050,-0.0997,0
1680749,1.0000,0.0004,0.0035,-0.0009,0.0134,-0.0028,-0.1158,0
1680916,1.0000,0.0004,0.0035,-0.0008,0.0146,0.0096,-0.1229,0
1681083,1.0000,0.0004,0.0035,-0.0008,0.0034,0.0084,-0.1126,0
1681249,1.0000,0.0004,0.0035,-0.0008,0.0322,-0.0027,-0.1204,0
1681416,1.0000,0.0004,0.0035,-0.0009,0.0149,-0.0018,-0.1048,0
1681583,1.0000,0.0004,0.0035,-0.0009,-0.0009,0.0043,-0.1256,0
1681749,1.0000,0.0004,0.0035,-0.0009,0.0099,0.0216,-0.0984,0
1681916,1.0000,0.0003,0.0035,-0.0009,0.0086,0.0070,-0.0921,0
1682083,1.0000,0.0003,0.0035,-0.0009,0.0154,0.0077,-0.1207,0
1682249,1.0000,0.0003,0.0035,-0.0009,0.0087,0.0057,-0.0890,0
1682416,1.0000,0.0004,0.0035,-0.0009,0.0127,0.0074,-0.1061,0
1682583,1.0000,0.0003,0.0035,-0.0009,0.0072,-0.0029,-0.1074,0
1682749,1.0000,0.0004,0.0035,-0.0009,0.0215,0.0001,-0.1112,0
1682916,1.0000,0.0004,0.0035,-0.0009,0.0016,0.0115,-0.1192,0
1683083,1.0000,0.0004,0.0035,-0.0009,0.0165,-0.0036,-0.1027,0
1683249,1.0000,0.0004,0.0035,-0.0009,-0.0101,0.0089,-0.1153,0
1683416,1.0000,0.0004,0.0035,-0.0009,0.0091,0.0013,-0.1530,0
1683583,1.0000,0.0004,0.0036,-0.0009,-0.0069,-0.0018,-0.1313,0
1683749,1.0000,0.0004,0.0035,-0.0009,0.0166,-0.0030,-0.0909,0
1683916,1.0000,0.0004,0.0035,-0.0009,0.0036,0.0097,-0.1343,0
1684083,1.0000,0.0004,0.0035,-0.0009,0.0172,-0.0016,-0.0887,0
1684249,1.0000,0.0004,0.0035,-0.0009,0.0058,0.0067,-0.1337,0
1684416,1.0000,0.0004,0.0034,-0.0009,0.0062,0.0048,-0.1190,0
1684583,1.0000,0.0004,0.0035,-0.0009,0.0024,0.0082,-0.1188,0
1684749,1.0000,0.0004,0.0035,-0.0009,0.0208,0.0020,-0.0910,0
1684916,1.0000,0.0004,0.0034,-0.0009,0.0012,-0.0153,-0.0966,0
1685083,1.0000,0.0004,0.0034,-0.0009,0.0034,0.0052,-0.0998,0
1685249,1.0000,0.0004,0.0034,-0.0009,0.0039,-0.0002,-0.0956,0
1685416,1.0000,0.0004,0.0034,-0.0009,0.0116,-0.0098,-0.1438,0
1685583,1.0000,0.0004,0.0034,-0.0009,-0.0077,-0.0005,-0.1244,0
1685749,1.0000,0.0004,0.0034,-0.0009,-0.0018,-0.0013,-0.1199,0
1685916,1.0000,0.0004,0.0034,-0.0009,0.0186,0.0074,-0.0939,0
1686083,1.0000,0.0004,0.0034,-0.0009,0.0111,0.0085,-0.0904,0
1686249,1.0000,0.0004,0.0034,-0.0009,0.0081,-0.0039,-0.1058,0
1686416,1.0000,0.0004,0.0034,-0.0009,0.0146,-0.0063,-0.1033,0
1686583,1.0000,0.0004,0.0034,-0.0009,0.0011,-0.0071,-0.1049,0
1686749,1.0000,0.0004,0.0034,-0.0009,0.0181,0.0029,-0.1261,0
1686916,1.0000,0.0004,0.0034,-0.0009,0.0090,-0.0034,-0.1142,0
1687083,1.0000,0.0004,0.0034,-0.0009,0.0092,0.0104,-0.0967,0
1687249,1.0000,0.0004,0.0034,-0.0009,0.0070,0.0083,-0.1053,0
1687416,1.0000,0.0004,0.0034,-0.0009,0.0116,0.0035,-0.0845,0
1687583,1.0000,0.0004,0.0034,-0.0009,-0.0068,0.0281,-0.1490,0
1687749,1.0000,0.0004,0.0034,-0.0009,0.0167,-0.0246,-0.1057,0
1687916,1.0000,0.0004,0.0034,-0.0009,0.0023,0.0046,-0.1311,0
1688083,1.0000,0.0005,0.0034,-0.0009,0.0149,0.0006,-0.1121,0
1688249,1.0000,0.0005,0.0034,-0.0009,0.0008,0.0064,-0.1380,0
1688416,1.0000,0.0005,0.0034,-0.0009,-0.0099,-0.0073,-0.0980,0
1688583,1.0000,0.0004,0.0034,-0.0009,0.0085,0.0093,-0.1088,0
1688749,1.0000,0.0004,0.0034,-0.0009,0.0063,-0.0053,-0.1311,0
1688916,1.0000,0.0004,0.0034,-0.0009,0.0123,-0.0085,-0.0816,0
1689083,1.0000,0.0004,0.0034,-0.0009,0.0002,-0.0021,-0.1297,0
1689249,1.0000,0.0004,0.0034,-0.0009,0.0101,0.0049,-0.1218,0
1689416,1.0000,0.0004,0.0034,-0.0009,0.0061,-0.0031,-0.0710,0
1689583,1.0000,0.0004,0.0034,-0.0009,-0.0036,-0.0022,-0.0984,0
1689749,1.0000,0.0004,0.0034,-0.0009,0.0095,-0.0049,-0.0832,0
1689916,1.0000,0.0004,0.0034,-0.0009,-0.0011,-0.0082,-0.1133,0
1690083,1.0000,0.0004,0.0034,-0.0009,0.0078,0.0106,-0.0944,0
1690249,1.0000,0.0005,0.0034,-0.0009,0.0012,0.0034,-0.1078,0
1690416,1.0000,0.0004,0.0034,-0.0009,0.0156,-0.0021,-0.0900,0
1690583,1.0000,0.0004,0.0034,-0.0009,0.0019,0.0004,-0.1345,0
1690749,1.0000,0.0004,0.0034,-0.0009,0.0021,0.0160,-0.1010,0
1690916,1.0000,0.0004,0.0034,-0.0009,0.0028,0.0045,-0.1290,0
1691083,1.0000,0.0005,0.0034,-0.0009,0.0109,0.0008,-0.1014,0
1691249,1.0000,0.0004,0.0034,-0.0009,-0.0013,-0.0043,-0.1258,0
1691416,1.0000,0.0005,0.0034,-0.0009,0.0128,-0.0129,-0.0830,0
1691583,1.0000,0.0005,0.0034,-0.0009,0.0143,0.0136,-0.1051,0
1691749,1.0000,0.0005,0.0034,-0.0009,-0.0009,0.0028,-0.0983,0
1691916,1.0000,0.0005,0.0034,-0.0009,-0.0035,-0.0038,-0.1093,0
1692083,1.0000,0.0005,0.0034,-0.0009,0.0141,-0.0105,-0.1008,0
1692249,1.0000,0.0005,0.0034,-0.0009,0.0059,0.0028,-0.1148,0
1692416,1.0000,0.0005,0.0034,-0.0009,0.0021,-0.0020,-0.1130,0
1692583,1.0000,0.0005,0.0034,-0.0009,-0.0026,-0.0036,-0.1381,0
1692749,1.0000,0.0005,0.0034,-0.0009,-0.0032,-0.0033,-0.1064,0
1692916,1.0000,0.0005,0.0034,-0.0009,0.0120,-0.0131,-0.1089,0
1693083,1.0000,0.0005,0.0034,-0.0009,-0.0009,-0.0077,-0.0854,0
1693249,1.0000,0.0005,0.0034,-0.0009,-0.0042,0.0148,-0.1095,0
1693416,1.0000,0.0005,0.0034,-0.0009,0.0045,0.0017,-0.0978,0
1693583,1.0000,0.0005,0.0034,-0.0009,0.0032,0.0023,-0.1018,0
1693750,1.0000,0.0005,0.0034,-0.0009,0.0128,0.0003,-0.0954,0
1693916,1.0000,0.0005,0.0034,-0.0009,0.0144,0.0113,-0.1104,0
1694083,1.0000,0.0005,0.0034,-0.0009,0.0096,0.0060,-0.1105,0
1694250,1.0000,0.0005,0.0034,-0.0009,0.0199,-0.0006,-0.1199,0
1694416,1.0000,0.0005,0.0034,-0.0009,0.0198,-0.0138,-0.1129,0
1694583,1.0000,0.0005,0.0034,-0.0009,0.0062,0.0075,-0.1241,0
1694750,1.0000,0.0005,0.0034,-0.0009,0.0070,-0.0112,-0.0867,0
1694916,1.0000,0.0005,0.0034,-0.0009,-0.0033,0.0031,-0.1332,0
1695083,1.0000,0.0005,0.0034,-0.0009,0.0007,0.0055,-0.1151,0
1695250,1.0000,0.0005,0.0034,-0.0009,0.0143,0.0012,-0.1085,0
1695416,1.0000,0.0005,0.0034,-0.0009,0.0074,0.0027,-0.1059,0
1695583,1.0000,0.0005,0.0034,-0.0009,-0.0043,0.0066,-0.1148,0
1695750,1.0000,0.0005,0.0034,-0.0009,-0.0066,0.0022,-0.1188,0
1695916,1.0000,0.0005,0.0034,-0.0009,0.0003,-0.0197,-0.1411,0
1696083,1.0000,0.0005,0.0034,-0.0009,0.0248,-0.0048,-0.1060,0
1696250,1.0000,0.0005,0.0034,-0.0009,-0.0023,0.0105,-0.0999,0
1696416,1.0000,0.0005,0.0034,-0.0009,0.0040,0.0044,-0.1166,0
1696583,1.0000,0.0005,0.0034,-0.0009,-0.0098,0.0061,-0.1202,0
1696750,1.0000,0.0005,0.0034,-0.0009,0.0124,-0.0109,-0.1110,0
1696916,1.0000,0.0005,0.0034,-0.0009,0.0052,0.0110,-0.1303,0
1697083,1.0000,0.0005,0.0034,-0.0009,0.0088,-0.0057,-0.0909,0
1697250,1.0000,0.0005,0.0034,-0.0009,-0.0025,-0.0111,-0.1274,0
1697416,1.0000,0.0005,0.0034,-0.0009,0.0052,-0.0010,-0.1127,0
1697583,1.0000,0.0005,0.0034,-0.0009,0.0015,0.0049,-0.1103,0
1697750,1.0000,0.0005,0.0034,-0.0009,0.0084,-0.0012,-0.0994,0
1697916,1.0000,0.0005,0.0034,-0.0009,0.0000,-0.0068,-0.1374,0
1698083,1.0000,0.0005,0.0034,-0.0009,0.0073,-0.0037,-0.1009,0
1698250,1.0000,0.0005,0.0034,-0.0009,0.0092,0.0022,-0.1086,0
1698416,1.0000,0.0005,0.0034,-0.0009,-0.0134,0.0042,-0.1013,0
1698583,1.0000,0.0005,0.0034,-0.0009,-0.0023,-0.0102,-0.1252,0
1698750,1.0000,0.0005,0.0034,-0.0009,0.0158,-0.0096,-0.1219,0
1698916,1.0000,0.0005,0.0034,-0.0009,-0.0019,-0.0125,-0.1438,0
1699083,1.0000,0.0005,0.0034,-0.0009,0.0100,0.0002,-0.1031,0
1699250,1.0000,0.0005,0.0034,-0.0009,0.0013,0.0028,-0.1359,0
1699416,1.0000,0.0005,0.0034,-0.0009,-0.0130,-0.0072,-0.1074,0
1699583,1.0000,0.0005,0.0034,-0.0009,0.0157,0.0107,-0.1138,0
1699750,1.0000,0.0005,0.0034,-0.0009,0.0236,-0.0106,-0.1050,0
1699916,1.0000,0.0005,0.0034,-0.0009,0.0026,0.0024,-0.1065,0
1700083,1.0000,0.0005,0.0034,-0.0009,0.0120,-0.0035,-0.1021,0
1700250,1.0000,0.0005,0.0034,-0.0009,-0.0006,-0.0122,-0.1005,0
1700416,1.0000,0.0005,0.0034,-0.0009,0.0033,0.0088,-0.1153,0
1700583,1.0000,0.0005,0.0034,-0.0009,0.0075,-0.0250,-0.1071,0
1700750,1.0000,0.0005,0.0034,-0.0009,0.0002,-0.0105,-0.0977,0
1700916,1.0000,0.0005,0.0034,-0.0009,-0.0098,-0.0058,-0.0912,0
1701083,1.0000,0.0005,0.0034,-0.0009,0.0107,0.0051,-0.1059,0
1701250,1.0000,0.0005,0.0034,-0.0009,0.0095,-0.0157,-0.0958,0
1701416,1.0000,0.0005,0.0034,-0.0009,-0.0069,0.0028,-0.1082,0
1701583,1.0000,0.0005,0.0034,-0.0009,-0.0055,-0.0065,-0.0978,0
1701750,1.0000,0.0005,0.0034,-0.0009,0.0125,0.0022,-0.1087,0
1701916,1.0000,0.0005,0.0034,-0.0009,-0.0004,-0.0079,-0.1267,0
1702083,1.0000,0.0005,0.0034,-0.0009,0.0061,-0.0040,-0.1145,0
1702250,1.0000,0.0005,0.0034,-0.0009,-0.0054,0.0040,-0.0800,0
1702416,1.0000,0.0005,0.0034,-0.0009,0.0004,-0.0052,-0.0986,0
1702583,1.0000,0.0005,0.0034,-0.0009,-0.0071,-0.0146,-0.1245,0
1702750,1.0000,0.0005,0.0034,-0.0010,0.0194,-0.0040,-0.1348,0
1702916,1.0000,0.0005,0.0034,-0.0009,0.0089,-0.0016,-0.1157,0
1703083,1.0000,0.0005,0.0034,-0.0009,-0.0198,-0.0039,-0.1264,0
1703250,1.0000,0.0005,0.0034,-0.0010,0.0134,0.0092,-0.0963,0
1703416,1.0000,0.0005,0.0034,-0.0010,0.0205,0.0058,-0.1054,0
1703583,1.0000,0.0005,0.0034,-0.0010,0.0045,-0.0069,-0.1031,0
1703750,1.0000,0.0003,0.0034,-0.0010,-0.0182,-0.0073,-0.1154,0
1703916,1.0000,0.0003,0.0034,-0.0010,-0.0060,0.0066,-0.0938,0
1704083,1.0000,0.0003,0.0034,-0.0010,0.0149,0.0060,-0.1116,0
1704250,1.0000,0.0003,0.0034,-0.0010,-0.0010,0.0013,-0.1231,0
1704416,1.0000,0.0003,0.0034,-0.0010,-0.0010,0.0154,-0.0893,0
1704583,1.0000,0.0003,0.0034,-0.0010,-0.0029,0.0011,-0.0972,0
1704750,1.0000,0.0004,0.0034,-0.0010,0.0219,0.0009,-0.0894,0
1704916,1.0000,0.0004,0.0034,-0.0010,0.0066,0.0141,-0.1152,0
1705083,1.0000,0.0004,0.0034,-0.0010,-0.0031,-0.0000,-0.1328,0
1705250,1.0000,0.0004,0.0034,-0.0010,-0.0024,0.0102,-0.0939,0
1705416,1.0000,0.0004,0.0034,-0.0010,0.0083,0.0089,-0.1146,0
1705583,1.0000,0.0004,0.0034,-0.0010,0.0080,0.0159,-0.1244,0
1705750,1.0000,0.0004,0.0034,-0.0010,0.0010,0.0135,-0.0804,0
1705916,1.0000,0.0004,0.0034,-0.0010,-0.0069,-0.0020,-0.1054,0
1706083,1.0000,0.0004,0.0034,-0.0010,0.0026,-0.0122,-0.1062,0
1706250,1.0000,0.0004,0.0034,-0.0010,-0.0002,0.0160,-0.1291,0
1706416,1.0000,0.0004,0.0034,-0.0010,0.0082,-0.0056,-0.0938,0
1706583,1.0000,0.0004,0.0034,-0.0010,0.0012,-0.0059,-0.1190,0
1706750,1.0000,0.0004,0.0034,-0.0010,-0.0063,0.0072,-0.1030,0
1706916,1.0000,0.0004,0.0034,-0.0010,0.0118,0.0157,-0.1242,0
1707083,1.0000,0.0004,0.0034,-0.0010,0.0165,-0.0091,-0.1226,0
1707250,1.0000,0.0004,0.0034,-0.0010,0.0033,-0.0026,-0.1269,0
1707416,1.0000,0.0004,0.0034,-0.0010,0.0037,0.0030,-0.1013,0
1707583,1.0000,0.0004,0.0034,-0.0010,0.0018,-0.0037,-0.1262,0
1707750,1.0000,0.0004,0.0034,-0.0010,-0.0006,0.0036,-0.0671,0
1707916,1.0000,0.0004,0.0034,-0.0010,-0.0080,0.0011,-0.1014,0
1708083,1.0000,0.0004,0.0034,-0.0010,0.0059,-0.0017,-0.1126,0
1708250,1.0000,0.0004,0.0034,-0.0010,0.0103,0.0010,-0.0840,0
1708416,1.0000,0.0004,0.0034,-0.0010,-0.0054,-0.0103,-0.0961,0
1708583,1.0000,0.0004,0.0034,-0.0010,0.0056,-0.0187,-0.1111,0
1708750,1.0000,0.0004,0.0034,-0.0010,-0.0012,-0.0010,-0.1143,0
1708916,1.0000,0.0004,0.0034,-0.0010,0.0040,-0.0025,-0.1210,0
1709083,1.0000,0.0004,0.0034,-0.0010,-0.0027,0.0089,-0.1086,0
1709250,1.0000,0.0004,0.0034,-0.0010,0.0057,0.0009,-0.1093,0
1709416,1.0000,0.0004,0.0034,-0.0010,-0.0129,0.0076,-0.1433,0
1709583,1.0000,0.0004,0.0034,-0.0010,0.0050,0.0007,-0.0969,0
1709750,1.0000,0.0004,0.0034,-0.0010,0.0117,0.0125,-0.0902,0
1709916,1.0000,0.0004,0.0034,-0.0010,-0.0021,0.0047,-0.1082,0
1710083,1.0000,0.0004,0.0034,-0.0010,-0.0085,-0.0118,-0.1215,0
1710250,1.0000,0.0004,0.0034,-0.0010,-0.0009,0.0033,-0.0969,0
1710417,1.0000,0.0004,0.0034,-0.0010,0.0059,0.0061,-0.1208,0
1710583,1.0000,0.0004,0.0034,-0.0010,0.0106,-0.0143,-0.0865,0
1710750,1.0000,0.0004,0.0034,-0.0010,-0.0042,-0.0061,-0.0917,0
1710917,1.0000,0.0004,0.0035,-0.0010,0.0072,-0.0015,-0.1100,0
1711083,1.0000,0.0004,0.0035,-0.0010,0.0158,-0.0076,-0.1006,0
1711250,1.0000,0.0004,0.0035,-0.0010,0.0048,0.0077,-0.1139,0
1711417,1.0000,0.0004,0.0035,-0.0010,0.0025,-0.0181,-0.1155,0
1711583,1.0000,0.0004,0.0035,-0.0010,0.0085,-0.0051,-0.1275,0
1711750,1.0000,0.0004,0.0035,-0.0010,0.0053,-0.0055,-0.1083,0
1711917,1.0000,0.0004,0.0035,-0.0010,0.0137,0.0071,-0.1184,0
1712083,1.0000,0.0004,0.0035,-0.0010,0.0006,-0.0137,-0.1154,0
1712250,1.0000,0.0004,0.0035,-0.0010,0.0103,-0.0009,-0.1133,0
1712417,1.0000,0.0004,0.0034,-0.0010,-0.0061,-0.0069,-0.1292,0
1712583,1.0000,0.0005,0.0034,-0.0010,0.0235,-0.0036,-0.1031,0
1712750,1.0000,0.0005,0.0034,-0.0010,0.0104,0.0038,-0.1052,0
1712917,1.0000,0.0005,0.0034,-0.0010,0.0110,-0.0088,-0.1096,0
1713083,1.0000,0.0005,0.0034,-0.0010,-0.0015,-0.0018,-0.1294,0
1713250,1.0000,0.0005,0.0034,-0.0010,0.0087,0.0040,-0.1482,0
1713417,1.0000,0.0005,0.0034,-0.0010,-0.0000,0.0088,-0.1134,0
1713583,1.0000,0.0005,0.0034,-0.0010,0.0022,0.0155,-0.1121,0
1713750,1.0000,0.0005,0.0034,-0.0010,-0.0034,0.0110,-0.1285,0
1713917,1.0000,0.0005,0.0034,-0.0010,0.0071,-0.0092,-0.1135,0
1714083,1.0000,0.0005,0.0034,-0.0010,0.0094,-0.0013,-0.1205,0
1714250,1.0000,0.0005,0.0034,-0.0010,0.0045,-0.0036,-0.0840,0
1714417,1.0000,0.0005,0.0034,-0.0010,0.0109,0.0053,-0.0947,0
1714583,1.0000,0.0005,0.0034,-0.0010,0.0191,0.0045,-0.1143,0
1714750,1.0000,0.0005,0.0034,-0.0010,-0.0007,0.0059,-0.1195,0
1714917,1.0000,0.0005,0.0034,-0.0010,0.0107,0.0084,-0.1295,0
1715083,1.0000,0.0005,0.0034,-0.0010,-0.0056,-0.0082,-0.1149,0
1715250,1.0000,0.0005,0.0034,-0.0010,0.0035,0.0108,-0.1111,0
1715417,1.0000,0.0005,0.0034,-0.0010,0.0129,0.0071,-0.1130,0
1715583,1.0000,0.0005,0.0034,-0.0010,-0.0005,-0.0192,-0.1278,0
1715750,1.0000,0.0005,0.0034,-0.0010,0.0143,-0.0032,-0.1405,0
1715917,1.0000,0.0005,0.0034,-0.0010,0.0151,0.0075,-0.0965,0
1716083,1.0000,0.0005,0.0034,-0.0010,-0.0018,0.0038,-0.1297,0
1716250,1.0000,0.0005,0.0034,-0.0010,-0.0007,-0.0044,-0.0840,0
1716417,1.0000,0.0005,0.0034,-0.0011,0.0083,-0.0031,-0.1065,0
1716583,1.0000,0.0005,0.0034,-0.0011,0.0120,-0.0081,-0.0953,0
1716750,1.0000,0.0005,0.0034,-0.0011,0.0075,0.0055,-0.0975,0
1716917,1.0000,0.0005,0.0034,-0.0011,0.0017,0.0021,-0.0996,0
1717083,1.0000,0.0005,0.0034,-0.0011,0.0148,-0.0069,-0.1024,0
1717250,1.0000,0.0005,0.0034,-0.0011,0.0002,0.0069,-0.1076,0
1717417,1.0000,0.0005,0.0034,-0.0011,0.0048,-0.0131,-0.0844,0
1717583,1.0000,0.0005,0.0034,-0.0011,0.0012,-0.0087,-0.1159,0
1717750,1.0000,0.0005,0.0034,-0.0011,0.0112,0.0006,-0.0793,0
1717917,1.0000,0.0005,0.0034,-0.0011,0.0095,0.0060,-0.1341,0
1718083,1.0000,0.0005,0.0034,-0.0011,0.0196,0.0105,-0.1199,0
1718250,1.0000,0.0005,0.0034,-0.0011,0.0064,0.0008,-0.1170,0
1718417,1.0000,0.0005,0.0034,-0.0011,0.0039,-0.0024,-0.1296,0
1718583,1.0000,0.0005,0.0034,-0.0011,-0.0059,-0.0097,-0.0983,0
1718750,1.0000,0.0006,0.0034,-0.0011,0.0161,-0.0111,-0.1214,0
1718917,1.0000,0.0006,0.0034,-0.0011,0.0112,-0.0033,-0.1079,0
1719083,1.0000,0.0006,0.0034,-0.0011,0.0088,-0.0044,-0.1020,0
1719250,1.0000,0.0006,0.0033,-0.0011,0.0072,-0.0091,-0.1186,0
1719417,1.0000,0.0006,0.0034,-0.0011,0.0167,-0.0095,-0.1148,0
1719583,1.0000,0.0006,0.0034,-0.0011,-0.0052,0.0018,-0.1182,0
1719750,1.0000,0.0006,0.0033,-0.0011,0.0050,-0.0135,-0.1133,0
1719917,1.0000,0.0006,0.0034,-0.0011,0.0009,-0.0070,-0.1238,0
1720083,1.0000,0.0006,0.0034,-0.0011,-0.0000,-0.0044,-0.1156,0
1720250,1.0000,0.0006,0.0033,-0.0011,0.0177,-0.0043,-0.1013,0
1720417,1.0000,0.0006,0.0033,-0.0011,-0.0066,-0.0159,-0.0980,0
1720583,1.0000,0.0006,0.0033,-0.0011,0.0083,-0.0128,-0.1204,0
1720750,1.0000,0.0006,0.0034,-0.0011,0.0030,-0.0011,-0.0954,0
1720917,1.0000,0.0006,0.0033,-0.0011,-0.0017,-0.0011,-0.0993,0
1721083,1.0000,0.0006,0.0033,-0.0011,0.0057,0.0031,-0.1124,0
1721250,1.0000,0.0006,0.0033,-0.0011,-0.0015,0.0023,-0.1028,0
1721417,1.0000,0.0006,0.0033,-0.0011,0.0085,-0.0076,-0.0985,0
1721583,1.0000,0.0006,0.0033,-0.0011,0.0086,0.0047,-0.1041,0
1721750,1.0000,0.0006,0.0033,-0.0011,0.0111,-0.0113,-0.0812,0
1721917,1.0000,0.0006,0.0033,-0.0011,-0.0084,-0.0029,-0.0959,0
1722083,1.0000,0.0006,0.0033,-0.0011,-0.0018,-0.0071,-0.1102,0
1722250,1.0000,0.0006,0.0033,-0.0011,0.0034,0.0108,-0.0868,0
1722417,1.0000,0.0006,0.0033,-0.0011,0.0101,-0.0174,-0.1194,0
1722583,1.0000,0.0006,0.0033,-0.0011,-0.0037,-0.0040,-0.0752,0
1722750,1.0000,0.0006,0.0033,-0.0011,-0.0021,0.0016,-0.1072,0
1722917,1.0000,0.0006,0.0033,-0.0011,0.0159,-0.0081,-0.1119,0
1723083,1.0000,0.0006,0.0033,-0.0011,-0.0076,-0.0109,-0.1283,0
1723250,1.0000,0.0006,0.0033,-0.0011,-0.0140,-0.0029,-0.1050,0
1723417,1.0000,0.0006,0.0033,-0.0011,0.0013,-0.0103,-0.1022,0
1723583,1.0000,0.0006,0.0033,-0.0011,-0.0082,-0.0099,-0.1244,0
1723750,1.0000,0.0004,0.0034,-0.0011,0.0056,0.0126,-0.1012,0
1723917,1.0000,0.0004,0.0034,-0.0011,0.0056,0.0037,-0.0987,0
1724083,1.0000,0.0004,0.0034,-0.0011,0.0127,0.0052,-0.1146,0
1724250,1.0000,0.0004,0.0034,-0.0011,0.0069,0.0028,-0.1188,0
1724417,1.0000,0.0004,0.0034,-0.0011,-0.0004,0.0001,-0.1241,0
1724583,1.0000,0.0004,0.0034,-0.0011,0.0026,0.0054,-0.0978,0
1724750,1.0000,0.0004,0.0034,-0.0011,0.0034,0.0117,-0.1023,0
1724917,1.0000,0.0004,0.0034,-0.0011,0.0084,-0.0074,-0.1077,0
1725083,1.0000,0.0004,0.0034,-0.0011,-0.0036,-0.0008,-0.1177,0
1725250,1.0000,0.0004,0.0034,-0.0011,0.0036,0.0001,-0.1120,0
1725417,1.0000,0.0004,0.0034,-0.0011,0.0019,0.0053,-0.1302,0
1725583,1.0000,0.0004,0.0034,-0.0011,0.0103,-0.0052,-0.0980,0
1725750,1.0000,0.0004,0.0034,-0.0011,0.0083,0.0037,-0.1262,0
1725917,1.0000,0.0004,0.0034,-0.0011,-0.0137,0.0080,-0.0944,0
1726083,1.0000,0.0004,0.0034,-0.0011,0.0035,-0.0026,-0.1071,0
1726250,1.0000,0.0004,0.0034,-0.0011,-0.0024,-0.0149,-0.1116,0
1726417,1.0000,0.0004,0.0034,-0.0011,0.0118,0.0056,-0.1058,0
1726583,1.0000,0.0004,0.0034,-0.0011,-0.0081,0.0036,-0.1170,0
1726750,1.0000,0.0004,0.0034,-0.0011,0.0100,0.0066,-0.0931,0
1726917,1.0000,0.0004,0.0034,-0.0011,0.0028,0.0101,-0.1261,0
1727084,1.0000,0.0004,0.0034,-0.0011,0.0033,-0.0030,-0.0934,0
1727250,1.0000,0.0004,0.0034,-0.0011,0.0087,0.0017,-0.1147,0
1727417,1.0000,0.0004,0.0034,-0.0011,0.0042,0.0064,-0.1198,0
1727584,1.0000,0.0004,0.0034,-0.0011,-0.0020,0.0025,-0.1068,0
1727750,1.0000,0.0004,0.0034,-0.0011,0.0102,0.0092,-0.1156,0
1727917,1.0000,0.0004,0.0034,-0.0011,0.0031,0.0021,-0.0961,0
1728084,1.0000,0.0004,0.0034,-0.0011,0.0134,-0.0014,-0.1038,0
1728250,1.0000,0.0004,0.0034,-0.0011,-0.0045,0.0053,-0.1048,0
1728417,1.0000,0.0004,0.0034,-0.0011,0.0038,-0.0017,-0.1019,0
1728584,1.0000,0.0004,0.0034,-0.0011,0.0168,0.0024,-0.0935,0
1728750,1.0000,0.0004,0.0034,-0.0011,0.0057,0.0078,-0.0882,0
1728917,1.0000,0.0004,0.0034,-0.0011,-0.0099,-0.0086,-0.1255,0
1729084,1.0000,0.0004,0.0034,-0.0011,-0.0024,-0.0061,-0.1091,0
1729250,1.0000,0.0004,0.0034,-0.0011,0.0055,0.0048,-0.1113,0
1729417,1.0000,0.0004,0.0034,-0.0011,0.0048,-0.0065,-0.1272,0
1729584,1.0000,0.0004,0.0034,-0.0011,-0.0072,0.0124,-0.1119,0
1729750,1.0000,0.0004,0.0034,-0.0011,0.0016,0.0043,-0.0928,0
1729917,1.0000,0.0004,0.0034,-0.0011,-0.0001,-0.0033,-0.1226,0
1730084,1.0000,0.0004,0.0034,-0.0011,-0.0026,0.0066,-0.1157,0
1730250,1.0000,0.0004,0.0034,-0.0011,0.0107,-0.0215,-0.1145,0
1730417,1.0000,0.0004,0.0034,-0.0011,0.0076,0.0039,-0.1170,0
1730584,1.0000,0.0004,0.0034,-0.0011,-0.0056,-0.0020,-0.1078,0
1730750,1.0000,0.0004,0.0034,-0.0011,0.0050,-0.0037,-0.1140,0
1730917,1.0000,0.0004,0.0034,-0.0011,-0.0074,0.0010,-0.1066,0
1731084,1.0000,0.0004,0.0034,-0.0012,0.0006,0.0043,-0.1178,0
1731250,1.0000,0.0004,0.0034,-0.0011,0.0004,0.0025,-0.0863,0
1731417,1.0000,0.0004,0.0034,-0.0011,-0.0053,0.0060,-0.0954,0
1731584,1.0000,0.0004,0.0034,-0.0011,0.0132,-0.0040,-0.1126,0
1731750,1.0000,0.0004,0.0034,-0.0011,0.0146,-0.0147,-0.1142,0
1731917,1.0000,0.0004,0.0034,-0.0011,-0.0037,-0.0021,-0.1131,0
1732084,1.0000,0.0004,0.0034,-0.0011,0.0079,-0.0007,-0.0862,0
1732250,1.0000,0.0004,0.0034,-0.0011,-0.0004,0.0141,-0.1125,0
1732417,1.0000,0.0004,0.0034,-0.0011,-0.0139,0.0024,-0.1122,0
1732584,1.0000,0.0004,0.0034,-0.0011,0.0113,0.0012,-0.1267,0
1732750,1.0000,0.0004,0.0034,-0.0012,0.0074,0.0043,-0.1009,0
1732917,1.0000,0.0004,0.0034,-0.0012,-0.0047,0.0077,-0.1090,0
1733084,1.0000,0.0004,0.0034,-0.0012,0.0095,0.0003,-0.0993,0
1733250,1.0000,0.0003,0.0034,-0.0012,-0.0026,0.0121,-0.1247,0
1733417,1.0000,0.0003,0.0034,-0.0012,0.0010,-0.0058,-0.1237,0
1733584,1.0000,0.0003,0.0034,-0.0012,0.0090,-0.0076,-0.1035,0
1733750,1.0000,0.0003,0.0035,-0.0012,-0.0081,0.0097,-0.0976,0
1733917,1.0000,0.0003,0.0034,-0.0012,0.0086,0.0151,-0.1321,0
1734084,1.0000,0.0003,0.0035,-0.0012,0.0126,0.0047,-0.1164,0
1734250,1.0000,0.0003,0.0035,-0.0012,0.0050,0.0110,-0.1044,0
1734417,1.0000,0.0004,0.0035,-0.0012,-0.0010,0.0076,-0.1212,0
1734584,1.0000,0.0004,0.0035,-0.0012,0.0070,-0.0046,-0.1107,0
1734750,1.0000,0.0004,0.0035,-0.0012,0.0149,-0.0009,-0.1406,0
1734917,1.0000,0.0004,0.0035,-0.0012,0.0056,-0.0008,-0.0942,0
1735084,1.0000,0.0004,0.0035,-0.0012,0.0137,0.0027,-0.1243,0
1735250,1.0000,0.0004,0.0035,-0.0012,0.0059,0.0000,-0.0960,0
1735417,1.0000,0.0004,0.0035,-0.0012,0.0107,0.0026,-0.1190,0
1735584,1.0000,0.0004,0.0035,-0.0012,0.0095,-0.0012,-0.1034,0
1735750,1.0000,0.0004,0.0035,-0.0012,-0.0003,-0.0098,-0.1276,0
1735917,1.0000,0.0004,0.0035,-0.0012,-0.0002,0.0105,-0.1224,0
1736084,1.0000,0.0004,0.0035,-0.0012,-0.0023,-0.0050,-0.1254,0
1736250,1.0000,0.0004,0.0035,-0.0012,0.0012,-0.0032,-0.1022,0
1736417,1.0000,0.0004,0.0035,-0.0012,0.0035,0.0019,-0.1179,0
1736584,1.0000,0.0004,0.0035,-0.0012,0.0003,0.0035,-0.1131,0
1736750,1.0000,0.0004,0.0035,-0.0012,0.0060,0.0089,-0.0975,0
1736917,1.0000,0.0004,0.0035,-0.0012,0.0219,0.0004,-0.0916,0
1737084,1.0000,0.0004,0.0035,-0.0012,-0.0013,-0.0096,-0.1226,0
1737250,1.0000,0.0004,0.0035,-0.0012,0.0019,0.0160,-0.0947,0
1737417,1.0000,0.0004,0.0035,-0.0012,0.0162,0.0014,-0.1179,0
1737584,1.0000,0.0004,0.0035,-0.0012,-0.0025,-0.0008,-0.1083,0
1737750,1.0000,0.0004,0.0035,-0.0012,-0.0024,0.0139,-0.1218,0
1737917,1.0000,0.0004,0.0035,-0.0012,-0.0085,0.0100,-0.1296,0
1738084,1.0000,0.0004,0.0035,-0.0012,0.0087,-0.0113,-0.1185,0
1738250,1.0000,0.0004,0.0035,-0.0012,0.0025,0.0039,-0.1160,0
1738417,1.0000,0.0004,0.0035,-0.0012,0.0214,0.0015,-0.1171,0
1738584,1.0000,0.0004,0.0035,-0.0012,0.0195,0.0042,-0.1084,0
1738750,1.0000,0.0004,0.0035,-0.0012,0.0149,0.0008,-0.1270,0
1738917,1.0000,0.0004,0.0035,-0.0012,-0.0018,0.0072,-0.1181,0
1739084,1.0000,0.0004,0.0035,-0.0012,-0.0025,0.0087,-0.1262,0
1739250,1.0000,0.0004,0.0035,-0.0012,0.0112,0.0054,-0.0829,0
1739417,1.0000,0.0004,0.0035,-0.0012,0.0043,0.0040,-0.1021,0
1739584,1.0000,0.0004,0.0035,-0.0012,0.0073,0.0033,-0.1146,0
1739750,1.0000,0.0004,0.0035,-0.0012,0.0101,0.0013,-0.1222,0
1739917,1.0000,0.0004,0.0035,-0.0012,0.0066,-0.0085,-0.1122,0
1740084,1.0000,0.0004,0.0035,-0.0012,0.0074,0.0052,-0.1038,0
1740250,1.0000,0.0004,0.0035,-0.0012,0.0003,0.0045,-0.1070,0
1740417,1.0000,0.0004,0.0035,-0.0012,0.0045,0.0103,-0.1153,0
1740584,1.0000,0.0004,0.0035,-0.0012,0.0110,0.0094,-0.0990,0
1740750,1.0000,0.0004,0.0035,-0.0012,0.0029,-0.0003,-0.1185,0
1740917,1.0000,0.0004,0.0035,-0.0011,0.0112,0.0081,-0.1007,0
1741084,1.0000,0.0004,0.0035,-0.0011,0.0038,0.0119,-0.1245,0
1741250,1.0000,0.0004,0.0035,-0.0011,0.0076,0.0073,-0.1071,0
1741417,1.0000,0.0004,0.0035,-0.0011,-0.0018,-0.0102,-0.0969,0
1741584,1.0000,0.0004,0.0035,-0.0011,0.0099,0.0002,-0.0938,0
1741750,1.0000,0.0004,0.0035,-0.0012,-0.0019,0.0170,-0.0982,0
1741917,1.0000,0.0004,0.0035,-0.0011,0.0035,-0.0022,-0.1205,0
1742084,1.0000,0.0004,0.0035,-0.0012,0.0077,-0.0095,-0.1101,0
1742250,1.0000,0.0004,0.0035,-0.0012,0.0050,0.0069,-0.1186,0
1742417,1.0000,0.0004,0.0035,-0.0011,0.0101,0.0030,-0.0937,0
1742584,1.0000,0.0004,0.0035,-0.0011,0.0086,-0.0015,-0.1094,0
1742750,1.0000,0.0004,0.0035,-0.0012,-0.0028,-0.0091,-0.0844,0
1742917,1.0000,0.0004,0.0035,-0.0011,-0.0044,0.0042,-0.1297,0
1743084,1.0000,0.0004,0.0035,-0.0012,-0.0044,0.0034,-0.0928,0
1743250,1.0000,0.0004,0.0035,-0.0012,0.0051,0.0088,-0.1255,0
1743417,1.0000,0.0004,0.0035,-0.0012,-0.0056,0.0052,-0.0653,0
1743584,1.0000,0.0004,0.0035,-0.0012,0.0157,-0.0012,-0.0990,0
1743751,1.0000,0.0004,0.0034,-0.0011,0.0104,-0.0040,-0.0996,0
1743917,1.0000,0.0004,0.0034,-0.0011,0.0116,-0.0010,-0.1043,0
1744084,1.0000,0.0004,0.0034,-0.0011,0.0014,0.0008,-0.1047,0
1744251,1.0000,0.0004,0.0034,-0.0011,0.0011,0.0053,-0.1113,0
1744417,1.0000,0.0004,0.0034,-0.0011,0.0057,-0.0027,-0.1274,0
1744584,1.0000,0.0004,0.0034,-0.0011,0.0085,0.0034,-0.0833,0
1744751,1.0000,0.0004,0.0034,-0.0011,0.0040,0.0027,-0.1114,0
1744917,1.0000,0.0004,0.0034,-0.0011,0.0064,-0.0038,-0.0979,0
1745084,1.0000,0.0004,0.0034,-0.0011,0.0013,0.0040,-0.0866,0
1745251,1.0000,0.0004,0.0034,-0.0012,0.0107,-0.0037,-0.1004,0
1745417,1.0000,0.0004,0.0034,-0.0012,0.0002,0.0021,-0.0880,0
1745584,1.0000,0.0004,0.0033,-0.0012,0.0010,-0.0012,-0.1094,0
1745751,1.0000,0.0004,0.0033,-0.0012,0.0150,0.0076,-0.1341,0
1745917,1.0000,0.0004,0.0033,-0.0012,-0.0050,0.0074,-0.1329,0
1746084,1.0000,0.0004,0.0033,-0.0012,0.0108,0.0038,-0.1191,0
1746251,1.0000,0.0004,0.0034,-0.0012,-0.0062,-0.0043,-0.1152,0
1746417,1.0000,0.0004,0.0034,-0.0012,-0.0074,-0.0059,-0.1193,0
1746584,1.0000,0.0004,0.0034,-0.0012,0.0042,-0.0002,-0.1143,0
1746751,1.0000,0.0004,0.0034,-0.0011,-0.0010,-0.0070,-0.1084,0
1746917,1.0000,0.0004,0.0034,-0.0011,0.0081,0.0050,-0.1163,0
1747084,1.0000,0.0004,0.0034,-0.0011,0.0063,-0.0001,-0.1044,0
1747251,1.0000,0.0004,0.0034,-0.0011,0.0081,0.0028,-0.0966,0
1747417,1.0000,0.0004,0.0034,-0.0012,-0.0011,0.0025,-0.1143,0
1747584,1.0000,0.0004,0.0034,-0.0011,0.0061,0.0127,-0.1181,0
1747751,1.0000,0.0004,0.0034,-0.0011,0.0065,-0.0062,-0.1047,0
1747917,1.0000,0.0004,0.0034,-0.0012,-0.0057,-0.0094,-0.1263,0
1748084,1.0000,0.0004,0.0033,-0.0012,0.0049,-0.0071,-0.1010,0
1748251,1.0000,0.0004,0.0033,-0.0012,0.0099,-0.0014,-0.1031,0
1748417,1.0000,0.0004,0.0034,-0.0012,0.0022,-0.0008,-0.1131,0
1748584,1.0000,0.0004,0.0034,-0.0012,0.0169,0.0074,-0.1235,0
1748751,1.0000,0.0004,0.0034,-0.0012,0.0110,-0.0022,-0.1260,0
1748917,1.0000,0.0004,0.0034,-0.0012,0.0116,0.0005,-0.1081,0
1749084,1.0000,0.0004,0.0034,-0.0012,0.0059,-0.0027,-0.1247,0
1749251,1.0000,0.0004,0.0034,-0.0012,0.0158,-0.0035,-0.1137,0
1749417,1.0000,0.0004,0.0034,-0.0012,0.0168,0.0101,-0.1074,0
1749584,0.2560,-0.0032,0.0013,0.9667,-0.0095,-0.0054,-0.1181,0
1749751,0.2560,-0.0031,0.0012,0.9667,-0.0107,-0.0157,-0.0996,0
1749917,0.2560,-0.0031,0.0012,0.9667,-0.0230,-0.0058,-0.1115,0
1750084,0.2560,-0.0031,0.0012,0.9667,-0.0039,-0.0008,-0.1154,0
1750251,0.2559,-0.0031,0.0012,0.9667,-0.0011,0.0013,-0.0963,0
1750417,0.2559,-0.0031,0.0012,0.9667,-0.0129,0.0095,-0.1131,0
1750584,0.2559,-0.0031,0.0012,0.9667,0.0075,-0.0057,-0.1163,0
1750751,0.2559,-0.0031,0.0012,0.9667,-0.0160,0.0045,-0.1088,0
1750917,0.2560,-0.0031,0.0012,0.9667,-0.0052,0.0125,-0.1174,0
1751084,0.2560,-0.0031,0.0012,0.9667,-0.0078,-0.0080,-0.1084,0
1751251,0.2560,-0.0031,0.0012,0.9667,-0.0103,-0.0008,-0.1015,0
1751417,0.2560,-0.0031,0.0012,0.9667,-0.0132,-0.0024,-0.0911,0
1751584,0.2560,-0.0031,0.0012,0.9667,-0.0155,-0.0070,-0.0961,0
1751751,0.2560,-0.0031,0.0012,0.9667,-0.0154,0.0029,-0.0928,0
1751917,0.2560,-0.0031,0.0012,0.9667,-0.0028,0.0073,-0.1294,0
1752084,0.2560,-0.0031,0.0012,0.9667,-0.0033,0.0066,-0.1058,0
1752251
1752417
