DeviceTag: Movella DOT2,FirmwareVersion: 3.0.0,AppVersion: 2023.6.0,SyncStatus: Unknown (Synced/Un-synced),OutputRate: 60,FilterProfile: Unknown,Measurement Mode: Sensor fusion Mode - Extended (Euler),StartTime: 2026-04-02 14:42:34.788,© Movella Technologies B.V. 2005-2026
SampleTimeFine,Quat_W,Quat_X,Quat_Y,Quat_Z,FreeAcc_X,FreeAcc_Y,FreeAcc_Z,Status
1448429,0.4465,-0.0084,0.0046,0.8947,-0.0053,0.0092,-0.1167,0
1448595,0.4468,-0.0085,0.0044,0.8946,0.0000,0.0052,-0.1190,0
1448762,0.4462,-0.0086,0.0043,0.8949,-0.0320,0.0030,-0.1261,0
1448929,0.4462,-0.0086,0.0042,0.8949,-0.0025,0.0160,-0.1225,0
1449095,0.4462,-0.0086,0.0041,0.8949,-0.0065,-0.0053,-0.0773,0
1449262,0.4462,-0.0086,0.0040,0.8949,-0.0123,0.0012,-0.1062,0
1449429,0.4463,-0.0087,0.0039,0.8949,-0.0281,0.0030,-0.0981,0
1449595,0.4464,-0.0088,0.0038,0.8948,-0.0126,-0.0116,-0.1291,0
1449762,0.4465,-0.0089,0.0037,0.8947,-0.0463,0.0047,-0.1108,0
1449929,0.4464,-0.0089,0.0036,0.8948,-0.0355,-0.0031,-0.1145,0
1450095,0.4465,-0.0090,0.0036,0.8948,-0.0149,0.0046,-0.0927,0
1450262,0.4465,-0.0091,0.0035,0.8948,-0.0323,0.0105,-0.1388,0
1450429,0.4464,-0.0092,0.0034,0.8948,-0.0226,0.0022,-0.0990,0
1450595,0.4463,-0.0093,0.0033,0.8948,-0.0387,-0.0022,-0.1230,0
1450762,0.4464,-0.0094,0.0032,0.8948,-0.0307,-0.0043,-0.1353,0
1450929,0.4464,-0.0095,0.0031,0.8948,-0.0266,-0.0076,-0.0946,0
1451095,0.4464,-0.0096,0.0030,0.8948,-0.0502,-0.0048,-0.1154,0
1451262,0.4463,-0.0097,0.0030,0.8948,-0.0379,-0.0091,-0.1214,0
1451429,0.4462,-0.0098,0.0029,0.8949,-0.0682,-0.0038,-0.1143,0
1451595,0.4462,-0.0099,0.0028,0.8949,-0.0478,-0.0039,-0.1123,0
1451762,0.4463,-0.0100,0.0027,0.8948,-0.0466,0.0097,-0.1244,0
1451929,0.4463,-0.0101,0.0026,0.8948,-0.0555,-0.0077,-0.1062,0
1452095,0.4463,-0.0102,0.0026,0.8948,-0.0688,-0.0112,-0.1086,0
1452262,0.4462,-0.0103,0.0025,0.8949,-0.0455,-0.0009,-0.1019,0
1452429,0.4462,-0.0104,0.0024,0.8949,-0.0500,-0.0050,-0.0813,0
1452596,0.4461,-0.0105,0.0023,0.8949,-0.0580,-0.0038,-0.1296,0
1452762,0.4462,-0.0106,0.0022,0.8949,-0.0640,-0.0052,-0.1228,0
1452929,0.4463,-0.0107,0.0021,0.8948,-0.0801,-0.0205,-0.1079,0
1453096,0.4463,-0.0108,0.0021,0.8948,-0.0696,-0.0113,-0.1261,0
1453262,0.4462,-0.0109,0.0020,0.8948,-0.0807,-0.0060,-0.1226,0
1453429,0.4462,-0.0110,0.0019,0.8948,-0.0843,-0.0211,-0.0975,0
1453596,0.4463,-0.0111,0.0018,0.8948,-0.0835,-0.0147,-0.1197,0
1453762,0.4463,-0.0112,0.0018,0.8948,-0.0957,-0.0051,-0.1068,0
1453929,0.4463,-0.0113,0.0017,0.8948,-0.1005,-0.0066,-0.1167,0
1454096,0.4463,-0.0114,0.0016,0.8948,-0.0926,-0.0159,-0.1408,0
1454262,0.4463,-0.0115,0.0015,0.8948,-0.0815,0.0006,-0.1319,0
1454429,0.4463,-0.0116,0.0015,0.8948,-0.0787,-0.0177,-0.1043,0
1454596,0.4464,-0.0117,0.0014,0.8948,-0.0871,-0.0099,-0.0871,0
1454762,0.4463,-0.0118,0.0013,0.8948,-0.1027,-0.0219,-0.1102,0
1454929,0.4463,-0.0119,0.0012,0.8948,-0.0973,-0.0107,-0.1077,0
1455096,0.4463,-0.0120,0.0011,0.8948,-0.1004,-0.0201,-0.1182,0
1455262,0.4463,-0.0121,0.0011,0.8948,-0.0973,-0.0088,-0.1113,0
1455429,0.4463,-0.0122,0.0010,0.8948,-0.1030,-0.0057,-0.1048,0
1455596,0.4463,-0.0123,0.0009,0.8948,-0.1114,-0.0219,-0.1247,0
1455762,0.4463,-0.0124,0.0008,0.8948,-0.1179,-0.0125,-0.1116,0
1455929,0.4463,-0.0125,0.0007,0.8948,-0.1250,-0.0111,-0.1026,0
1456096,0.4463,-0.0126,0.0006,0.8948,-0.1182,-0.0076,-0.1239,0
1456262,0.4462,-0.0127,0.0006,0.8948,-0.1282,-0.0081,-0.1092,0
1456429,0.4462,-0.0128,0.0005,0.8948,-0.1264,-0.0170,-0.1103,0
1456596,0.4462,-0.0129,0.0004,0.8948,-0.1319,-0.0266,-0.1054,0
1456762,0.4461,-0.0130,0.0003,0.8949,-0.1259,-0.0290,-0.1432,0
1456929,0.4460,-0.0131,0.0003,0.8949,-0.1281,-0.0225,-0.1048,0
1457096,0.4460,-0.0132,0.0002,0.8949,-0.1195,-0.0192,-0.1185,0
1457262,0.4459,-0.0133,0.0001,0.8950,-0.1285,-0.0240,-0.0883,0
1457429,0.4459,-0.0134,0.0000,0.8950,-0.1425,-0.0147,-0.1034,0
1457596,0.4458,-0.0135,-0.0000,0.8950,-0.1451,-0.0197,-0.1248,0
1457762,0.4459,-0.0136,-0.0001,0.8950,-0.1288,-0.0071,-0.1134,0
1457929,0.4459,-0.0137,-0.0002,0.8950,-0.1401,-0.0361,-0.0967,0
1458096,0.4458,-0.0138,-0.0003,0.8950,-0.1507,-0.0289,-0.1385,0
1458262,0.4458,-0.0139,-0.0004,0.8950,-0.1448,-0.0260,-0.1233,0
1458429,0.4457,-0.0140,-0.0005,0.8951,-0.1420,-0.0352,-0.1313,0
1458596,0.4457,-0.0141,-0.0005,0.8951,-0.1527,-0.0248,-0.0910,0
1458762,0.4456,-0.0142,-0.0006,0.8951,-0.1557,-0.0163,-0.0923,0
1458929,0.4456,-0.0143,-0.0007,0.8951,-0.1519,-0.0347,-0.0725,0
1459096,0.4456,-0.0144,-0.0008,0.8951,-0.1739,-0.0292,-0.1245,0
1459262,0.4455,-0.0145,-0.0008,0.8952,-0.1571,-0.0247,-0.1084,0
1459429,0.4455,-0.0146,-0.0009,0.8952,-0.1610,-0.0356,-0.1001,0
1459596,0.4454,-0.0146,-0.0010,0.8952,-0.1662,-0.0306,-0.1138,0
1459762,0.4453,-0.0147,-0.0011,0.8952,-0.1722,-0.0362,-0.1311,0
1459929,0.4452,-0.0148,-0.0011,0.8953,-0.1705,-0.0173,-0.1001,0
1460096,0.4452,-0.0149,-0.0012,0.8953,-0.1704,-0.0202,-0.1207,0
1460262,0.4452,-0.0150,-0.0013,0.8953,-0.1586,-0.0297,-0.1011,0
1460429,0.4451,-0.0151,-0.0014,0.8953,-0.1727,-0.0354,-0.1146,0
1460596,0.4450,-0.0152,-0.0014,0.8954,-0.1721,-0.0259,-0.1187,0
1460762,0.4450,-0.0153,-0.0015,0.8954,-0.1890,-0.0305,-0.1126,0
1460929,0.4450,-0.0154,-0.0016,0.8954,-0.1793,-0.0428,-0.1079,0
1461096,0.4449,-0.0155,-0.0016,0.8954,-0.1779,-0.0295,-0.1226,0
1461262,0.4449,-0.0156,-0.0017,0.8954,-0.1727,-0.0206,-0.1098,0
1461429,0.4449,-0.0156,-0.0018,0.8955,-0.1928,-0.0262,-0.1287,0
1461596,0.4448,-0.0157,-0.0019,0.8955,-0.1935,-0.0508,-0.1119,0
1461762,0.4448,-0.0158,-0.0019,0.8955,-0.1881,-0.0261,-0.1193,0
1461929,0.4447,-0.0159,-0.0020,0.8955,-0.1895,-0.0351,-0.1303,0
1462096,0.4447,-0.0160,-0.0021,0.8955,-0.1953,-0.0483,-0.1323,0
1462262,0.4446,-0.0161,-0.0021,0.8956,-0.2097,-0.0334,-0.1331,0
1462429,0.4445,-0.0162,-0.0022,0.8956,-0.2139,-0.0414,-0.1224,0
1462596,0.4445,-0.0162,-0.0023,0.8956,-0.1980,-0.0387,-0.1140,0
1462762,0.4445,-0.0163,-0.0023,0.8956,-0.2135,-0.0325,-0.1170,0
1462929,0.4444,-0.0164,-0.0024,0.8957,-0.2194,-0.0406,-0.1030,0
1463096,0.4443,-0.0165,-0.0025,0.8957,-0.2154,-0.0381,-0.1086,0
1463262,0.4442,-0.0166,-0.0025,0.8958,-0.2110,-0.0439,-0.1409,0
1463429,0.4442,-0.0166,-0.0026,0.8958,-0.2088,-0.0356,-0.0930,0
1463596,0.4441,-0.0167,-0.0026,0.8958,-0.2134,-0.0458,-0.1193,0
1463762,0.4441,-0.0168,-0.0027,0.8958,-0.2144,-0.0398,-0.1186,0
1463929,0.4439,-0.0169,-0.0028,0.8959,-0.2168,-0.0335,-0.1177,0
1464096,0.4439,-0.0170,-0.0028,0.8959,-0.2181,-0.0400,-0.1094,0
1464262,0.4438,-0.0171,-0.0029,0.8959,-0.2323,-0.0324,-0.1502,0
1464429,0.4438,-0.0171,-0.0029,0.8959,-0.2223,-0.0214,-0.1130,0
1464596,0.4437,-0.0172,-0.0030,0.8960,-0.2245,-0.0301,-0.1199,0
1464762,0.4437,-0.0173,-0.0030,0.8960,-0.2371,-0.0531,-0.1080,0
1464929,0.4436,-0.0173,-0.0031,0.8960,-0.2397,-0.0413,-0.1244,0
1465096,0.4436,-0.0174,-0.0032,0.8961,-0.2185,-0.0333,-0.1094,0
1465262,0.4435,-0.0175,-0.0032,0.8961,-0.2253,-0.0425,-0.1208,0
1465429,0.4435,-0.0175,-0.0033,0.8961,-0.2372,-0.0433,-0.1129,0
1465596,0.4434,-0.0176,-0.0033,0.8961,-0.2361,-0.0539,-0.1401,0
1465762,0.4434,-0.0177,-0.0034,0.8961,-0.2213,-0.0562,-0.0933,0
1465929,0.4434,-0.0177,-0.0034,0.8962,-0.2372,-0.0545,-0.1113,0
1466096,0.4433,-0.0178,-0.0035,0.8962,-0.2517,-0.0449,-0.0966,0
1466262,0.4433,-0.0178,-0.0035,0.8962,-0.2525,-0.0534,-0.1364,0
1466429,0.4433,-0.0179,-0.0036,0.8962,-0.2411,-0.0414,-0.1185,0
1466596,0.4433,-0.0179,-0.0036,0.8962,-0.2531,-0.0457,-0.1196,0
1466762,0.4433,-0.0180,-0.0037,0.8962,-0.2470,-0.0576,-0.1120,0
1466929,0.4432,-0.0181,-0.0037,0.8962,-0.2408,-0.0446,-0.1121,0
1467096,0.4432,-0.0181,-0.0037,0.8962,-0.2528,-0.0437,-0.1073,0
1467262,0.4431,-0.0182,-0.0038,0.8963,-0.2584,-0.0472,-0.1174,0
1467429,0.4431,-0.0182,-0.0038,0.8963,-0.2509,-0.0530,-0.1030,0
1467596,0.4431,-0.0183,-0.0039,0.8963,-0.2498,-0.0523,-0.1230,0
1467762,0.4431,-0.0183,-0.0039,0.8963,-0.2539,-0.0435,-0.1136,0
1467929,0.4430,-0.0184,-0.0040,0.8963,-0.2594,-0.0417,-0.0915,0
1468096,0.4430,-0.0184,-0.0040,0.8963,-0.2587,-0.0537,-0.1284,0
1468262,0.4435,-0.0075,0.0042,0.8962,-0.0099,-0.0107,-0.1054,0
1468429,0.4435,-0.0075,0.0042,0.8962,-0.0066,-0.0003,-0.1052,0
1468596,0.4435,-0.0075,0.0042,0.8962,0.0070,0.0145,-0.1438,0
1468762,0.4435,-0.0075,0.0042,0.8962,-0.0232,0.0035,-0.1100,0
1468929,0.4435,-0.0075,0.0042,0.8962,-0.0073,0.0015,-0.1190,0
1469096,0.4435,-0.0075,0.0042,0.8962,0.0020,0.0008,-0.1210,0
1469263,0.4435,-0.0075,0.0042,0.8962,-0.0153,-0.0197,-0.1108,0
1469429,0.4435,-0.0075,0.0042,0.8962,0.0031,-0.0064,-0.1025,0
1469596,0.4435,-0.0075,0.0042,0.8962,0.0013,-0.0015,-0.1242,0
1469763,0.4435,-0.0075,0.0042,0.8962,-0.0061,-0.0102,-0.0961,0
1469929,0.4435,-0.0075,0.0041,0.8962,0.0081,-0.0056,-0.1226,0
1470096,0.4435,-0.0075,0.0041,0.8962,0.0031,-0.0070,-0.1241,0
1470263,0.4435,-0.0075,0.0041,0.8962,-0.0113,0.0008,-0.1004,0
1470429,0.4435,-0.0075,0.0041,0.8962,0.0003,-0.0002,-0.1184,0
1470596,0.4435,-0.0075,0.0041,0.8962,0.0064,-0.0066,-0.1000,0
1470763,0.4435,-0.0075,0.0041,0.8963,-0.0002,0.0196,-0.1202,0
1470929,0.4435,-0.0075,0.0041,0.8963,0.0012,-0.0026,-0.1182,0
1471096,0.4435,-0.0075,0.0041,0.8963,-0.0185,-0.0136,-0.1040,0
1471263,0.4435,-0.0075,0.0041,0.8963,0.0030,-0.0000,-0.1055,0
1471429,0.4434,-0.0075,0.0041,0.8963,-0.0031,0.0019,-0.1225,0
1471596,0.4434,-0.0075,0.0041,0.8963,-0.0007,-0.0151,-0.1040,0
1471763,0.4434,-0.0075,0.0041,0.8963,-0.0165,-0.0037,-0.1157,0
1471929,0.4434,-0.0075,0.0041,0.8963,-0.0064,0.0012,-0.1092,0
1472096,0.4434,-0.0075,0.0041,0.8963,-0.0013,0.0071,-0.1180,0
1472263,0.4434,-0.0075,0.0042,0.8963,-0.0088,-0.0062,-0.1052,0
1472429,0.4434,-0.0075,0.0042,0.8963,-0.0070,-0.0153,-0.0986,0
1472596,0.4434,-0.0075,0.0042,0.8963,-0.0039,-0.0036,-0.1205,0
1472763,0.4434,-0.0075,0.0042,0.8963,-0.0101,-0.0062,-0.1104,0
1472929,0.4434,-0.0075,0.0042,0.8963,-0.0051,-0.0043,-0.1215,0
1473096,0.4434,-0.0075,0.0042,0.8963,-0.0067,-0.0028,-0.1073,0
1473263,0.4436,-0.0075,0.0042,0.8962,0.0122,-0.0034,-0.0988,0
1473429,0.4436,-0.0075,0.0042,0.8962,0.0021,-0.0058,-0.1020,0
1473596,0.4437,-0.0075,0.0042,0.8961,0.0049,0.0011,-0.1079,0
1473763,0.4438,-0.0075,0.0042,0.8961,-0.0021,-0.0008,-0.1083,0
1473929,0.4438,-0.0075,0.0042,0.8961,-0.0120,-0.0041,-0.1129,0
1474096,0.4438,-0.0075,0.0042,0.8961,0.0036,0.0122,-0.1154,0
1474263,0.4438,-0.0075,0.0042,0.8961,-0.0063,-0.0101,-0.1036,0
1474429,0.4438,-0.0075,0.0042,0.8961,0.0041,-0.0052,-0.1123,0
1474596,0.4439,-0.0075,0.0042,0.8960,-0.0051,0.0023,-0.1162,0
1474763,0.4439,-0.0075,0.0042,0.8960,0.0167,-0.0093,-0.1073,0
1474929,0.4439,-0.0075,0.0042,0.8960,-0.0065,-0.0130,-0.1026,0
1475096,0.4439,-0.0075,0.0042,0.8960,-0.0065,-0.0084,-0.0959,0
1475263,0.4439,-0.0075,0.0042,0.8960,-0.0036,-0.0030,-0.1185,0
1475429,0.4440,-0.0075,0.0042,0.8960,0.0003,-0.0028,-0.0909,0
1475596,0.4440,-0.0075,0.0042,0.8960,-0.0085,-0.0042,-0.1272,0
1475763,0.4440,-0.0075,0.0042,0.8960,-0.0088,0.0002,-0.0956,0
1475929,0.4440,-0.0075,0.0042,0.8960,-0.0120,0.0012,-0.1115,0
1476096,0.4440,-0.0075,0.0042,0.8960,0.0026,0.0042,-0.1051,0
1476263,0.4441,-0.0075,0.0042,0.8960,0.0020,-0.0061,-0.0989,0
1476429,0.4441,-0.0075,0.0042,0.8960,-0.0019,-0.0021,-0.1010,0
1476596,0.4441,-0.0075,0.0042,0.8959,-0.0052,0.0022,-0.1219,0
1476763,0.4441,-0.0075,0.0042,0.8959,0.0071,-0.0077,-0.1048,0
1476929,0.4441,-0.0075,0.0042,0.8959,-0.0045,0.0068,-0.1029,0
1477096,0.4441,-0.0075,0.0042,0.8959,0.0024,-0.0178,-0.1255,0
1477263,0.4442,-0.0074,0.0042,0.8959,-0.0012,-0.0036,-0.1344,0
1477429,0.4442,-0.0075,0.0042,0.8959,0.0033,0.0010,-0.0977,0
1477596,0.4442,-0.0075,0.0042,0.8959,0.0068,-0.0021,-0.1341,0
1477763,0.4442,-0.0074,0.0042,0.8959,0.0056,0.0012,-0.1163,0
1477929,0.4442,-0.0074,0.0042,0.8959,-0.0090,-0.0050,-0.0925,0
1478096,0.4442,-0.0074,0.0042,0.8959,-0.0146,-0.0041,-0.1127,0
1478263,0.4442,-0.0074,0.0042,0.8959,-0.0008,-0.0094,-0.1385,0
1478429,0.4442,-0.0074,0.0042,0.8959,-0.0104,0.0031,-0.1187,0
1478596,0.4443,-0.0075,0.0042,0.8959,-0.0010,-0.0012,-0.1132,0
1478763,0.4443,-0.0075,0.0042,0.8958,-0.0002,-0.0024,-0.1283,0
1478929,0.4443,-0.0075,0.0042,0.8958,0.0124,0.0020,-0.1118,0
1479096,0.4443,-0.0074,0.0042,0.8958,0.0033,-0.0197,-0.1140,0
1479263,0.4443,-0.0074,0.0042,0.8958,0.0103,0.0002,-0.1224,0
1479429,0.4443,-0.0075,0.0042,0.8958,0.0033,-0.0034,-0.1281,0
1479596,0.4443,-0.0075,0.0042,0.8958,-0.0049,0.0054,-0.1323,0
1479763,0.4443,-0.0075,0.0042,0.8958,0.0064,0.0058,-0.1298,0
1479929,0.4444,-0.0075,0.0042,0.8958,0.0001,-0.0019,-0.0964,0
1480096,0.4444,-0.0075,0.0042,0.8958,-0.0052,0.0041,-0.1159,0
1480263,0.4444,-0.0075,0.0042,0.8958,0.0018,-0.0017,-0.1173,0
1480429,0.4444,-0.0075,0.0042,0.8958,-0.0052,0.0025,-0.0942,0
1480596,0.4444,-0.0075,0.0042,0.8958,-0.0089,-0.0009,-0.1167,0
1480763,0.4444,-0.0075,0.0042,0.8958,0.0102,-0.0003,-0.1060,0
1480929,0.4444,-0.0075,0.0042,0.8958,-0.0011,0.0060,-0.1102,0
1481096,0.4444,-0.0075,0.0042,0.8958,-0.0053,-0.0018,-0.1043,0
1481263,0.4444,-0.0075,0.0042,0.8958,-0.0004,0.0068,-0.0821,0
1481429,0.4444,-0.0075,0.0042,0.8958,-0.0080,0.0048,-0.0902,0
1481596,0.4444,-0.0075,0.0042,0.8958,0.0031,0.0024,-0.1098,0
1481763,0.4444,-0.0075,0.0042,0.8958,0.0022,0.0014,-0.1075,0
1481929,0.4444,-0.0075,0.0042,0.8958,-0.0041,-0.0047,-0.1180,0
1482096,0.4444,-0.0075,0.0042,0.8958,0.0127,0.0054,-0.0819,0
1482263,0.4445,-0.0075,0.0042,0.8958,-0.0087,0.0099,-0.1108,0
1482429,0.4445,-0.0075,0.0042,0.8958,0.0092,-0.0098,-0.1067,0
1482596,0.4445,-0.0075,0.0042,0.8958,0.0066,0.0012,-0.1174,0
1482763,0.4445,-0.0075,0.0042,0.8957,0.0092,-0.0007,-0.1160,0
1482929,0.4445,-0.0075,0.0042,0.8957,-0.0022,0.0018,-0.0994,0
1483096,0.4445,-0.0075,0.0042,0.8957,-0.0046,-0.0144,-0.1119,0
1483263,0.4445,-0.0075,0.0042,0.8957,-0.0114,-0.0145,-0.1011,0
1483429,0.4445,-0.0075,0.0042,0.8957,0.0025,-0.0031,-0.1009,0
1483596,0.4445,-0.0075,0.0042,0.8957,-0.0006,-0.0006,-0.1201,0
1483763,0.4445,-0.0075,0.0042,0.8957,-0.0094,-0.0084,-0.1177,0
1483929,0.4445,-0.0075,0.0042,0.8957,0.0020,-0.0012,-0.1052,0
1484096,0.4445,-0.0075,0.0042,0.8957,0.0026,-0.0009,-0.1135,0
1484263,0.4446,-0.0075,0.0042,0.8957,-0.0032,-0.0037,-0.1069,0
1484429,0.4446,-0.0075,0.0042,0.8957,0.0171,0.0024,-0.1241,0
1484596,0.4446,-0.0075,0.0042,0.8957,0.0020,0.0022,-0.1247,0
1484763,0.4446,-0.0075,0.0042,0.8957,-0.0029,0.0070,-0.0982,0
1484929,0.4446,-0.0074,0.0042,0.8957,0.0004,0.0034,-0.1167,0
1485096,0.4446,-0.0075,0.0042,0.8957,-0.0000,-0.0057,-0.1122,0
1485263,0.4446,-0.0075,0.0042,0.8957,-0.0002,-0.0059,-0.0912,0
1485429,0.4446,-0.0075,0.0042,0.8957,0.0193,0.0006,-0.1028,0
1485596,0.4446,-0.0074,0.0042,0.8957,0.0023,0.0024,-0.1223,0
1485763,0.4446,-0.0074,0.0042,0.8957,-0.0048,-0.0144,-0.1118,0
1485930,0.4446,-0.0074,0.0042,0.8957,-0.0038,-0.0050,-0.1067,0
1486096,0.4446,-0.0074,0.0042,0.8957,-0.0075,0.0005,-0.1200,0
1486263,0.4447,-0.0074,0.0042,0.8957,-0.0042,-0.0023,-0.1142,0
1486430,0.4447,-0.0074,0.0042,0.8957,-0.0127,-0.0196,-0.1078,0
1486596,0.4447,-0.0074,0.0042,0.8957,-0.0083,-0.0027,-0.1071,0
1486763,0.4447,-0.0074,0.0042,0.8956,-0.0018,0.0139,-0.1076,0
1486930,0.4447,-0.0074,0.0042,0.8956,-0.0071,0.0100,-0.1064,0
1487096,0.4447,-0.0074,0.0042,0.8956,0.0150,0.0007,-0.1137,0
1487263,0.4447,-0.0074,0.0042,0.8956,0.0103,0.0047,-0.1084,0
1487430,0.4447,-0.0075,0.0042,0.8956,0.0088,-0.0116,-0.0906,0
1487596,0.4447,-0.0075,0.0042,0.8956,0.0028,-0.0153,-0.1287,0
1487763,0.4447,-0.0075,0.0042,0.8956,0.0022,0.0088,-0.1116,0
1487930,0.4447,-0.0075,0.0042,0.8956,-0.0003,-0.0081,-0.1061,0
1488096,0.4447,-0.0075,0.0042,0.8956,0.0138,-0.0041,-0.1017,0
1488263,0.4447,-0.0075,0.0042,0.8956,0.0125,0.0037,-0.1120,0
1488430,0.4447,-0.0075,0.0042,0.8956,0.0038,0.0035,-0.1083,0
1488596,0.4447,-0.0075,0.0042,0.8956,-0.0048,-0.0057,-0.1424,0
1488763,0.4448,-0.0075,0.0042,0.8956,-0.0199,0.0015,-0.1098,0
1488930,0.4448,-0.0075,0.0042,0.8956,0.0049,-0.0016,-0.1010,0
1489096,0.4448,-0.0075,0.0042,0.8956,-0.0088,0.0019,-0.1003,0
1489263,0.4448,-0.0075,0.0042,0.8956,-0.0017,0.0052,-0.1165,0
1489430,0.4448,-0.0075,0.0042,0.8956,-0.0050,-0.0057,-0.1110,0
1489596,0.4448,-0.0075,0.0042,0.8956,0.0048,-0.0142,-0.1046,0
1489763,0.4448,-0.0075,0.0042,0.8956,0.0009,0.0071,-0.1390,0
1489930,0.4448,-0.0075,0.0042,0.8956,-0.0052,-0.0035,-0.1177,0
1490096,0.4448,-0.0075,0.0042,0.8956,-0.0111,0.0069,-0.1212,0
1490263,0.4448,-0.0075,0.0042,0.8956,-0.0093,-0.0040,-0.1086,0
1490430,0.4448,-0.0075,0.0042,0.8956,0.0101,0.0054,-0.1215,0
1490596,0.4448,-0.0075,0.0042,0.8956,-0.0004,-0.0088,-0.1152,0
1490763,0.4448,-0.0075,0.0042,0.8956,0.0058,-0.0052,-0.1071,0
1490930,0.4448,-0.0075,0.0042,0.8956,-0.0123,-0.0094,-0.1155,0
1491096,0.4449,-0.0075,0.0042,0.8956,0.0157,0.0081,-0.1136,0
1491263,0.4449,-0.0075,0.0042,0.8955,-0.0169,-0.0000,-0.1050,0
1491430,0.4449,-0.0075,0.0042,0.8955,0.0065,0.0055,-0.1105,0
1491596,0.4449,-0.0075,0.0042,0.8955,-0.0007,0.0031,-0.1188,0
1491763,0.4449,-0.0075,0.0042,0.8955,-0.0097,0.0058,-0.1197,0
1491930,0.4449,-0.0075,0.0042,0.8955,0.0080,0.0035,-0.1103,0
1492096,0.4449,-0.0075,0.0042,0.8955,-0.0078,-0.0017,-0.1059,0
1492263,0.4449,-0.0075,0.0042,0.8955,-0.0080,0.0089,-0.1125,0
1492430,0.4449,-0.0075,0.0042,0.8955,0.0033,-0.0025,-0.1154,0
1492596,0.4450,-0.0075,0.0042,0.8955,-0.0202,0.0155,-0.1230,0
1492763,0.4450,-0.0075,0.0042,0.8955,0.0052,0.0026,-0.1169,0
1492930,0.4450,-0.0075,0.0042,0.8955,-0.0010,0.0091,-0.1244,0
1493096,0.4450,-0.0075,0.0042,0.8955,0.0037,-0.0038,-0.1261,0
1493263,0.4450,-0.0075,0.0042,0.8955,-0.0125,-0.0003,-0.1083,0
1493430,0.4450,-0.0075,0.0042,0.8955,-0.0023,0.0042,-0.1049,0
1493596,0.4450,-0.0075,0.0042,0.8955,-0.0018,0.0152,-0.1139,0
1493763,0.4450,-0.0075,0.0042,0.8955,0.0022,-0.0066,-0.1048,0
1493930,0.4450,-0.0075,0.0042,0.8955,0.0021,0.0013,-0.1020,0
1494096,0.4450,-0.0075,0.0042,0.8955,0.0052,0.0044,-0.1267,0
1494263,0.4450,-0.0075,0.0043,0.8955,-0.0049,-0.0008,-0.1170,0
1494430,0.4450,-0.0075,0.0043,0.8955,-0.0117,0.0063,-0.1295,0
1494596,0.4450,-0.0075,0.0043,0.8955,0.0038,0.0002,-0.1193,0
1494763,0.4450,-0.0075,0.0043,0.8955,-0.0096,0.0060,-0.1011,0
1494930,0.4450,-0.0075,0.0043,0.8955,0.0059,-0.0009,-0.1276,0
1495096,0.4450,-0.0074,0.0043,0.8955,0.0023,0.0058,-0.1295,0
1495263,0.4450,-0.0074,0.0043,0.8955,-0.0026,-0.0086,-0.1027,0
1495430,0.4450,-0.0075,0.0043,0.8955,0.0137,-0.0041,-0.0947,0
1495596,0.4450,-0.0075,0.0043,0.8955,0.0034,-0.0033,-0.0972,0
1495763,0.4450,-0.0075,0.0043,0.8955,-0.0054,-0.0012,-0.1073,0
1495930,0.4450,-0.0075,0.0043,0.8955,0.0064,0.0026,-0.0964,0
1496096,0.4450,-0.0075,0.0043,0.8955,0.0129,0.0025,-0.1026,0
1496263,0.4450,-0.0075,0.0043,0.8955,0.0054,-0.0030,-0.1149,0
1496430,0.4450,-0.0075,0.0043,0.8955,-0.0006,0.0010,-0.1268,0
1496596,0.4450,-0.0075,0.0043,0.8955,-0.0060,-0.0022,-0.1022,0
1496763,0.4450,-0.0075,0.0043,0.8955,0.0020,-0.0066,-0.1148,0
1496930,0.4450,-0.0075,0.0043,0.8955,0.0041,0.0062,-0.0746,0
1497096,0.4450,-0.0075,0.0043,0.8955,0.0040,0.0011,-0.1095,0
1497263,0.4450,-0.0075,0.0043,0.8955,-0.0069,0.0088,-0.0987,0
1497430,0.4450,-0.0075,0.0043,0.8955,0.0043,0.0111,-0.1166,0
1497596,0.4450,-0.0074,0.0043,0.8955,0.0026,-0.0073,-0.1310,0
1497763,0.4450,-0.0075,0.0043,0.8955,-0.0003,0.0039,-0.1106,0
1497930,0.4450,-0.0075,0.0043,0.8955,0.0003,0.0011,-0.1266,0
1498096,0.4450,-0.0075,0.0043,0.8955,-0.0003,0.0019,-0.1329,0
1498263,0.4450,-0.0075,0.0043,0.8955,-0.0026,0.0074,-0.0859,0
1498430,0.4450,-0.0075,0.0043,0.8955,-0.0113,0.0158,-0.1032,0
1498596,0.4451,-0.0074,0.0043,0.8955,0.0019,0.0083,-0.1135,0
1498763,0.4451,-0.0074,0.0043,0.8955,0.0067,-0.0089,-0.1025,0
1498930,0.4451,-0.0074,0.0043,0.8955,0.0097,-0.0005,-0.1248,0
1499096,0.4451,-0.0074,0.0044,0.8955,-0.0119,0.0011,-0.0980,0
1499263,0.4451,-0.0074,0.0043,0.8955,-0.0051,0.0085,-0.1144,0
1499430,0.4451,-0.0074,0.0044,0.8955,0.0032,0.0042,-0.1297,0
1499596,0.4451,-0.0074,0.0044,0.8954,0.0012,-0.0071,-0.1202,0
1499763,0.4451,-0.0074,0.0043,0.8954,-0.0020,0.0048,-0.1179,0
1499930,0.4451,-0.0074,0.0043,0.8954,0.0023,0.0069,-0.1110,0
1500096,0.4451,-0.0074,0.0044,0.8954,-0.0029,0.0079,-0.1063,0
1500263,0.4451,-0.0074,0.0044,0.8954,0.0023,-0.0041,-0.1142,0
1500430,0.4451,-0.0074,0.0044,0.8954,0.0025,0.0049,-0.1032,0
1500596,0.4451,-0.0074,0.0044,0.8954,0.0045,-0.0050,-0.1011,0
1500763,0.4451,-0.0074,0.0044,0.8954,0.0065,0.0017,-0.1292,0
1500930,0.4451,-0.0074,0.0044,0.8954,-0.0029,0.0034,-0.1033,0
1501096,0.4451,-0.0074,0.0044,0.8954,-0.0070,0.0131,-0.1017,0
1501263,0.4451,-0.0074,0.0044,0.8954,0.0124,0.0024,-0.1235,0
1501430,0.4451,-0.0074,0.0044,0.8954,0.0086,-0.0052,-0.1079,0
1501596,0.4452,-0.0074,0.0044,0.8954,0.0002,-0.0044,-0.1160,0
1501763,0.4452,-0.0074,0.0043,0.8954,-0.0077,0.0114,-0.1246,0
1501930,0.4452,-0.0074,0.0044,0.8954,0.0064,0.0070,-0.1132,0
1502096,0.4452,-0.0074,0.0044,0.8954,0.0098,0.0142,-0.1311,0
1502263,0.4452,-0.0074,0.0044,0.8954,0.0115,-0.0008,-0.1123,0
1502430,0.4452,-0.0074,0.0044,0.8954,-0.0085,-0.0122,-0.1080,0
1502597,0.4452,-0.0074,0.0044,0.8954,0.0081,-0.0021,-0.1067,0
1502763,0.4452,-0.0074,0.0043,0.8954,-0.0039,-0.0018,-0.0946,0
1502930,0.4452,-0.0074,0.0043,0.8954,-0.0007,0.0049,-0.1182,0
1503097,0.4452,-0.0074,0.0043,0.8954,0.0127,0.0021,-0.1231,0
1503263,1.0000,0.0006,0.0085,-0.0000,-0.0067,0.0045,-0.0961,0
1503430,1.0000,0.0006,0.0085,-0.0000,-0.0014,0.0005,-0.1045,0
1503597,1.0000,0.0006,0.0085,-0.0000,0.0030,0.0128,-0.1084,0
1503763,1.0000,0.0006,0.0085,-0.0000,0.0055,0.0034,-0.1164,0
1503930,1.0000,0.0006,0.0085,-0.0000,-0.0109,0.0077,-0.1314,0
1504097,1.0000,0.0006,0.0085,-0.0000,0.0033,-0.0034,-0.0999,0
1504263,1.0000,0.0006,0.0085,-0.0000,-0.0024,-0.0053,-0.1045,0
1504430,1.0000,0.0006,0.0085,-0.0000,0.0105,-0.0066,-0.1242,0
1504597,1.0000,0.0006,0.0085,-0.0000,0.0023,-0.0004,-0.1164,0
1504763,1.0000,0.0006,0.0085,-0.0001,0.0120,-0.0049,-0.1083,0
1504930,1.0000,0.0006,0.0085,-0.0001,-0.0034,-0.0070,-0.1254,0
1505097,1.0000,0.0006,0.0085,-0.0001,-0.0008,0.0091,-0.1125,0
1505263,1.0000,0.0006,0.0085,-0.0001,-0.0093,0.0041,-0.1236,0
1505430,1.0000,0.0006,0.0085,-0.0001,-0.0095,0.0046,-0.1087,0
1505597,1.0000,0.0006,0.0085,-0.0001,-0.0097,0.0017,-0.1003,0
1505763,1.0000,0.0006,0.0085,-0.0001,-0.0043,0.0111,-0.1138,0
1505930,1.0000,0.0006,0.0085,-0.0001,0.0009,0.0095,-0.1057,0
1506097,1.0000,0.0006,0.0085,-0.0001,-0.0162,-0.0080,-0.1148,0
1506263,1.0000,0.0006,0.0085,-0.0001,0.0010,-0.0038,-0.1113,0
1506430,1.0000,0.0006,0.0085,-0.0001,0.0051,0.0089,-0.1022,0
1506597,1.0000,0.0006,0.0085,-0.0001,0.0069,0.0017,-0.1270,0
1506763,1.0000,0.0006,0.0085,-0.0001,-0.0004,-0.0090,-0.1137,0
1506930,1.0000,0.0006,0.0085,-0.0001,-0.0015,-0.0172,-0.1332,0
1507097,1.0000,0.0006,0.0085,-0.0001,-0.0011,0.0005,-0.0847,0
1507263,1.0000,0.0006,0.0085,-0.0001,0.0015,-0.0169,-0.1216,0
1507430,1.0000,0.0006,0.0085,-0.0002,-0.0040,0.0024,-0.1187,0
1507597,1.0000,0.0006,0.0085,-0.0002,0.0012,0.0089,-0.1082,0
1507763,1.0000,0.0006,0.0085,-0.0002,-0.0101,-0.0016,-0.1222,0
1507930,1.0000,0.0006,0.0085,-0.0002,0.0071,-0.0004,-0.1349,0
1508097,1.0000,0.0006,0.0085,-0.0002,-0.0007,-0.0068,-0.0704,0
1508263,1.0000,0.0005,0.0086,-0.0001,-0.0011,0.0028,-0.1651,0
1508430,1.0000,0.0005,0.0086,-0.0001,0.0031,0.0060,-0.0910,0
1508597,1.0000,0.0005,0.0086,-0.0001,0.0031,-0.0028,-0.1393,0
1508763,1.0000,0.0005,0.0086,-0.0001,0.0208,-0.0137,-0.1194,0
1508930,1.0000,0.0005,0.0086,-0.0001,-0.0057,0.0154,-0.1040,0
1509097,1.0000,0.0006,0.0086,-0.0002,0.0126,0.0001,-0.0902,0
1509263,1.0000,0.0006,0.0085,-0.0002,0.0117,0.0042,-0.1198,0
1509430,1.0000,0.0005,0.0085,-0.0002,0.0052,0.0069,-0.1152,0
1509597,1.0000,0.0006,0.0086,-0.0002,-0.0005,0.0007,-0.1223,0
1509763,1.0000,0.0006,0.0086,-0.0002,-0.0016,0.0001,-0.0877,0
1509930,1.0000,0.0006,0.0086,-0.0002,0.0057,0.0002,-0.1093,0
1510097,1.0000,0.0006,0.0085,-0.0002,-0.0064,-0.0145,-0.1280,0
1510263,1.0000,0.0006,0.0085,-0.0002,-0.0144,0.0025,-0.0682,0
1510430,1.0000,0.0006,0.0085,-0.0002,0.0099,-0.0009,-0.1177,0
1510597,1.0000,0.0006,0.0085,-0.0002,0.0021,-0.0074,-0.1311,0
1510763,1.0000,0.0006,0.0085,-0.0002,-0.0072,-0.0009,-0.1177,0
1510930,1.0000,0.0006,0.0085,-0.0002,0.0137,0.0021,-0.1294,0
1511097,1.0000,0.0006,0.0085,-0.0002,0.0033,-0.0130,-0.1069,0
1511263,1.0000,0.0006,0.0085,-0.0002,-0.0067,0.0021,-0.1050,0
1511430,1.0000,0.0006,0.0085,-0.0002,0.0121,-0.0026,-0.1039,0
1511597,1.0000,0.0005,0.0085,-0.0002,0.0121,-0.0089,-0.1311,0
1511763,1.0000,0.0005,0.0085,-0.0002,-0.0070,-0.0112,-0.1079,0
1511930,1.0000,0.0005,0.0085,-0.0002,-0.0079,-0.0075,-0.1216,0
1512097,1.0000,0.0005,0.0086,-0.0002,0.0072,-0.0111,-0.0958,0
1512263,1.0000,0.0005,0.0086,-0.0002,0.0025,0.0023,-0.1011,0
1512430,1.0000,0.0006,0.0086,-0.0002,-0.0082,-0.0114,-0.1118,0
1512597,1.0000,0.0005,0.0086,-0.0002,-0.0082,-0.0170,-0.0823,0
1512763,1.0000,0.0005,0.0086,-0.0002,-0.0050,0.0126,-0.1311,0
1512930,1.0000,0.0005,0.0085,-0.0002,-0.0036,0.0091,-0.0945,0
1513097,1.0000,0.0005,0.0085,-0.0002,0.0066,0.0037,-0.1309,0
1513263,1.0000,0.0005,0.0085,-0.0002,0.0045,-0.0182,-0.0989,0
1513430,1.0000,0.0005,0.0085,-0.0002,-0.0093,-0.0144,-0.1001,0
1513597,1.0000,0.0006,0.0085,-0.0002,-0.0011,-0.0011,-0.1370,0
1513763,1.0000,0.0006,0.0085,-0.0002,-0.0024,-0.0036,-0.0933,0
1513930,1.0000,0.0006,0.0085,-0.0002,-0.0156,0.0011,-0.1332,0
1514097,1.0000,0.0006,0.0085,-0.0002,0.0124,-0.0015,-0.1004,0
1514263,1.0000,0.0006,0.0085,-0.0002,0.0059,-0.0012,-0.0905,0
1514430,1.0000,0.0006,0.0085,-0.0002,0.0055,-0.0071,-0.1264,0
1514597,1.0000,0.0006,0.0085,-0.0002,-0.0075,-0.0146,-0.1117,0
1514763,1.0000,0.0006,0.0085,-0.0003,0.0004,0.0052,-0.1183,0
1514930,1.0000,0.0006,0.0085,-0.0002,0.0029,-0.0032,-0.1219,0
1515097,1.0000,0.0006,0.0085,-0.0002,0.0053,-0.0002,-0.1099,0
1515263,1.0000,0.0006,0.0085,-0.0002,0.0018,-0.0063,-0.1186,0
1515430,1.0000,0.0006,0.0085,-0.0003,-0.0044,-0.0100,-0.1198,0
1515597,1.0000,0.0006,0.0085,-0.0003,0.0013,0.0114,-0.1010,0
1515763,1.0000,0.0006,0.0085,-0.0003,-0.0023,-0.0031,-0.1269,0
1515930,1.0000,0.0006,0.0085,-0.0003,0.0044,0.0030,-0.1033,0
1516097,1.0000,0.0006,0.0085,-0.0003,-0.0099,0.0071,-0.1029,0
1516263,1.0000,0.0006,0.0085,-0.0002,0.0017,-0.0130,-0.1294,0
1516430,1.0000,0.0006,0.0085,-0.0003,-0.0081,0.0016,-0.1036,0
1516597,1.0000,0.0006,0.0085,-0.0003,0.0025,-0.0005,-0.0860,0
1516763,1.0000,0.0006,0.0085,-0.0003,-0.0060,-0.0068,-0.1320,0
1516930,1.0000,0.0006,0.0085,-0.0003,-0.0009,-0.0030,-0.0905,0
1517097,1.0000,0.0006,0.0085,-0.0003,0.0018,0.0025,-0.0952,0
1517263,1.0000,0.0006,0.0085,-0.0003,0.0023,-0.0014,-0.0963,0
1517430,1.0000,0.0006,0.0085,-0.0003,-0.0130,0.0012,-0.0975,0
1517597,1.0000,0.0006,0.0085,-0.0003,-0.0044,0.0016,-0.1066,0
1517763,1.0000,0.0006,0.0085,-0.0003,0.0122,-0.0047,-0.1345,0
1517930,1.0000,0.0006,0.0085,-0.0003,-0.0051,0.0044,-0.0898,0
1518097,1.0000,0.0006,0.0085,-0.0003,0.0035,-0.0104,-0.1152,0
1518263,1.0000,0.0006,0.0085,-0.0003,0.0071,0.0129,-0.1268,0
1518430,1.0000,0.0006,0.0085,-0.0003,-0.0040,-0.0034,-0.1230,0
1518597,1.0000,0.0006,0.0085,-0.0003,0.0071,0.0066,-0.1124,0
1518763,1.0000,0.0006,0.0085,-0.0003,0.0001,0.0080,-0.1031,0
1518930,1.0000,0.0006,0.0085,-0.0003,-0.0032,0.0049,-0.1244,0
1519097,1.0000,0.0006,0.0085,-0.0003,0.0020,0.0153,-0.0983,0
1519264,1.0000,0.0006,0.0085,-0.0003,-0.0183,0.0094,-0.1081,0
1519430,1.0000,0.0006,0.0085,-0.0003,-0.0071,-0.0055,-0.1041,0
1519597,1.0000,0.0006,0.0085,-0.0003,0.0017,-0.0044,-0.1139,0
1519764,1.0000,0.0006,0.0085,-0.0003,-0.0038,-0.0013,-0.1028,0
1519930,1.0000,0.0006,0.0085,-0.0003,-0.0038,-0.0036,-0.1209,0
1520097,1.0000,0.0006,0.0085,-0.0003,0.0029,-0.0032,-0.1024,0
1520264,1.0000,0.0006,0.0085,-0.0003,0.0025,0.0108,-0.1270,0
1520430,1.0000,0.0006,0.0085,-0.0003,-0.0087,0.0046,-0.1139,0
1520597,1.0000,0.0006,0.0085,-0.0003,-0.0034,-0.0091,-0.1022,0
1520764,1.0000,0.0006,0.0085,-0.0003,-0.0149,-0.0010,-0.1172,0
1520930,1.0000,0.0006,0.0085,-0.0003,-0.0001,0.0049,-0.1233,0
1521097,1.0000,0.0006,0.0085,-0.0003,-0.0019,0.0077,-0.1106,0
1521264,1.0000,0.0006,0.0085,-0.0003,-0.0080,-0.0190,-0.1250,0
1521430,1.0000,0.0006,0.0085,-0.0003,0.0042,0.0052,-0.0934,0
1521597,1.0000,0.0006,0.0085,-0.0003,0.0019,0.0161,-0.1156,0
1521764,1.0000,0.0006,0.0085,-0.0003,0.0011,0.0091,-0.1003,0
1521930,1.0000,0.0006,0.0085,-0.0003,-0.0097,0.0061,-0.1182,0
1522097,1.0000,0.0006,0.0085,-0.0003,-0.0127,-0.0119,-0.1012,0
1522264,1.0000,0.0006,0.0085,-0.0003,-0.0134,-0.0022,-0.1087,0
1522430,1.0000,0.0006,0.0085,-0.0003,-0.0021,0.0046,-0.1031,0
1522597,1.0000,0.0006,0.0085,-0.0003,0.0068,-0.0070,-0.0958,0
1522764,1.0000,0.0006,0.0085,-0.0003,-0.0164,-0.0104,-0.0963,0
1522930,1.0000,0.0006,0.0085,-0.0003,0.0060,0.0142,-0.1227,0
1523097,1.0000,0.0006,0.0085,-0.0003,-0.0000,0.0102,-0.1012,0
1523264,1.0000,0.0006,0.0085,-0.0003,-0.0121,-0.0107,-0.1207,0
1523430,1.0000,0.0006,0.0085,-0.0003,-0.0028,0.0002,-0.1013,0
1523597,1.0000,0.0006,0.0085,-0.0003,0.0156,0.0024,-0.1025,0
1523764,1.0000,0.0006,0.0085,-0.0003,-0.0018,-0.0012,-0.1040,0
1523930,1.0000,0.0006,0.0085,-0.0003,0.0005,-0.0070,-0.1442,0
1524097,1.0000,0.0006,0.0085,-0.0004,0.0075,-0.0023,-0.1031,0
1524264,1.0000,0.0006,0.0085,-0.0004,-0.0034,-0.0009,-0.1049,0
1524430,1.0000,0.0006,0.0085,-0.0004,0.0035,-0.0050,-0.1235,0
1524597,1.0000,0.0006,0.0085,-0.0004,0.0054,-0.0144,-0.1035,0
1524764,1.0000,0.0006,0.0085,-0.0004,-0.0044,0.0018,-0.1081,0
1524930,1.0000,0.0006,0.0085,-0.0003,0.0036,-0.0094,-0.1068,0
1525097,1.0000,0.0006,0.0085,-0.0004,-0.0009,0.0139,-0.0935,0
1525264,1.0000,0.0006,0.0085,-0.0004,-0.0113,-0.0021,-0.1045,0
1525430,1.0000,0.0006,0.0085,-0.0004,-0.0019,0.0022,-0.1040,0
1525597,1.0000,0.0006,0.0085,-0.0004,-0.0130,0.0060,-0.1334,0
1525764,1.0000,0.0006,0.0085,-0.0004,-0.0169,0.0058,-0.1330,0
1525930,1.0000,0.0006,0.0085,-0.0004,0.0140,-0.0066,-0.1102,0
1526097,1.0000,0.0006,0.0085,-0.0004,-0.0148,-0.0087,-0.0940,0
1526264,1.0000,0.0006,0.0085,-0.0004,-0.0176,-0.0150,-0.0861,0
1526430,1.0000,0.0006,0.0085,-0.0004,-0.0160,-0.0061,-0.1204,0
1526597,1.0000,0.0006,0.0085,-0.0004,-0.0042,-0.0132,-0.0866,0
1526764,1.0000,0.0006,0.0085,-0.0004,0.0039,-0.0136,-0.1052,0
1526930,1.0000,0.0006,0.0085,-0.0004,-0.0043,-0.0076,-0.1236,0
1527097,1.0000,0.0006,0.0085,-0.0004,0.0048,-0.0107,-0.1071,0
1527264,1.0000,0.0006,0.0085,-0.0004,0.0068,-0.0020,-0.1223,0
1527430,1.0000,0.0006,0.0085,-0.0004,-0.0153,-0.0067,-0.1031,0
1527597,1.0000,0.0006,0.0085,-0.0004,0.0087,-0.0118,-0.1096,0
1527764,1.0000,0.0006,0.0085,-0.0004,-0.0075,-0.0094,-0.0974,0
1527930,1.0000,0.0006,0.0085,-0.0004,0.0094,-0.0075,-0.1195,0
1528097,1.0000,0.0006,0.0085,-0.0004,-0.0022,0.0030,-0.1085,0
1528264,1.0000,0.0006,0.0085,-0.0005,0.0073,0.0126,-0.1034,0
1528430,1.0000,0.0006,0.0085,-0.0005,-0.0048,-0.0007,-0.1077,0
1528597,1.0000,0.0006,0.0085,-0.0005,-0.0021,-0.0049,-0.1055,0
1528764,1.0000,0.0006,0.0085,-0.0005,0.0004,-0.0032,-0.1032,0
1528930,1.0000,0.0006,0.0085,-0.0005,-0.0067,0.0030,-0.0910,0
1529097,1.0000,0.0006,0.0085,-0.0005,-0.0090,0.0029,-0.1352,0
1529264,1.0000,0.0006,0.0085,-0.0004,-0.0045,0.0026,-0.1207,0
1529430,1.0000,0.0006,0.0085,-0.0005,-0.0030,-0.0013,-0.1021,0
1529597,1.0000,0.0006,0.0085,-0.0005,-0.0073,-0.0051,-0.0955,0
1529764,1.0000,0.0006,0.0085,-0.0005,-0.0007,-0.0013,-0.1316,0
1529930,1.0000,0.0006,0.0085,-0.0005,-0.0125,-0.0049,-0.1149,0
1530097,1.0000,0.0006,0.0085,-0.0005,0.0113,0.0037,-0.1046,0
1530264,1.0000,0.0006,0.0085,-0.0004,-0.0107,0.0005,-0.1144,0
1530430,1.0000,0.0006,0.0085,-0.0004,0.0114,-0.0032,-0.1107,0
1530597,1.0000,0.0006,0.0085,-0.0004,0.0042,-0.0020,-0.1055,0
1530764,1.0000,0.0006,0.0085,-0.0004,0.0041,-0.0017,-0.1071,0
1530930,1.0000,0.0006,0.0085,-0.0004,0.0059,-0.0073,-0.0847,0
1531097,1.0000,0.0006,0.0085,-0.0004,-0.0040,-0.0103,-0.0879,0
1531264,1.0000,0.0006,0.0085,-0.0004,0.0001,0.0040,-0.1245,0
1531430,1.0000,0.0006,0.0086,-0.0004,0.0019,0.0046,-0.1096,0
1531597,1.0000,0.0006,0.0085,-0.0005,0.0080,0.0059,-0.1046,0
1531764,1.0000,0.0006,0.0085,-0.0005,0.0095,-0.0142,-0.1011,0
1531930,1.0000,0.0006,0.0085,-0.0005,-0.0007,0.0122,-0.0926,0
1532097,1.0000,0.0006,0.0085,-0.0005,-0.0011,0.0020,-0.0990,0
1532264,1.0000,0.0006,0.0085,-0.0005,-0.0066,-0.0161,-0.1196,0
1532430,1.0000,0.0006,0.0085,-0.0005,-0.0106,-0.0139,-0.1242,0
1532597,1.0000,0.0006,0.0085,-0.0005,0.0114,0.0001,-0.1071,0
1532764,1.0000,0.0006,0.0085,-0.0005,-0.0029,0.0075,-0.1152,0
1532930,1.0000,0.0006,0.0085,-0.0005,-0.0141,0.0054,-0.1200,0
1533097,1.0000,0.0006,0.0085,-0.0005,0.0002,-0.0005,-0.0819,0
1533264,1.0000,0.0006,0.0085,-0.0005,-0.0081,0.0042,-0.1089,0
1533430,1.0000,0.0006,0.0085,-0.0005,0.0021,0.0120,-0.1028,0
1533597,1.0000,0.0006,0.0085,-0.0005,0.0056,0.0023,-0.1239,0
1533764,1.0000,0.0006,0.0085,-0.0005,-0.0052,0.0111,-0.0994,0
1533930,1.0000,0.0006,0.0086,-0.0005,0.0150,0.0103,-0.1093,0
1534097,1.0000,0.0006,0.0085,-0.0005,0.0019,0.0030,-0.0960,0
1534264,1.0000,0.0006,0.0086,-0.0005,-0.0065,-0.0058,-0.1398,0
1534430,1.0000,0.0006,0.0086,-0.0005,-0.0096,-0.0052,-0.1055,0
1534597,1.0000,0.0006,0.0086,-0.0005,-0.0055,-0.0092,-0.1126,0
1534764,1.0000,0.0006,0.0086,-0.0005,0.0121,0.0050,-0.1130,0
1534930,1.0000,0.0006,0.0086,-0.0005,-0.0006,0.0156,-0.1317,0
1535097,1.0000,0.0006,0.0086,-0.0005,0.0043,-0.0032,-0.1076,0
1535264,1.0000,0.0006,0.0086,-0.0005,-0.0068,0.0045,-0.1205,0
1535430,1.0000,0.0006,0.0086,-0.0005,-0.0012,0.0008,-0.1045,0
1535597,1.0000,0.0006,0.0086,-0.0006,-0.0109,0.0019,-0.1067,0
1535764,1.0000,0.0006,0.0086,-0.0006,-0.0049,0.0057,-0.1053,0
1535931,1.0000,0.0006,0.0086,-0.0006,-0.0138,0.0038,-0.1106,0
1536097,1.0000,0.0005,0.0086,-0.0006,0.0088,-0.0058,-0.1153,0
1536264,1.0000,0.0005,0.0086,-0.0006,0.0056,0.0020,-0.1115,0
1536431,1.0000,0.0006,0.0086,-0.0006,-0.0028,0.0112,-0.1096,0
1536597,1.0000,0.0006,0.0086,-0.0006,0.0035,-0.0015,-0.1069,0
1536764,1.0000,0.0006,0.0086,-0.0006,-0.0021,0.0052,-0.1258,0
1536931,1.0000,0.0006,0.0086,-0.0006,0.0013,0.0130,-0.1250,0
1537097,1.0000,0.0006,0.0086,-0.0006,0.0075,0.0015,-0.1115,0
1537264,1.0000,0.0006,0.0086,-0.0006,-0.0044,0.0089,-0.0981,0
1537431,1.0000,0.0006,0.0086,-0.0006,0.0055,-0.0000,-0.1248,0
1537597,1.0000,0.0006,0.0086,-0.0006,0.0032,-0.0044,-0.1115,0
1537764,1.0000,0.0006,0.0086,-0.0006,-0.0099,-0.0028,-0.1085,0
1537931,1.0000,0.0005,0.0086,-0.0006,-0.0081,0.0042,-0.1054,0
1538097,1.0000,0.0005,0.0086,-0.0006,-0.0078,0.0110,-0.1282,0
1538264,1.0000,0.0005,0.0086,-0.0006,-0.0051,-0.0046,-0.1197,0
1538431,1.0000,0.0005,0.0086,-0.0006,0.0036,0.0089,-0.1065,0
1538597,1.0000,0.0006,0.0086,-0.0006,-0.0146,-0.0036,-0.1078,0
1538764,1.0000,0.0006,0.0086,-0.0006,0.0106,-0.0051,-0.1021,0
1538931,1.0000,0.0006,0.0086,-0.0006,-0.0048,-0.0005,-0.1267,0
1539097,1.0000,0.0006,0.0086,-0.0006,0.0007,-0.0027,-0.1159,0
1539264,1.0000,0.0006,0.0086,-0.0006,0.0079,0.0082,-0.0928,0
1539431,1.0000,0.0006,0.0086,-0.0006,-0.0008,0.0017,-0.1076,0
1539597,1.0000,0.0006,0.0086,-0.0006,0.0090,-0.0138,-0.1282,0
1539764,1.0000,0.0006,0.0086,-0.0006,0.0011,0.0113,-0.1144,0
1539931,1.0000,0.0006,0.0086,-0.0006,0.0101,0.0120,-0.1150,0
1540097,1.0000,0.0006,0.0086,-0.0006,-0.0042,-0.0030,-0.1087,0
1540264,1.0000,0.0006,0.0086,-0.0006,0.0065,-0.0047,-0.0984,0
1540431,1.0000,0.0006,0.0086,-0.0006,-0.0025,-0.0098,-0.1206,0
1540597,1.0000,0.0006,0.0086,-0.0006,-0.0024,-0.0038,-0.1065,0
1540764,1.0000,0.0006,0.0086,-0.0006,-0.0075,-0.0082,-0.1090,0
1540931,1.0000,0.0006,0.0086,-0.0006,0.0049,-0.0083,-0.1172,0
1541097,1.0000,0.0006,0.0086,-0.0006,0.0052,0.0041,-0.1238,0
1541264,1.0000,0.0006,0.0086,-0.0006,-0.0029,-0.0068,-0.1239,0
1541431,1.0000,0.0006,0.0086,-0.0006,0.0048,-0.0075,-0.1042,0
1541597,1.0000,0.0006,0.0086,-0.0006,0.0039,-0.0114,-0.1143,0
1541764,1.0000,0.0006,0.0086,-0.0006,-0.0041,-0.0064,-0.1236,0
1541931,1.0000,0.0006,0.0086,-0.0006,0.0037,0.0090,-0.1301,0
1542097,1.0000,0.0006,0.0086,-0.0006,0.0028,-0.0001,-0.1264,0
1542264,1.0000,0.0006,0.0086,-0.0006,0.0111,-0.0042,-0.1135,0
1542431,1.0000,0.0006,0.0086,-0.0006,-0.0037,-0.0106,-0.0970,0
1542597,1.0000,0.0006,0.0086,-0.0006,-0.0005,-0.0023,-0.1053,0
1542764,1.0000,0.0006,0.0086,-0.0006,0.0016,-0.0036,-0.0980,0
1542931,1.0000,0.0006,0.0086,-0.0006,0.0061,0.0110,-0.1088,0
1543097,1.0000,0.0006,0.0086,-0.0006,0.0069,-0.0048,-0.0921,0
1543264,1.0000,0.0006,0.0086,-0.0006,-0.0108,0.0114,-0.1013,0
1543431,1.0000,0.0006,0.0086,-0.0006,0.0058,0.0023,-0.1041,0
1543597,1.0000,0.0006,0.0086,-0.0006,-0.0080,-0.0094,-0.1151,0
1543764,1.0000,0.0006,0.0086,-0.0006,-0.0064,-0.0090,-0.1219,0
1543931,1.0000,0.0005,0.0086,-0.0006,-0.0029,-0.0004,-0.1174,0
1544097,1.0000,0.0006,0.0086,-0.0006,0.0058,0.0215,-0.0918,0
1544264,1.0000,0.0006,0.0086,-0.0006,0.0029,0.0066,-0.1121,0
1544431,1.0000,0.0006,0.0086,-0.0006,-0.0033,0.0071,-0.1000,0
1544597,1.0000,0.0006,0.0086,-0.0006,0.0119,-0.0079,-0.1026,0
1544764,1.0000,0.0006,0.0086,-0.0006,0.0008,0.0043,-0.1255,0
1544931,1.0000,0.0006,0.0086,-0.0006,-0.0022,-0.0076,-0.1183,0
1545097,1.0000,0.0006,0.0086,-0.0006,-0.0005,0.0086,-0.1196,0
1545264,1.0000,0.0006,0.0086,-0.0006,0.0006,0.0051,-0.1111,0
1545431,1.0000,0.0006,0.0086,-0.0006,0.0178,0.0025,-0.1207,0
1545597,1.0000,0.0006,0.0086,-0.0006,0.0078,-0.0026,-0.0950,0
1545764,1.0000,0.0005,0.0086,-0.0006,-0.0005,0.0074,-0.1138,0
1545931,1.0000,0.0006,0.0086,-0.0006,0.0031,0.0052,-0.1236,0
1546097,1.0000,0.0006,0.0086,-0.0006,-0.0059,0.0011,-0.0987,0
1546264,1.0000,0.0005,0.0086,-0.0006,-0.0060,-0.0016,-0.1098,0
1546431,1.0000,0.0005,0.0086,-0.0006,-0.0033,-0.0006,-0.1115,0
1546597,1.0000,0.0006,0.0086,-0.0006,-0.0034,-0.0133,-0.1113,0
1546764,1.0000,0.0006,0.0086,-0.0006,-0.0105,-0.0050,-0.1320,0
1546931,1.0000,0.0005,0.0086,-0.0006,0.0054,0.0026,-0.1181,0
1547097,1.0000,0.0005,0.0086,-0.0006,0.0067,0.0034,-0.1082,0
1547264,1.0000,0.0005,0.0086,-0.0006,0.0004,-0.0065,-0.1242,0
1547431,1.0000,0.0005,0.0086,-0.0006,-0.0016,-0.0194,-0.0840,0
1547597,1.0000,0.0005,0.0086,-0.0006,-0.0043,0.0010,-0.1187,0
1547764,1.0000,0.0005,0.0086,-0.0006,-0.0019,-0.0101,-0.1254,0
1547931,1.0000,0.0005,0.0086,-0.0006,-0.0031,0.0155,-0.1009,0
1548097,1.0000,0.0005,0.0086,-0.0006,-0.0001,-0.0010,-0.1295,0
1548264,1.0000,0.0006,0.0085,-0.0007,0.0012,0.0076,-0.1228,0
1548431,1.0000,0.0006,0.0085,-0.0007,0.0021,-0.0035,-0.1235,0
1548597,1.0000,0.0006,0.0085,-0.0007,-0.0054,0.0109,-0.1106,0
1548764,1.0000,0.0006,0.0085,-0.0007,-0.0053,0.0139,-0.1117,0
1548931,1.0000,0.0006,0.0085,-0.0007,0.0121,-0.0079,-0.1354,0
1549097,1.0000,0.0006,0.0085,-0.0007,0.0003,0.0085,-0.1297,0
1549264,1.0000,0.0006,0.0085,-0.0007,-0.0077,0.0047,-0.1128,0
1549431,1.0000,0.0006,0.0085,-0.0007,-0.0059,-0.0002,-0.0990,0
1549597,1.0000,0.0006,0.0085,-0.0007,0.0053,-0.0029,-0.1203,0
1549764,1.0000,0.0006,0.0085,-0.0007,-0.0025,0.0128,-0.1212,0
1549931,1.0000,0.0006,0.0085,-0.0007,-0.0037,0.0053,-0.1148,0
1550097,1.0000,0.0006,0.0085,-0.0007,-0.0091,-0.0127,-0.1209,0
1550264,1.0000,0.0006,0.0085,-0.0007,-0.0016,-0.0137,-0.0972,0
1550431,1.0000,0.0006,0.0085,-0.0007,-0.0032,0.0013,-0.0981,0
1550597,1.0000,0.0006,0.0085,-0.0007,-0.0093,0.0095,-0.1046,0
1550764,1.0000,0.0006,0.0085,-0.0007,-0.0051,0.0060,-0.1329,0
1550931,1.0000,0.0006,0.0085,-0.0007,-0.0005,-0.0160,-0.0969,0
1551097,1.0000,0.0006,0.0084,-0.0007,0.0009,-0.0093,-0.1525,0
1551264,1.0000,0.0006,0.0084,-0.0007,-0.0027,-0.0047,-0.1034,0
1551431,1.0000,0.0006,0.0084,-0.0007,0.0047,0.0105,-0.1254,0
1551597,1.0000,0.0006,0.0084,-0.0007,0.0020,-0.0074,-0.1172,0
1551764,1.0000,0.0005,0.0084,-0.0007,0.0049,0.0121,-0.1205,0
1551931,1.0000,0.0005,0.0084,-0.0007,-0.0101,-0.0088,-0.1171,0
1552097,1.0000,0.0005,0.0084,-0.0007,0.0067,0.0047,-0.1240,0
1552264,1.0000,0.0006,0.0084,-0.0007,-0.0050,-0.0018,-0.1157,0
1552431,1.0000,0.0006,0.0084,-0.0007,0.0179,-0.0066,-0.1056,0
1552598,1.0000,0.0005,0.0084,-0.0008,0.0015,-0.0130,-0.1158,0
1552764,1.0000,0.0005,0.0084,-0.0008,-0.0015,-0.0058,-0.1092,0
1552931,1.0000,0.0005,0.0084,-0.0008,0.0104,-0.0027,-0.1018,0
1553098,1.0000,0.0005,0.0084,-0.0008,-0.0156,-0.0025,-0.1328,0
1553264,1.0000,0.0005,0.0084,-0.0008,-0.0052,-0.0051,-0.1230,0
1553431,1.0000,0.0005,0.0084,-0.0008,-0.0007,-0.0015,-0.1016,0
1553598,1.0000,0.0005,0.0084,-0.0008,-0.0134,0.0080,-0.1131,0
1553764,1.0000,0.0005,0.0084,-0.0008,-0.0147,-0.0123,-0.0840,0
1553931,1.0000,0.0005,0.0084,-0.0008,-0.0021,0.0006,-0.1090,0
1554098,1.0000,0.0005,0.0084,-0.0008,-0.0049,0.0080,-0.1303,0
1554264,1.0000,0.0005,0.0084,-0.0008,-0.0070,0.0079,-0.1458,0
1554431,1.0000,0.0005,0.0084,-0.0008,0.0041,0.0031,-0.0852,0
1554598,1.0000,0.0006,0.0084,-0.0008,-0.0155,-0.0062,-0.1261,0
1554764,1.0000,0.0006,0.0084,-0.0008,-0.0133,-0.0010,-0.1229,0
1554931,1.0000,0.0006,0.0084,-0.0008,-0.0087,-0.0045,-0.1130,0
1555098,1.0000,0.0006,0.0084,-0.0008,-0.0121,0.0096,-0.1002,0
1555264,1.0000,0.0006,0.0083,-0.0008,-0.0019,-0.0024,-0.1205,0
1555431,1.0000,0.0006,0.0083,-0.0008,-0.0108,0.0051,-0.0988,0
1555598,1.0000,0.0006,0.0083,-0.0008,-0.0048,-0.0001,-0.0998,0
1555764,1.0000,0.0006,0.0083,-0.0008,-0.0033,-0.0065,-0.1100,0
1555931,1.0000,0.0006,0.0083,-0.0008,-0.0006,-0.0168,-0.1087,0
1556098,1.0000,0.0006,0.0083,-0.0008,0.0052,0.0031,-0.1204,0
1556264,1.0000,0.0006,0.0084,-0.0008,-0.0019,-0.0029,-0.1202,0
1556431,1.0000,0.0006,0.0084,-0.0008,0.0114,-0.0075,-0.1052,0
1556598,1.0000,0.0006,0.0083,-0.0008,-0.0195,0.0039,-0.1166,0
1556764,1.0000,0.0006,0.0083,-0.0008,-0.0055,-0.0016,-0.1199,0
1556931,1.0000,0.0006,0.0083,-0.0008,-0.0102,0.0027,-0.1077,0
1557098,1.0000,0.0006,0.0083,-0.0008,-0.0020,0.0011,-0.0747,0
1557264,1.0000,0.0006,0.0083,-0.0008,0.0059,-0.0074,-0.0975,0
1557431,1.0000,0.0006,0.0083,-0.0008,0.0029,-0.0128,-0.1003,0
1557598,1.0000,0.0006,0.0083,-0.0008,0.0016,-0.0104,-0.1219,0
1557764,1.0000,0.0006,0.0083,-0.0008,-0.0063,0.0022,-0.1223,0
1557931,1.0000,0.0006,0.0083,-0.0008,0.0007,-0.0006,-0.0985,0
1558098,1.0000,0.0006,0.0083,-0.0008,-0.0008,-0.0075,-0.0960,0
1558264,1.0000,0.0006,0.0083,-0.0008,-0.0056,0.0057,-0.1117,0
1558431,1.0000,0.0006,0.0083,-0.0008,-0.0191,-0.0054,-0.1039,0
1558598,1.0000,0.0006,0.0083,-0.0008,-0.0013,-0.0102,-0.1015,0
1558764,1.0000,0.0006,0.0083,-0.0008,0.0036,-0.0016,-0.1083,0
1558931,1.0000,0.0006,0.0083,-0.0008,-0.0061,-0.0044,-0.1142,0
1559098,1.0000,0.0006,0.0083,-0.0008,-0.0083,0.0001,-0.1161,0
1559264,1.0000,0.0006,0.0083,-0.0008,-0.0024,-0.0000,-0.0979,0
1559431,1.0000,0.0006,0.0083,-0.0008,-0.0120,-0.0142,-0.1124,0
1559598,1.0000,0.0006,0.0082,-0.0008,-0.0065,-0.0066,-0.1273,0
1559764,1.0000,0.0006,0.0082,-0.0008,0.0003,-0.0039,-0.1111,0
1559931,1.0000,0.0005,0.0082,-0.0008,-0.0082,-0.0061,-0.1218,0
1560098,1.0000,0.0005,0.0082,-0.0008,-0.0044,-0.0210,-0.1245,0
1560264,1.0000,0.0005,0.0082,-0.0008,0.0002,-0.0020,-0.1079,0
1560431,1.0000,0.0005,0.0082,-0.0008,-0.0102,0.0059,-0.1239,0
1560598,1.0000,0.0005,0.0082,-0.0008,-0.0063,-0.0021,-0.0954,0
1560764,1.0000,0.0005,0.0082,-0.0008,-0.0089,-0.0013,-0.1061,0
1560931,1.0000,0.0005,0.0082,-0.0008,-0.0035,-0.0015,-0.1043,0
1561098,1.0000,0.0005,0.0082,-0.0008,-0.0105,0.0074,-0.1152,0
1561264,1.0000,0.0005,0.0082,-0.0008,0.0069,-0.0071,-0.1192,0
1561431,1.0000,0.0005,0.0082,-0.0008,-0.0032,-0.0106,-0.1091,0
1561598,1.0000,0.0005,0.0082,-0.0008,-0.0021,-0.0072,-0.1205,0
1561764,1.0000,0.0005,0.0082,-0.0009,-0.0017,-0.0041,-0.1170,0
1561931,1.0000,0.0005,0.0082,-0.0009,-0.0111,-0.0065,-0.1203,0
1562098,1.0000,0.0005,0.0082,-0.0008,-0.0134,0.0037,-0.1355,0
1562264,1.0000,0.0005,0.0082,-0.0009,0.0036,0.0200,-0.1291,0
1562431,1.0000,0.0005,0.0082,-0.0009,-0.0162,0.0024,-0.0925,0
1562598,1.0000,0.0005,0.0082,-0.0009,-0.0125,0.0041,-0.1383,0
1562764,1.0000,0.0005,0.0082,-0.0009,-0.0106,-0.0016,-0.1212,0
1562931,1.0000,0.0005,0.0082,-0.0009,-0.0046,0.0015,-0.1228,0
1563098,1.0000,0.0005,0.0082,-0.0009,-0.0108,-0.0055,-0.1203,0
1563264,1.0000,0.0005,0.0082,-0.0009,0.0022,-0.0043,-0.1305,0
1563431,1.0000,0.0005,0.0082,-0.0009,-0.0072,-0.0067,-0.0992,0
1563598,1.0000,0.0005,0.0082,-0.0009,0.0053,-0.0021,-0.1086,0
1563764,1.0000,0.0006,0.0082,-0.0009,-0.0040,0.0007,-0.1085,0
1563931,1.0000,0.0006,0.0082,-0.0009,-0.0140,-0.0096,-0.1104,0
1564098,1.0000,0.0006,0.0082,-0.0009,-0.0262,-0.0104,-0.1174,0
1564264,1.0000,0.0006,0.0082,-0.0009,0.0044,0.0004,-0.1077,0
1564431,1.0000,0.0006,0.0082,-0.0009,0.0061,-0.0128,-0.1078,0
1564598,1.0000,0.0006,0.0082,-0.0009,-0.0073,-0.0042,-0.1049,0
1564764,1.0000,0.0006,0.0082,-0.0009,-0.0027,-0.0073,-0.1143,0
1564931,1.0000,0.0006,0.0082,-0.0009,-0.0030,-0.0084,-0.1134,0
1565098,1.0000,0.0006,0.0082,-0.0009,0.0094,-0.0013,-0.1011,0
1565264,1.0000,0.0006,0.0082,-0.0009,-0.0144,-0.0022,-0.1221,0
1565431,1.0000,0.0006,0.0082,-0.0009,-0.0067,-0.0030,-0.1203,0
1565598,1.0000,0.0006,0.0082,-0.0009,0.0012,0.0012,-0.1112,0
1565764,1.0000,0.0006,0.0082,-0.0009,-0.0064,0.0027,-0.1102,0
1565931,1.0000,0.0006,0.0082,-0.0009,-0.0001,0.0015,-0.1318,0
1566098,1.0000,0.0006,0.0082,-0.0009,-0.0151,-0.0039,-0.1054,0
1566264,1.0000,0.0006,0.0082,-0.0009,-0.0027,-0.0063,-0.1148,0
1566431,1.0000,0.0006,0.0082,-0.0009,-0.0057,-0.0061,-0.1046,0
1566598,1.0000,0.0006,0.0082,-0.0009,-0.0078,-0.0088,-0.1181,0
1566764,1.0000,0.0006,0.0082,-0.0009,-0.0094,-0.0288,-0.0947,0
1566931,1.0000,0.0006,0.0082,-0.0009,-0.0195,0.0025,-0.1006,0
1567098,1.0000,0.0006,0.0082,-0.0009,-0.0185,-0.0060,-0.1173,0
1567264,1.0000,0.0006,0.0082,-0.0009,-0.0104,-0.0042,-0.1000,0
1567431,1.0000,0.0006,0.0081,-0.0009,-0.0074,0.0013,-0.1184,0
1567598,1.0000,0.0006,0.0081,-0.0009,-0.0082,-0.0175,-0.1115,0
1567764,1.0000,0.0006,0.0081,-0.0009,-0.0193,0.0249,-0.1264,0
1567931,1.0000,0.0006,0.0081,-0.0009,0.0048,0.0366,-0.1076,0
1568098,1.0000,0.0006,0.0082,-0.0009,-0.0242,-0.0403,-0.0964,0
1568264,1.0000,0.0006,0.0085,-0.0009,-0.0416,-0.0119,-0.1383,0
1568431,1.0000,0.0006,0.0085,-0.0009,0.0319,0.0095,-0.0979,0
1568598,1.0000,0.0006,0.0085,-0.0009,0.0115,0.0253,-0.1381,0
1568764,1.0000,0.0006,0.0085,-0.0009,-0.0038,-0.0055,-0.1107,0
1568931,1.0000,0.0006,0.0085,-0.0009,-0.0232,-0.0271,-0.0928,0
1569098,1.0000,0.0006,0.0085,-0.0009,0.0145,-0.0026,-0.1315,0
1569265,1.0000,0.0006,0.0085,-0.0009,0.0284,0.0262,-0.1077,0
1569431,1.0000,0.0006,0.0085,-0.0009,-0.0144,0.0174,-0.1106,0
1569598,1.0000,0.0006,0.0085,-0.0009,-0.0154,-0.0212,-0.1357,0
1569765,1.0000,0.0006,0.0085,-0.0009,-0.0117,0.0036,-0.0891,0
1569931,1.0000,0.0006,0.0085,-0.0009,0.0238,0.0058,-0.1075,0
1570098,1.0000,0.0006,0.0085,-0.0009,0.0180,0.0141,-0.1353,0
1570265,1.0000,0.0006,0.0085,-0.0009,-0.0348,-0.0176,-0.0710,0
1570431,1.0000,0.0006,0.0085,-0.0009,-0.0180,-0.0244,-0.1321,0
1570598,1.0000,0.0006,0.0085,-0.0009,0.0014,-0.0075,-0.1091,0
1570765,1.0000,0.0006,0.0085,-0.0009,0.0060,0.0134,-0.1010,0
1570931,1.0000,0.0006,0.0085,-0.0009,-0.0176,-0.0270,-0.1311,0
1571098,1.0000,0.0006,0.0084,-0.0009,-0.0211,-0.0214,-0.1058,0
1571265,1.0000,0.0006,0.0084,-0.0009,-0.0024,0.0040,-0.1263,0
1571431,1.0000,0.0006,0.0084,-0.0009,0.0128,0.0122,-0.1492,0
1571598,1.0000,0.0006,0.0084,-0.0009,0.0023,-0.0010,-0.0892,0
1571765,1.0000,0.0006,0.0084,-0.0009,-0.0198,-0.0111,-0.0890,0
1571931,1.0000,0.0006,0.0084,-0.0009,-0.0023,-0.0008,-0.1114,0
1572098,1.0000,0.0006,0.0084,-0.0009,0.0079,0.0123,-0.1080,0
1572265,1.0000,0.0006,0.0084,-0.0009,0.0003,0.0018,-0.0988,0
1572431,1.0000,0.0006,0.0084,-0.0009,-0.0256,-0.0230,-0.1332,0
1572598,1.0000,0.0006,0.0084,-0.0009,0.0012,-0.0081,-0.1064,0
1572765,1.0000,0.0006,0.0084,-0.0009,0.0082,0.0041,-0.1438,0
1572931,1.0000,0.0006,0.0084,-0.0009,0.0091,-0.0009,-0.0965,0
1573098,1.0000,0.0006,0.0084,-0.0009,-0.0105,-0.0102,-0.1021,0
1573265,1.0000,0.0006,0.0084,-0.0009,-0.0149,-0.0059,-0.1131,0
1573431,1.0000,0.0006,0.0084,-0.0009,-0.0007,0.0185,-0.1102,0
1573598,1.0000,0.0006,0.0084,-0.0009,0.0142,0.0080,-0.1142,0
1573765,1.0000,0.0006,0.0084,-0.0009,-0.0133,-0.0063,-0.1082,0
1573931,1.0000,0.0006,0.0084,-0.0009,-0.0147,-0.0176,-0.1147,0
1574098,1.0000,0.0006,0.0084,-0.0009,-0.0044,-0.0209,-0.0912,0
1574265,1.0000,0.0006,0.0084,-0.0009,0.0075,0.0008,-0.1155,0
1574431,1.0000,0.0006,0.0084,-0.0009,0.0040,0.0057,-0.1166,0
1574598,1.0000,0.0006,0.0084,-0.0009,-0.0147,-0.0171,-0.0933,0
1574765,1.0000,0.0006,0.0084,-0.0009,-0.0088,-0.0114,-0.1042,0
1574931,1.0000,0.0006,0.0084,-0.0009,0.0257,-0.0025,-0.1250,0
1575098,1.0000,0.0006,0.0084,-0.0009,0.0201,0.0094,-0.1318,0
1575265,1.0000,0.0006,0.0084,-0.0010,-0.0074,-0.0049,-0.1108,0
1575431,1.0000,0.0006,0.0084,-0.0009,-0.0184,-0.0158,-0.1148,0
1575598,1.0000,0.0006,0.0084,-0.0010,0.0051,-0.0137,-0.1086,0
1575765,1.0000,0.0006,0.0084,-0.0009,-0.0009,0.0014,-0.1163,0
1575931,1.0000,0.0006,0.0084,-0.0009,-0.0040,0.0041,-0.1201,0
1576098,1.0000,0.0006,0.0084,-0.0010,-0.0249,-0.0117,-0.1068,0
1576265,1.0000,0.0006,0.0084,-0.0010,0.0024,0.0070,-0.0847,0
1576431,1.0000,0.0006,0.0083,-0.0010,0.0115,-0.0039,-0.1060,0
1576598,1.0000,0.0006,0.0083,-0.0010,0.0207,-0.0202,-0.1053,0
1576765,1.0000,0.0006,0.0083,-0.0010,-0.0259,-0.0163,-0.1054,0
1576931,1.0000,0.0006,0.0083,-0.0010,-0.0108,-0.0092,-0.1007,0
1577098,1.0000,0.0006,0.0083,-0.0010,0.0062,-0.0049,-0.1085,0
1577265,1.0000,0.0006,0.0083,-0.0010,0.0041,0.0010,-0.1077,0
1577431,1.0000,0.0006,0.0083,-0.0010,-0.0063,-0.0102,-0.1068,0
1577598,1.0000,0.0006,0.0083,-0.0010,-0.0108,-0.0146,-0.1016,0
1577765,1.0000,0.0006,0.0083,-0.0010,-0.0140,-0.0014,-0.1138,0
1577931,1.0000,0.0006,0.0083,-0.0010,0.0047,-0.0035,-0.1300,0
1578098,1.0000,0.0006,0.0083,-0.0010,0.0040,-0.0157,-0.1034,0
1578265,1.0000,0.0006,0.0083,-0.0010,-0.0185,-0.0175,-0.1154,0
1578431,1.0000,0.0006,0.0083,-0.0010,-0.0239,-0.0015,-0.1075,0
1578598,1.0000,0.0006,0.0083,-0.0010,-0.0124,-0.0013,-0.1391,0
1578765,1.0000,0.0006,0.0083,-0.0010,0.0141,-0.0053,-0.0835,0
1578931,1.0000,0.0006,0.0083,-0.0010,-0.0045,-0.0005,-0.1158,0
1579098,1.0000,0.0006,0.0083,-0.0010,-0.0056,-0.0079,-0.0955,0
1579265,1.0000,0.0006,0.0083,-0.0010,-0.0040,0.0163,-0.1037,0
1579431,1.0000,0.0006,0.0083,-0.0010,-0.0071,-0.0133,-0.1369,0
1579598,1.0000,0.0006,0.0083,-0.0010,0.0032,0.0092,-0.1185,0
1579765,1.0000,0.0006,0.0083,-0.0010,-0.0027,-0.0065,-0.1089,0
1579931,1.0000,0.0006,0.0082,-0.0010,-0.0023,-0.0266,-0.1184,0
1580098,1.0000,0.0006,0.0082,-0.0010,0.0123,-0.0031,-0.1277,0
1580265,1.0000,0.0006,0.0082,-0.0010,-0.0133,-0.0199,-0.1163,0
1580431,1.0000,0.0006,0.0082,-0.0010,-0.0065,-0.0163,-0.1251,0
1580598,1.0000,0.0006,0.0082,-0.0010,-0.0134,-0.0063,-0.0953,0
1580765,1.0000,0.0006,0.0082,-0.0009,0.0040,0.0057,-0.1012,0
1580931,1.0000,0.0006,0.0082,-0.0009,-0.0047,-0.0030,-0.0851,0
1581098,1.0000,0.0006,0.0082,-0.0009,-0.0106,-0.0119,-0.1152,0
1581265,1.0000,0.0006,0.0082,-0.0010,-0.0056,0.0167,-0.1154,0
1581431,1.0000,0.0006,0.0082,-0.0010,-0.0054,0.0044,-0.0999,0
1581598,1.0000,0.0006,0.0082,-0.0010,-0.0094,-0.0325,-0.1169,0
1581765,1.0000,0.0006,0.0082,-0.0010,-0.0212,0.0084,-0.1143,0
1581931,1.0000,0.0006,0.0082,-0.0010,0.0087,-0.0245,-0.1112,0
1582098,1.0000,0.0006,0.0082,-0.0010,0.0035,0.0008,-0.1141,0
1582265,1.0000,0.0006,0.0082,-0.0010,-0.0005,-0.0032,-0.1003,0
1582431,1.0000,0.0006,0.0082,-0.0010,-0.0046,-0.0180,-0.1146,0
1582598,1.0000,0.0006,0.0082,-0.0010,-0.0056,-0.0086,-0.1478,0
1582765,1.0000,0.0006,0.0082,-0.0010,0.0112,-0.0036,-0.0896,0
1582931,1.0000,0.0006,0.0082,-0.0010,-0.0020,-0.0198,-0.1303,0
1583098,1.0000,0.0006,0.0082,-0.0010,0.0007,-0.0161,-0.0758,0
1583265,1.0000,0.0006,0.0082,-0.0010,-0.0115,0.0015,-0.0948,0
1583431,1.0000,0.0006,0.0082,-0.0010,0.0314,0.0066,-0.1254,0
1583598,1.0000,0.0006,0.0082,-0.0010,0.0219,-0.0046,-0.1039,0
1583765,1.0000,0.0006,0.0082,-0.0010,-0.0178,-0.0224,-0.1300,0
1583931,1.0000,0.0006,0.0082,-0.0010,-0.0049,-0.0126,-0.1047,0
1584098,1.0000,0.0006,0.0082,-0.0010,0.0061,0.0124,-0.0968,0
1584265,1.0000,0.0006,0.0082,-0.0010,0.0172,0.0037,-0.0789,0
1584431,1.0000,0.0006,0.0082,-0.0010,-0.0088,-0.0049,-0.1332,0
1584598,1.0000,0.0006,0.0082,-0.0010,-0.0089,0.0034,-0.0918,0
1584765,1.0000,0.0006,0.0082,-0.0010,0.0171,-0.0132,-0.1306,0
1584931,1.0000,0.0006,0.0082,-0.0010,0.0058,0.0129,-0.0891,0
1585098,1.0000,0.0006,0.0082,-0.0009,-0.0173,-0.0082,-0.1112,0
1585265,1.0000,0.0007,0.0082,-0.0009,-0.0151,-0.0091,-0.1148,0
1585431,1.0000,0.0007,0.0082,-0.0010,-0.0020,0.0074,-0.1267,0
1585598,1.0000,0.0007,0.0082,-0.0010,0.0138,-0.0111,-0.1273,0
1585765,1.0000,0.0007,0.0082,-0.0010,-0.0006,-0.0071,-0.1382,0
1585932,1.0000,0.0007,0.0082,-0.0010,-0.0154,-0.0047,-0.0977,0
1586098,1.0000,0.0007,0.0082,-0.0010,-0.0102,-0.0169,-0.0981,0
1586265,1.0000,0.0007,0.0082,-0.0010,-0.0060,0.0032,-0.1343,0
1586432,1.0000,0.0007,0.0082,-0.0010,0.0022,-0.0122,-0.0958,0
1586598,1.0000,0.0007,0.0082,-0.0010,-0.0097,-0.0229,-0.1243,0
1586765,1.0000,0.0007,0.0082,-0.0010,-0.0077,0.0051,-0.1178,0
1586932,1.0000,0.0007,0.0082,-0.0010,0.0039,-0.0189,-0.1238,0
1587098,1.0000,0.0007,0.0082,-0.0010,-0.0008,0.0010,-0.1205,0
1587265,1.0000,0.0007,0.0082,-0.0010,-0.0018,-0.0187,-0.0968,0
1587432,1.0000,0.0007,0.0082,-0.0010,-0.0150,-0.0165,-0.1104,0
1587598,1.0000,0.0007,0.0082,-0.0010,0.0033,0.0106,-0.1208,0
1587765,1.0000,0.0007,0.0082,-0.0010,0.0020,0.0042,-0.1243,0
1587932,1.0000,0.0007,0.0082,-0.0010,-0.0064,-0.0191,-0.1179,0
1588098,1.0000,0.0007,0.0082,-0.0010,-0.0131,-0.0153,-0.0975,0
1588265,1.0000,0.0006,0.0084,-0.0010,0.0068,0.0022,-0.1155,0
1588432,1.0000,0.0006,0.0084,-0.0010,-0.0086,0.0004,-0.0989,0
1588598,1.0000,0.0006,0.0084,-0.0010,0.0034,-0.0037,-0.1313,0
1588765,1.0000,0.0006,0.0084,-0.0010,-0.0146,-0.0015,-0.1165,0
1588932,1.0000,0.0006,0.0084,-0.0010,-0.0172,-0.0040,-0.1007,0
1589098,1.0000,0.0006,0.0084,-0.0010,-0.0045,-0.0009,-0.1253,0
1589265,1.0000,0.0006,0.0084,-0.0010,-0.0026,-0.0219,-0.1071,0
1589432,1.0000,0.0006,0.0084,-0.0010,-0.0061,-0.0011,-0.1080,0
1589598,1.0000,0.0006,0.0084,-0.0010,0.0032,-0.0078,-0.1276,0
1589765,1.0000,0.0006,0.0084,-0.0010,0.0076,-0.0042,-0.1131,0
1589932,1.0000,0.0006,0.0084,-0.0010,-0.0100,0.0252,-0.1218,0
1590098,1.0000,0.0006,0.0084,-0.0010,0.0074,-0.0108,-0.0956,0
1590265,1.0000,0.0005,0.0083,-0.0010,-0.0076,0.0025,-0.1300,0
1590432,1.0000,0.0006,0.0083,-0.0010,-0.0058,-0.0058,-0.1093,0
1590598,1.0000,0.0006,0.0083,-0.0010,0.0062,-0.0107,-0.1206,0
1590765,1.0000,0.0006,0.0083,-0.0010,0.0131,-0.0141,-0.1149,0
1590932,1.0000,0.0005,0.0083,-0.0010,0.0002,-0.0039,-0.1158,0
1591098,1.0000,0.0006,0.0083,-0.0010,-0.0052,-0.0032,-0.1045,0
1591265,1.0000,0.0006,0.0083,-0.0010,0.0009,0.0022,-0.1145,0
1591432,1.0000,0.0006,0.0083,-0.0010,-0.0003,0.0118,-0.1052,0
1591598,1.0000,0.0006,0.0083,-0.0010,0.0006,-0.0129,-0.1081,0
1591765,1.0000,0.0006,0.0083,-0.0010,-0.0036,0.0022,-0.1040,0
1591932,1.0000,0.0006,0.0083,-0.0010,-0.0057,0.0192,-0.0954,0
1592098,1.0000,0.0006,0.0083,-0.0010,0.0039,0.0072,-0.1058,0
1592265,1.0000,0.0006,0.0083,-0.0010,-0.0036,-0.0004,-0.1308,0
1592432,1.0000,0.0006,0.0083,-0.0010,0.0056,-0.0070,-0.0955,0
1592598,1.0000,0.0006,0.0083,-0.0010,0.0172,-0.0128,-0.1170,0
1592765,1.0000,0.0006,0.0083,-0.0010,-0.0107,-0.0113,-0.0951,0
1592932,1.0000,0.0006,0.0083,-0.0010,-0.0027,-0.0051,-0.1215,0
1593098,1.0000,0.0006,0.0083,-0.0010,0.0048,-0.0260,-0.0846,0
1593265,1.0000,0.0006,0.0083,-0.0010,0.0085,0.0184,-0.1240,0
1593432,1.0000,0.0006,0.0083,-0.0009,0.0057,-0.0147,-0.0945,0
1593598,1.0000,0.0006,0.0083,-0.0009,-0.0301,-0.0078,-0.1283,0
1593765,1.0000,0.0006,0.0083,-0.0009,0.0033,0.0006,-0.0965,0
1593932,1.0000,0.0006,0.0083,-0.0010,0.0260,-0.0034,-0.1126,0
1594098,1.0000,0.0006,0.0083,-0.0010,-0.0032,0.0005,-0.1394,0
1594265,1.0000,0.0006,0.0083,-0.0010,-0.0255,0.0064,-0.0885,0
1594432,1.0000,0.0006,0.0083,-0.0010,-0.0272,-0.0096,-0.1026,0
1594598,1.0000,0.0006,0.0083,-0.0010,-0.0171,0.0065,-0.1292,0
1594765,1.0000,0.0006,0.0083,-0.0010,0.0310,0.0138,-0.0824,0
1594932,1.0000,0.0006,0.0083,-0.0010,0.0109,-0.0035,-0.1430,0
1595098,1.0000,0.0006,0.0083,-0.0010,-0.0005,-0.0216,-0.1168,0
1595265,1.0000,0.0006,0.0083,-0.0010,-0.0140,0.0080,-0.0834,0
1595432,1.0000,0.0006,0.0083,-0.0010,0.0029,-0.0139,-0.1327,0
1595598,1.0000,0.0005,0.0083,-0.0010,-0.0058,-0.0038,-0.1161,0
1595765,1.0000,0.0006,0.0083,-0.0010,-0.0086,-0.0035,-0.0948,0
1595932,1.0000,0.0006,0.0083,-0.0010,0.0053,-0.0237,-0.1314,0
1596098,1.0000,0.0006,0.0083,-0.0010,-0.0120,0.0076,-0.0951,0
1596265,1.0000,0.0006,0.0083,-0.0009,0.0038,0.0001,-0.0962,0
1596432,1.0000,0.0005,0.0083,-0.0010,0.0024,-0.0212,-0.1315,0
1596598,1.0000,0.0006,0.0083,-0.0010,-0.0092,0.0102,-0.0829,0
1596765,1.0000,0.0006,0.0083,-0.0009,-0.0053,0.0001,-0.1180,0
1596932,1.0000,0.0006,0.0083,-0.0009,0.0030,-0.0109,-0.0989,0
1597098,1.0000,0.0006,0.0083,-0.0010,-0.0131,-0.0030,-0.1230,0
1597265,1.0000,0.0006,0.0083,-0.0010,-0.0190,0.0112,-0.1005,0
1597432,1.0000,0.0006,0.0083,-0.0010,0.0010,0.0005,-0.1333,0
1597598,1.0000,0.0006,0.0083,-0.0010,-0.0196,-0.0114,-0.1113,0
1597765,1.0000,0.0006,0.0082,-0.0010,-0.0099,0.0020,-0.1073,0
1597932,1.0000,0.0006,0.0082,-0.0010,0.0092,-0.0020,-0.1260,0
1598098,1.0000,0.0006,0.0082,-0.0010,-0.0077,-0.0114,-0.0947,0
1598265,1.0000,0.0006,0.0082,-0.0010,-0.0144,0.0022,-0.1245,0
1598432,1.0000,0.0006,0.0082,-0.0010,0.0054,-0.0156,-0.0958,0
1598598,1.0000,0.0006,0.0082,-0.0010,-0.0054,0.0058,-0.1558,0
1598765,1.0000,0.0006,0.0082,-0.0010,-0.0020,-0.0003,-0.0949,0
1598932,1.0000,0.0006,0.0082,-0.0010,0.0014,-0.0089,-0.1135,0
1599098,1.0000,0.0006,0.0082,-0.0010,-0.0079,-0.0086,-0.1187,0
1599265,1.0000,0.0006,0.0082,-0.0010,-0.0169,0.0004,-0.1085,0
1599432,1.0000,0.0006,0.0082,-0.0010,-0.0198,-0.0070,-0.1458,0
1599598,1.0000,0.0006,0.0082,-0.0010,0.0071,0.0017,-0.1047,0
1599765,1.0000,0.0006,0.0082,-0.0010,0.0149,-0.0171,-0.1068,0
1599932,1.0000,0.0006,0.0082,-0.0010,-0.0225,-0.0115,-0.1243,0
1600098,1.0000,0.0006,0.0082,-0.0010,-0.0034,0.0009,-0.1245,0
1600265,1.0000,0.0006,0.0082,-0.0010,0.0120,0.0016,-0.1198,0
1600432,1.0000,0.0006,0.0082,-0.0010,0.0038,-0.0134,-0.0992,0
1600598,1.0000,0.0006,0.0082,-0.0010,-0.0291,0.0003,-0.0914,0
1600765,1.0000,0.0006,0.0082,-0.0010,-0.0138,-0.0003,-0.1113,0
1600932,1.0000,0.0006,0.0082,-0.0010,0.0103,0.0004,-0.1185,0
1601098,1.0000,0.0006,0.0082,-0.0010,0.0109,0.0009,-0.1000,0
1601265,1.0000,0.0006,0.0082,-0.0010,-0.0049,-0.0147,-0.1131,0
1601432,1.0000,0.0006,0.0082,-0.0010,-0.0133,-0.0132,-0.0819,0
1601598,1.0000,0.0006,0.0082,-0.0010,-0.0076,-0.0079,-0.1198,0
1601765,1.0000,0.0006,0.0082,-0.0010,0.0176,-0.0150,-0.1189,0
1601932,1.0000,0.0006,0.0082,-0.0010,0.0023,0.0030,-0.1155,0
1602098,1.0000,0.0006,0.0082,-0.0010,-0.0108,-0.0051,-0.1141,0
1602265,1.0000,0.0006,0.0082,-0.0010,-0.0256,-0.0133,-0.1417,0
1602432,1.0000,0.0006,0.0082,-0.0010,0.0126,0.0121,-0.0891,0
1602599,1.0000,0.0006,0.0082,-0.0010,0.0094,-0.0012,-0.1123,0
1602765,1.0000,0.0006,0.0082,-0.0010,-0.0105,-0.0085,-0.0884,0
1602932,1.0000,0.0006,0.0082,-0.0010,-0.0122,-0.0035,-0.1001,0
1603099,1.0000,0.0006,0.0082,-0.0010,0.0036,-0.0028,-0.1088,0
1603265,1.0000,0.0006,0.0082,-0.0010,0.0138,0.0033,-0.1199,0
1603432,1.0000,0.0006,0.0082,-0.0010,-0.0068,-0.0100,-0.1225,0
1603599,1.0000,0.0006,0.0081,-0.0010,-0.0145,-0.0047,-0.1140,0
1603765,1.0000,0.0006,0.0081,-0.0010,0.0006,-0.0006,-0.1035,0
1603932,1.0000,0.0006,0.0081,-0.0010,0.0044,0.0014,-0.1198,0
1604099,1.0000,0.0006,0.0081,-0.0010,-0.0009,-0.0190,-0.1142,0
1604265,1.0000,0.0006,0.0081,-0.0010,-0.0151,-0.0212,-0.1039,0
1604432,1.0000,0.0006,0.0081,-0.0010,0.0068,-0.0149,-0.1084,0
1604599,1.0000,0.0006,0.0081,-0.0010,0.0118,-0.0011,-0.1044,0
1604765,1.0000,0.0006,0.0081,-0.0010,-0.0162,0.0074,-0.1091,0
1604932,1.0000,0.0006,0.0081,-0.0010,-0.0176,-0.0237,-0.1050,0
1605099,1.0000,0.0006,0.0081,-0.0010,-0.0166,0.0066,-0.0983,0
1605265,1.0000,0.0006,0.0081,-0.0010,0.0156,0.0022,-0.1246,0
1605432,1.0000,0.0006,0.0081,-0.0010,-0.0031,-0.0019,-0.1006,0
1605599,1.0000,0.0006,0.0081,-0.0010,-0.0200,-0.0184,-0.1229,0
1605765,1.0000,0.0006,0.0081,-0.0010,-0.0068,-0.0033,-0.1098,0
1605932,1.0000,0.0006,0.0081,-0.0010,-0.0065,0.0001,-0.1173,0
1606099,1.0000,0.0006,0.0081,-0.0010,0.0071,-0.0102,-0.1004,0
1606265,1.0000,0.0006,0.0081,-0.0010,-0.0078,-0.0016,-0.1171,0
1606432,1.0000,0.0006,0.0081,-0.0010,-0.0174,-0.0099,-0.1016,0
1606599,1.0000,0.0006,0.0081,-0.0010,-0.0025,-0.0057,-0.1154,0
1606765,1.0000,0.0005,0.0081,-0.0010,-0.0005,0.0000,-0.1171,0
1606932,1.0000,0.0005,0.0081,-0.0010,-0.0009,0.0050,-0.1117,0
1607099,1.0000,0.0005,0.0081,-0.0010,0.0095,-0.0097,-0.1205,0
1607265,1.0000,0.0005,0.0081,-0.0010,-0.0018,0.0003,-0.0992,0
1607432,1.0000,0.0005,0.0081,-0.0010,-0.0118,0.0033,-0.0994,0
1607599,1.0000,0.0005,0.0081,-0.0010,-0.0115,-0.0061,-0.1045,0
1607765,1.0000,0.0005,0.0081,-0.0010,0.0070,-0.0019,-0.0989,0
1607932,1.0000,0.0005,0.0081,-0.0010,-0.0088,-0.0145,-0.1127,0
1608099,1.0000,0.0005,0.0081,-0.0010,-0.0143,0.0040,-0.1160,0
1608265,1.0000,0.0006,0.0083,-0.0010,0.0088,0.0003,-0.0860,0
1608432,1.0000,0.0005,0.0083,-0.0011,0.0121,0.0054,-0.1260,0
1608599,1.0000,0.0005,0.0083,-0.0011,-0.0117,-0.0192,-0.1181,0
1608765,1.0000,0.0005,0.0083,-0.0011,-0.0067,-0.0029,-0.0977,0
1608932,1.0000,0.0005,0.0083,-0.0010,0.0045,-0.0050,-0.1295,0
1609099,1.0000,0.0005,0.0083,-0.0010,0.0041,0.0046,-0.1194,0
1609265,1.0000,0.0005,0.0083,-0.0010,0.0028,0.0015,-0.1262,0
1609432,1.0000,0.0005,0.0083,-0.0010,-0.0136,0.0066,-0.1199,0
1609599,1.0000,0.0005,0.0083,-0.0010,-0.0008,-0.0016,-0.1185,0
1609765,1.0000,0.0005,0.0083,-0.0010,0.0037,0.0106,-0.1224,0
1609932,1.0000,0.0005,0.0083,-0.0010,0.0122,-0.0101,-0.1303,0
1610099,1.0000,0.0005,0.0083,-0.0011,-0.0055,-0.0176,-0.1240,0
1610265,1.0000,0.0005,0.0083,-0.0011,0.0073,-0.0179,-0.1140,0
1610432,1.0000,0.0005,0.0083,-0.0011,-0.0068,-0.0030,-0.1116,0
1610599,1.0000,0.0005,0.0083,-0.0011,-0.0095,-0.0060,-0.1178,0
1610765,1.0000,0.0006,0.0083,-0.0011,0.0041,-0.0091,-0.1112,0
1610932,1.0000,0.0005,0.0083,-0.0011,0.0050,-0.0026,-0.1091,0
1611099,1.0000,0.0005,0.0083,-0.0011,-0.0000,0.0078,-0.1128,0
1611265,1.0000,0.0005,0.0083,-0.0011,-0.0020,-0.0046,-0.1146,0
1611432,1.0000,0.0005,0.0083,-0.0011,0.0024,-0.0372,-0.1044,0
1611599,1.0000,0.0005,0.0083,-0.0011,0.0029,-0.0137,-0.1185,0
1611765,1.0000,0.0005,0.0083,-0.0011,-0.0241,-0.0025,-0.0947,0
1611932,1.0000,0.0005,0.0083,-0.0011,-0.0062,-0.0047,-0.1146,0
1612099,1.0000,0.0005,0.0083,-0.0011,-0.0074,-0.0019,-0.1027,0
1612265,1.0000,0.0005,0.0083,-0.0011,0.0009,-0.0094,-0.1345,0
1612432,1.0000,0.0005,0.0083,-0.0011,-0.0008,-0.0000,-0.0938,0
1612599,1.0000,0.0005,0.0083,-0.0011,-0.0117,-0.0096,-0.0979,0
1612765,1.0000,0.0005,0.0083,-0.0011,-0.0033,-0.0043,-0.1006,0
1612932,1.0000,0.0005,0.0083,-0.0011,0.0162,-0.0057,-0.1197,0
1613099,1.0000,0.0006,0.0083,-0.0011,-0.0091,0.0027,-0.1059,0
1613265,1.0000,0.0006,0.0083,-0.0011,-0.0157,0.0039,-0.1252,0
1613432,1.0000,0.0006,0.0083,-0.0011,0.0006,-0.0150,-0.1307,0
1613599,1.0000,0.0006,0.0083,-0.0012,-0.0049,-0.0154,-0.1230,0
1613765,1.0000,0.0006,0.0083,-0.0012,-0.0025,0.0031,-0.1148,0
1613932,1.0000,0.0006,0.0083,-0.0011,-0.0244,0.0181,-0.1357,0
1614099,1.0000,0.0006,0.0083,-0.0012,0.0084,0.0121,-0.1074,0
1614265,1.0000,0.0005,0.0083,-0.0012,0.0083,-0.0151,-0.1416,0
1614432,1.0000,0.0006,0.0083,-0.0012,-0.0047,-0.0198,-0.0857,0
1614599,1.0000,0.0006,0.0083,-0.0012,-0.0235,0.0046,-0.1058,0
1614765,1.0000,0.0006,0.0083,-0.0012,-0.0088,0.0091,-0.1138,0
1614932,1.0000,0.0006,0.0083,-0.0012,0.0281,0.0010,-0.1223,0
1615099,1.0000,0.0006,0.0083,-0.0011,0.0124,-0.0065,-0.1033,0
1615265,1.0000,0.0006,0.0083,-0.0011,-0.0050,-0.0011,-0.1458,0
1615432,1.0000,0.0006,0.0083,-0.0011,0.0085,-0.0001,-0.0732,0
1615599,1.0000,0.0006,0.0083,-0.0012,0.0078,0.0043,-0.1254,0
1615765,1.0000,0.0006,0.0083,-0.0012,-0.0044,-0.0049,-0.1012,0
1615932,1.0000,0.0006,0.0083,-0.0012,-0.0241,-0.0021,-0.1084,0
1616099,1.0000,0.0006,0.0083,-0.0012,-0.0001,-0.0173,-0.1201,0
1616265,1.0000,0.0006,0.0083,-0.0012,-0.0080,0.0036,-0.1067,0
1616432,1.0000,0.0006,0.0083,-0.0012,0.0127,0.0021,-0.0964,0
1616599,1.0000,0.0006,0.0083,-0.0012,-0.0045,-0.0232,-0.1185,0
1616765,1.0000,0.0006,0.0083,-0.0012,-0.0148,-0.0021,-0.1054,0
1616932,1.0000,0.0006,0.0083,-0.0012,-0.0097,0.0128,-0.1224,0
1617099,1.0000,0.0006,0.0083,-0.0011,-0.0052,-0.0254,-0.1170,0
1617265,1.0000,0.0006,0.0083,-0.0012,0.0089,-0.0102,-0.1070,0
1617432,1.0000,0.0006,0.0083,-0.0011,-0.0020,-0.0054,-0.0958,0
1617599,1.0000,0.0006,0.0083,-0.0011,0.0001,0.0094,-0.1140,0
1617765,1.0000,0.0006,0.0083,-0.0011,-0.0102,-0.0201,-0.1122,0
1617932,1.0000,0.0006,0.0083,-0.0012,0.0001,-0.0048,-0.1419,0
1618099,1.0000,0.0006,0.0083,-0.0012,0.0052,-0.0109,-0.0844,0
1618265,1.0000,0.0006,0.0083,-0.0012,-0.0037,-0.0004,-0.1296,0
1618432,1.0000,0.0006,0.0082,-0.0012,-0.0106,0.0062,-0.0994,0
1618599,1.0000,0.0006,0.0082,-0.0012,-0.0047,-0.0018,-0.1173,0
1618765,1.0000,0.0006,0.0082,-0.0012,0.0010,-0.0037,-0.1229,0
1618932,1.0000,0.0006,0.0082,-0.0012,-0.0072,-0.0083,-0.0786,0
1619099,1.0000,0.0006,0.0082,-0.0012,0.0005,-0.0115,-0.1148,0
1619266,1.0000,0.0006,0.0082,-0.0012,-0.0030,0.0074,-0.1286,0
1619432,1.0000,0.0006,0.0082,-0.0012,-0.0089,-0.0025,-0.1051,0
1619599,1.0000,0.0005,0.0082,-0.0012,-0.0099,0.0094,-0.0949,0
1619766,1.0000,0.0005,0.0082,-0.0012,0.0060,0.0034,-0.1195,0
1619932,1.0000,0.0005,0.0082,-0.0012,0.0031,-0.0013,-0.1139,0
1620099,1.0000,0.0005,0.0082,-0.0012,0.0022,-0.0106,-0.1374,0
1620266,1.0000,0.0005,0.0082,-0.0012,-0.0028,-0.0030,-0.1056,0
1620432,1.0000,0.0005,0.0082,-0.0012,-0.0182,-0.0021,-0.1143,0
1620599,1.0000,0.0005,0.0082,-0.0012,-0.0085,0.0004,-0.1004,0
1620766,1.0000,0.0005,0.0082,-0.0012,0.0086,-0.0106,-0.1137,0
1620932,1.0000,0.0005,0.0082,-0.0012,0.0228,-0.0170,-0.0943,0
1621099,1.0000,0.0005,0.0082,-0.0012,0.0035,-0.0034,-0.1259,0
1621266,1.0000,0.0006,0.0082,-0.0012,-0.0169,-0.0048,-0.0992,0
1621432,1.0000,0.0005,0.0082,-0.0012,-0.0031,-0.0019,-0.1091,0
1621599,1.0000,0.0005,0.0082,-0.0012,-0.0031,-0.0029,-0.1158,0
1621766,1.0000,0.0005,0.0082,-0.0012,0.0025,-0.0036,-0.1142,0
1621932,1.0000,0.0005,0.0082,-0.0012,-0.0144,-0.0113,-0.0930,0
1622099,1.0000,0.0005,0.0082,-0.0012,-0.0144,-0.0032,-0.1149,0
1622266,1.0000,0.0005,0.0082,-0.0012,0.0045,0.0069,-0.1066,0
1622432,1.0000,0.0005,0.0082,-0.0012,0.0030,-0.0150,-0.1057,0
1622599,1.0000,0.0005,0.0082,-0.0012,-0.0086,-0.0110,-0.1195,0
1622766,1.0000,0.0005,0.0082,-0.0012,-0.0092,0.0011,-0.1117,0
1622932,1.0000,0.0005,0.0082,-0.0011,0.0019,-0.0128,-0.1086,0
1623099,1.0000,0.0005,0.0082,-0.0012,0.0111,-0.0144,-0.1051,0
1623266,1.0000,0.0005,0.0082,-0.0012,-0.0001,-0.0081,-0.1119,0
1623432,1.0000,0.0005,0.0082,-0.0012,-0.0140,-0.0065,-0.1166,0
1623599,1.0000,0.0005,0.0082,-0.0012,-0.0199,0.0061,-0.1022,0
1623766,1.0000,0.0005,0.0082,-0.0012,0.0215,-0.0005,-0.1294,0
1623932,1.0000,0.0005,0.0082,-0.0012,0.0110,-0.0136,-0.1246,0
1624099,1.0000,0.0005,0.0082,-0.0012,-0.0114,0.0085,-0.1183,0
1624266,1.0000,0.0005,0.0082,-0.0012,-0.0180,0.0005,-0.1097,0
1624432,1.0000,0.0005,0.0082,-0.0012,0.0022,0.0082,-0.1143,0
1624599,1.0000,0.0005,0.0082,-0.0012,0.0101,-0.0137,-0.1004,0
1624766,1.0000,0.0005,0.0082,-0.0012,-0.0332,-0.0099,-0.1354,0
1624932,1.0000,0.0005,0.0082,-0.0012,-0.0331,-0.0243,-0.1029,0
1625099,1.0000,0.0005,0.0082,-0.0012,0.0269,-0.0089,-0.1213,0
1625266,1.0000,0.0005,0.0082,-0.0012,0.0122,-0.0005,-0.1294,0
1625432,1.0000,0.0005,0.0082,-0.0012,-0.0230,-0.0132,-0.1115,0
1625599,1.0000,0.0005,0.0082,-0.0012,-0.0272,-0.0351,-0.1128,0
1625766,1.0000,0.0005,0.0082,-0.0012,-0.0037,0.0037,-0.1036,0
1625932,1.0000,0.0005,0.0082,-0.0012,0.0288,0.0086,-0.1176,0
1626099,1.0000,0.0005,0.0082,-0.0012,-0.0141,0.0088,-0.1170,0
1626266,1.0000,0.0005,0.0082,-0.0012,-0.0091,-0.0177,-0.1244,0
1626432,1.0000,0.0005,0.0082,-0.0012,-0.0124,-0.0013,-0.0907,0
1626599,1.0000,0.0005,0.0082,-0.0012,-0.0007,0.0148,-0.1277,0
1626766,1.0000,0.0005,0.0082,-0.0012,0.0229,0.0065,-0.0886,0
1626932,1.0000,0.0005,0.0082,-0.0012,-0.0218,-0.0052,-0.1267,0
1627099,1.0000,0.0005,0.0082,-0.0012,-0.0233,-0.0212,-0.0853,0
1627266,1.0000,0.0005,0.0082,-0.0012,-0.0088,0.0127,-0.1107,0
1627432,1.0000,0.0005,0.0082,-0.0012,0.0070,-0.0044,-0.0983,0
1627599,1.0000,0.0005,0.0082,-0.0012,0.0037,-0.0090,-0.1048,0
1627766,1.0000,0.0005,0.0082,-0.0012,-0.0133,-0.0093,-0.1025,0
1627932,1.0000,0.0005,0.0082,-0.0012,-0.0140,0.0107,-0.1264,0
1628099,1.0000,0.0005,0.0082,-0.0012,0.0085,0.0215,-0.1071,0
1628266,1.0000,0.0005,0.0083,-0.0012,-0.0313,-0.0032,-0.0794,0
1628432,1.0000,0.0005,0.0083,-0.0012,-0.0249,-0.0220,-0.1075,0
1628599,1.0000,0.0005,0.0083,-0.0012,0.0149,0.0079,-0.0955,0
1628766,1.0000,0.0005,0.0083,-0.0012,0.0281,0.0050,-0.1390,0
1628932,1.0000,0.0005,0.0083,-0.0012,-0.0003,-0.0083,-0.1029,0
1629099,1.0000,0.0005,0.0083,-0.0012,-0.0275,-0.0131,-0.1299,0
1629266,1.0000,0.0005,0.0083,-0.0012,-0.0008,0.0017,-0.0816,0
1629432,1.0000,0.0005,0.0083,-0.0012,0.0170,0.0260,-0.1291,0
1629599,1.0000,0.0005,0.0083,-0.0012,0.0051,0.0033,-0.1011,0
1629766,1.0000,0.0005,0.0083,-0.0012,-0.0113,-0.0134,-0.1045,0
1629932,1.0000,0.0005,0.0083,-0.0012,-0.0067,-0.0022,-0.0908,0
1630099,1.0000,0.0005,0.0083,-0.0012,0.0098,0.0127,-0.1695,0
1630266,1.0000,0.0005,0.0083,-0.0012,0.0132,-0.0082,-0.0559,0
1630432,1.0000,0.0005,0.0083,-0.0012,-0.0730,0.0306,-0.1471,0
1630599,1.0000,0.0005,0.0083,-0.0012,0.0074,-0.0208,-0.1226,0
1630766,1.0000,0.0005,0.0083,-0.0012,0.0286,0.0013,-0.1227,0
1630932,1.0000,0.0005,0.0083,-0.0012,0.0082,-0.0128,-0.1421,0
1631099,1.0000,0.0005,0.0083,-0.0012,-0.0249,0.0076,-0.0651,0
1631266,1.0000,0.0005,0.0083,-0.0012,-0.0115,-0.0074,-0.1441,0
1631432,1.0000,0.0005,0.0083,-0.0012,0.0504,-0.0275,-0.0858,0
1631599,1.0000,0.0005,0.0083,-0.0012,-0.0155,0.0344,-0.1221,0
1631766,1.0000,0.0005,0.0083,-0.0012,-0.0131,-0.0282,-0.0901,0
1631932,1.0000,0.0005,0.0083,-0.0012,-0.0202,-0.0141,-0.1404,0
1632099,1.0000,0.0006,0.0083,-0.0012,0.0188,0.0154,-0.1080,0
1632266,1.0000,0.0005,0.0083,-0.0012,0.0454,-0.0079,-0.1463,0
1632432,1.0000,0.0005,0.0083,-0.0012,-0.0317,-0.0037,-0.0974,0
1632599,1.0000,0.0005,0.0082,-0.0012,-0.0359,0.0162,-0.1073,0
1632766,1.0000,0.0005,0.0083,-0.0012,0.0338,-0.0172,-0.1151,0
1632932,1.0000,0.0006,0.0083,-0.0012,0.0237,-0.0052,-0.1000,0
1633099,1.0000,0.0006,0.0083,-0.0012,-0.0122,0.0054,-0.1414,0
1633266,1.0000,0.0006,0.0083,-0.0012,-0.0192,-0.0086,-0.0997,0
1633432,1.0000,0.0006,0.0083,-0.0012,-0.0181,-0.0132,-0.1396,0
1633599,1.0000,0.0006,0.0083,-0.0012,0.0055,0.0134,-0.1119,0
1633766,1.0000,0.0006,0.0083,-0.0012,0.0168,-0.0242,-0.0966,0
1633932,1.0000,0.0006,0.0083,-0.0012,-0.0230,-0.0089,-0.0820,0
1634099,1.0000,0.0006,0.0083,-0.0012,-0.0293,-0.0031,-0.0855,0
1634266,1.0000,0.0006,0.0083,-0.0012,0.0156,-0.0020,-0.1111,0
1634432,1.0000,0.0006,0.0083,-0.0012,0.0111,-0.0092,-0.1272,0
1634599,1.0000,0.0006,0.0083,-0.0012,-0.0075,-0.0189,-0.1358,0
1634766,1.0000,0.0006,0.0083,-0.0012,0.0055,-0.0032,-0.1041,0
1634932,1.0000,0.0006,0.0083,-0.0012,0.0129,-0.0111,-0.0862,0
1635099,1.0000,0.0006,0.0083,-0.0012,0.0033,0.0046,-0.0940,0
1635266,1.0000,0.0006,0.0083,-0.0012,-0.0267,-0.0174,-0.0877,0
1635432,1.0000,0.0006,0.0083,-0.0012,-0.0115,-0.0016,-0.1216,0
1635599,1.0000,0.0006,0.0083,-0.0012,0.0313,0.0157,-0.0910,0
1635766,1.0000,0.0006,0.0083,-0.0012,0.0011,-0.0110,-0.1457,0
1635933,1.0000,0.0006,0.0083,-0.0012,-0.0256,-0.0111,-0.0875,0
1636099,1.0000,0.0006,0.0083,-0.0012,-0.0130,-0.0004,-0.1120,0
1636266,1.0000,0.0006,0.0083,-0.0012,0.0114,-0.0132,-0.1159,0
1636433,1.0000,0.0006,0.0083,-0.0012,0.0225,0.0094,-0.1102,0
1636599,1.0000,0.0006,0.0083,-0.0012,-0.0119,-0.0064,-0.1307,0
1636766,1.0000,0.0006,0.0083,-0.0012,-0.0095,-0.0235,-0.0958,0
1636933,1.0000,0.0006,0.0082,-0.0012,-0.0104,-0.0035,-0.0985,0
1637099,1.0000,0.0006,0.0082,-0.0012,0.0169,0.0117,-0.0940,0
1637266,1.0000,0.0006,0.0082,-0.0012,0.0002,-0.0101,-0.1258,0
1637433,1.0000,0.0006,0.0082,-0.0012,-0.0317,-0.0212,-0.0977,0
1637599,1.0000,0.0006,0.0082,-0.0012,-0.0062,-0.0175,-0.1112,0
1637766,1.0000,0.0006,0.0082,-0.0012,0.0142,-0.0083,-0.1086,0
1637933,1.0000,0.0006,0.0082,-0.0012,-0.0034,0.0062,-0.1323,0
1638099,1.0000,0.0006,0.0082,-0.0012,-0.0193,-0.0138,-0.1131,0
1638266,1.0000,0.0006,0.0082,-0.0012,-0.0131,-0.0177,-0.1030,0
1638433,1.0000,0.0006,0.0082,-0.0012,-0.0093,0.0016,-0.1251,0
1638599,1.0000,0.0006,0.0082,-0.0012,0.0177,0.0147,-0.1099,0
1638766,1.0000,0.0006,0.0082,-0.0012,0.0079,-0.0051,-0.1090,0
1638933,1.0000,0.0006,0.0082,-0.0012,-0.0188,-0.0115,-0.1022,0
1639099,1.0000,0.0006,0.0082,-0.0012,0.0006,-0.0049,-0.1092,0
1639266,1.0000,0.0006,0.0082,-0.0012,0.0026,-0.0114,-0.1378,0
1639433,1.0000,0.0006,0.0082,-0.0012,-0.0128,-0.0068,-0.1042,0
1639599,1.0000,0.0006,0.0082,-0.0012,-0.0050,-0.0087,-0.1266,0
1639766,1.0000,0.0006,0.0082,-0.0013,-0.0019,-0.0060,-0.1091,0
1639933,1.0000,0.0006,0.0082,-0.0012,-0.0077,-0.0060,-0.1152,0
1640099,1.0000,0.0006,0.0082,-0.0013,-0.0052,0.0004,-0.1255,0
1640266,1.0000,0.0006,0.0082,-0.0013,-0.0078,-0.0278,-0.1088,0
1640433,1.0000,0.0006,0.0082,-0.0013,-0.0150,0.0042,-0.1175,0
1640599,1.0000,0.0006,0.0082,-0.0013,-0.0023,0.0138,-0.1033,0
1640766,1.0000,0.0006,0.0082,-0.0013,0.0110,0.0006,-0.1237,0
1640933,1.0000,0.0005,0.0082,-0.0013,-0.0126,0.0010,-0.1121,0
1641099,1.0000,0.0005,0.0082,-0.0013,-0.0100,-0.0312,-0.1018,0
1641266,1.0000,0.0005,0.0082,-0.0013,0.0026,0.0003,-0.0994,0
1641433,1.0000,0.0005,0.0082,-0.0013,0.0092,-0.0008,-0.1101,0
1641599,1.0000,0.0005,0.0082,-0.0013,-0.0052,-0.0020,-0.0972,0
1641766,1.0000,0.0005,0.0082,-0.0013,-0.0115,0.0001,-0.1017,0
1641933,1.0000,0.0005,0.0082,-0.0013,0.0152,0.0019,-0.1185,0
1642099,1.0000,0.0005,0.0082,-0.0013,0.0027,-0.0101,-0.0805,0
1642266,1.0000,0.0005,0.0082,-0.0013,-0.0146,-0.0203,-0.1415,0
1642433,1.0000,0.0005,0.0082,-0.0013,-0.0108,0.0074,-0.0758,0
1642599,1.0000,0.0005,0.0082,-0.0013,0.0182,0.0217,-0.1325,0
1642766,1.0000,0.0005,0.0082,-0.0013,0.0138,0.0078,-0.1252,0
1642933,1.0000,0.0005,0.0082,-0.0013,0.0043,-0.0256,-0.0828,0
1643099,1.0000,0.0005,0.0082,-0.0013,-0.0127,-0.0171,-0.1317,0
1643266,1.0000,0.0005,0.0082,-0.0013,0.0040,0.0016,-0.1154,0
1643433,1.0000,0.0005,0.0082,-0.0013,0.0141,0.0331,-0.0996,0
1643599,1.0000,0.0005,0.0082,-0.0013,0.0083,-0.0211,-0.1222,0
1643766,1.0000,0.0005,0.0082,-0.0013,-0.0412,-0.0335,-0.1263,0
1643933,1.0000,0.0005,0.0082,-0.0013,-0.0203,0.0080,-0.0985,0
1644099,1.0000,0.0005,0.0082,-0.0013,0.0183,0.0008,-0.1176,0
1644266,1.0000,0.0005,0.0082,-0.0013,0.0106,-0.0044,-0.1155,0
1644433,1.0000,0.0005,0.0082,-0.0013,-0.0146,-0.0230,-0.1231,0
1644599,1.0000,0.0005,0.0082,-0.0013,-0.0316,-0.0098,-0.0907,0
1644766,1.0000,0.0005,0.0081,-0.0013,-0.0127,0.0079,-0.0872,0
1644933,1.0000,0.0005,0.0082,-0.0013,-0.0029,-0.0138,-0.1319,0
1645099,1.0000,0.0005,0.0082,-0.0013,-0.0078,-0.0130,-0.1043,0
1645266,1.0000,0.0005,0.0082,-0.0013,-0.0178,-0.0049,-0.1231,0
1645433,1.0000,0.0005,0.0082,-0.0013,-0.0084,0.0126,-0.1090,0
1645599,1.0000,0.0005,0.0082,-0.0013,0.0101,0.0065,-0.1244,0
1645766,1.0000,0.0006,0.0082,-0.0013,-0.0051,-0.0147,-0.1273,0
1645933,1.0000,0.0006,0.0082,-0.0013,-0.0134,-0.0226,-0.1371,0
1646099,1.0000,0.0006,0.0082,-0.0013,0.0075,0.0100,-0.1154,0
1646266,1.0000,0.0006,0.0081,-0.0013,0.0177,0.0234,-0.1092,0
1646433,1.0000,0.0006,0.0081,-0.0013,0.0001,-0.0270,-0.1155,0
1646599,1.0000,0.0006,0.0081,-0.0013,-0.0574,-0.0121,-0.0637,0
1646766,1.0000,0.0005,0.0081,-0.0013,-0.0079,-0.0052,-0.1293,0
1646933,1.0000,0.0005,0.0081,-0.0013,0.0399,0.0231,-0.1195,0
1647099,1.0000,0.0006,0.0081,-0.0013,0.0027,0.0049,-0.1168,0
1647266,1.0000,0.0006,0.0081,-0.0013,-0.0440,-0.0265,-0.1129,0
1647433,1.0000,0.0006,0.0081,-0.0013,-0.0276,-0.0085,-0.0898,0
1647599,1.0000,0.0006,0.0081,-0.0013,0.0267,0.0157,-0.1415,0
1647766,1.0000,0.0006,0.0081,-0.0013,0.0192,0.0015,-0.1105,0
1647933,1.0000,0.0006,0.0082,-0.0014,-0.0438,-0.0023,-0.0650,0
1648099,1.0000,0.0006,0.0082,-0.0014,-0.0403,-0.0120,-0.1673,0
1648266,1.0000,0.0006,0.0082,-0.0014,0.0128,0.0012,-0.0738,0
1648433,1.0000,0.0006,0.0082,-0.0014,-0.0039,0.0035,-0.1204,0
1648599,1.0000,0.0006,0.0082,-0.0014,0.0060,-0.0203,-0.1528,0
1648766,1.0000,0.0006,0.0082,-0.0014,0.0043,-0.0029,-0.0794,0
1648933,1.0000,0.0006,0.0082,-0.0014,-0.0190,-0.0100,-0.1277,0
1649099,1.0000,0.0006,0.0082,-0.0014,-0.0082,-0.0172,-0.1062,0
1649266,1.0000,0.0006,0.0082,-0.0014,-0.0063,-0.0005,-0.1029,0
1649433,1.0000,0.0006,0.0082,-0.0014,0.0051,-0.0068,-0.1236,0
1649599,1.0000,0.0006,0.0082,-0.0014,-0.0049,-0.0003,-0.1247,0
1649766,1.0000,0.0006,0.0082,-0.0014,-0.0072,0.0155,-0.0848,0
1649933,1.0000,0.0006,0.0082,-0.0014,0.0066,-0.0090,-0.1401,0
1650099,1.0000,0.0006,0.0082,-0.0014,0.0025,-0.0066,-0.0977,0
1650266,1.0000,0.0006,0.0082,-0.0014,-0.0301,-0.0007,-0.1168,0
1650433,1.0000,0.0006,0.0082,-0.0014,0.0101,-0.0046,-0.0974,0
1650599,1.0000,0.0006,0.0082,-0.0014,-0.0137,-0.0086,-0.1040,0
1650766,1.0000,0.0006,0.0082,-0.0014,-0.0090,0.0067,-0.0989,0
1650933,1.0000,0.0006,0.0082,-0.0014,-0.0041,-0.0183,-0.1157,0
1651099,1.0000,0.0006,0.0082,-0.0014,-0.0098,-0.0016,-0.0967,0
1651266,1.0000,0.0006,0.0082,-0.0014,-0.0109,0.0003,-0.1018,0
1651433,1.0000,0.0006,0.0082,-0.0014,-0.0133,-0.0132,-0.1393,0
1651599,1.0000,0.0006,0.0082,-0.0014,-0.0084,-0.0099,-0.1071,0
1651766,1.0000,0.0006,0.0082,-0.0014,-0.0073,-0.0079,-0.1370,0
1651933,1.0000,0.0006,0.0082,-0.0014,0.0072,0.0111,-0.1242,0
1652099,1.0000,0.0006,0.0082,-0.0014,-0.0176,-0.0092,-0.1005,0
1652266,1.0000,0.0006,0.0082,-0.0014,-0.0074,-0.0090,-0.1083,0
1652433,1.0000,0.0006,0.0082,-0.0014,-0.0079,-0.0068,-0.1173,0
1652600,1.0000,0.0006,0.0082,-0.0014,-0.0045,-0.0013,-0.1139,0
1652766,1.0000,0.0006,0.0082,-0.0014,-0.0091,-0.0102,-0.1245,0
1652933,1.0000,0.0006,0.0082,-0.0014,-0.0117,-0.0079,-0.0989,0
1653100,1.0000,0.0006,0.0082,-0.0014,-0.0201,-0.0147,-0.1240,0
1653266,1.0000,0.0006,0.0082,-0.0015,-0.0022,0.0066,-0.0994,0
1653433,1.0000,0.0006,0.0082,-0.0015,-0.0028,-0.0142,-0.1151,0
1653600,1.0000,0.0006,0.0082,-0.0015,-0.0093,-0.0019,-0.1030,0
1653766,1.0000,0.0006,0.0082,-0.0015,-0.0177,0.0014,-0.1197,0
1653933,1.0000,0.0006,0.0082,-0.0015,0.0004,-0.0034,-0.1138,0
1654100,1.0000,0.0006,0.0082,-0.0015,-0.0085,0.0054,-0.1249,0
1654266,1.0000,0.0006,0.0082,-0.0015,-0.0033,0.0065,-0.1032,0
1654433,1.0000,0.0006,0.0082,-0.0015,-0.0116,-0.0057,-0.1134,0
1654600,1.0000,0.0006,0.0082,-0.0015,-0.0126,-0.0069,-0.1181,0
1654766,1.0000,0.0006,0.0081,-0.0015,-0.0093,0.0072,-0.1327,0
1654933,1.0000,0.0006,0.0081,-0.0015,0.0029,-0.0134,-0.1226,0
1655100,1.0000,0.0006,0.0082,-0.0015,-0.0096,0.0039,-0.1223,0
1655266,1.0000,0.0006,0.0082,-0.0015,-0.0059,-0.0171,-0.1183,0
1655433,1.0000,0.0006,0.0081,-0.0015,-0.0021,-0.0069,-0.1373,0
1655600,1.0000,0.0006,0.0081,-0.0015,0.0127,0.0036,-0.1060,0
1655766,1.0000,0.0006,0.0081,-0.0015,-0.0119,-0.0100,-0.1228,0
1655933,1.0000,0.0006,0.0081,-0.0015,-0.0114,0.0040,-0.1282,0
1656100,1.0000,0.0006,0.0081,-0.0015,-0.0004,0.0032,-0.1299,0
1656266,1.0000,0.0006,0.0081,-0.0015,0.0046,-0.0051,-0.1075,0
1656433,1.0000,0.0006,0.0081,-0.0015,-0.0155,-0.0118,-0.1023,0
1656600,1.0000,0.0006,0.0081,-0.0015,-0.0179,-0.0166,-0.1116,0
1656766,1.0000,0.0006,0.0081,-0.0015,-0.0017,-0.0058,-0.0986,0
1656933,1.0000,0.0006,0.0081,-0.0015,-0.0155,0.0063,-0.1347,0
1657100,1.0000,0.0006,0.0081,-0.0014,-0.0078,-0.0124,-0.1018,0
1657266,1.0000,0.0006,0.0081,-0.0015,-0.0075,-0.0037,-0.1183,0
1657433,1.0000,0.0006,0.0081,-0.0014,-0.0086,0.0033,-0.1266,0
1657600,1.0000,0.0006,0.0081,-0.0015,-0.0015,-0.0052,-0.1169,0
1657766,1.0000,0.0006,0.0081,-0.0015,-0.0105,-0.0017,-0.1237,0
1657933,1.0000,0.0006,0.0081,-0.0015,-0.0032,-0.0062,-0.1166,0
1658100,1.0000,0.0006,0.0081,-0.0015,0.0011,-0.0170,-0.1147,0
1658266,1.0000,0.0006,0.0081,-0.0015,0.0035,-0.0234,-0.1380,0
1658433,1.0000,0.0006,0.0081,-0.0015,0.0063,-0.0085,-0.1207,0
1658600,1.0000,0.0006,0.0081,-0.0015,-0.0097,-0.0068,-0.1331,0
1658766,1.0000,0.0006,0.0081,-0.0015,-0.0027,-0.0081,-0.1222,0
1658933,1.0000,0.0006,0.0081,-0.0015,0.0006,0.0078,-0.1470,0
1659100,1.0000,0.0006,0.0081,-0.0015,0.0001,-0.0075,-0.0944,0
1659266,1.0000,0.0006,0.0081,-0.0015,-0.0167,-0.0122,-0.1380,0
1659433,1.0000,0.0006,0.0081,-0.0015,-0.0183,-0.0154,-0.0930,0
1659600,1.0000,0.0006,0.0081,-0.0015,0.0052,-0.0030,-0.1370,0
1659766,1.0000,0.0006,0.0081,-0.0015,-0.0108,-0.0100,-0.1023,0
1659933,1.0000,0.0006,0.0081,-0.0015,-0.0202,-0.0050,-0.1175,0
1660100,1.0000,0.0006,0.0081,-0.0015,-0.0089,-0.0190,-0.0971,0
1660266,1.0000,0.0006,0.0081,-0.0015,-0.0198,-0.0043,-0.1331,0
1660433,1.0000,0.0006,0.0081,-0.0015,0.0060,-0.0009,-0.0873,0
1660600,1.0000,0.0006,0.0081,-0.0015,-0.0142,-0.0046,-0.1401,0
1660766,1.0000,0.0006,0.0081,-0.0015,-0.0051,-0.0195,-0.1023,0
1660933,1.0000,0.0006,0.0081,-0.0015,-0.0124,-0.0094,-0.1217,0
1661100,1.0000,0.0006,0.0081,-0.0015,0.0008,0.0067,-0.1249,0
1661266,1.0000,0.0006,0.0081,-0.0015,-0.0183,0.0003,-0.1277,0
1661433,1.0000,0.0006,0.0081,-0.0015,-0.0107,-0.0049,-0.1043,0
1661600,1.0000,0.0006,0.0081,-0.0015,-0.0059,-0.0063,-0.1184,0
1661766,1.0000,0.0006,0.0081,-0.0015,-0.0142,-0.0168,-0.1122,0
1661933,1.0000,0.0006,0.0081,-0.0015,-0.0011,-0.0033,-0.1215,0
1662100,1.0000,0.0006,0.0081,-0.0015,-0.0041,-0.0031,-0.1268,0
1662266,1.0000,0.0006,0.0081,-0.0015,-0.0155,-0.0112,-0.1087,0
1662433,1.0000,0.0006,0.0081,-0.0015,-0.0098,0.0044,-0.1104,0
1662600,1.0000,0.0006,0.0081,-0.0015,0.0041,0.0053,-0.1230,0
1662766,1.0000,0.0006,0.0081,-0.0015,-0.0130,-0.0014,-0.1233,0
1662933,1.0000,0.0006,0.0081,-0.0015,-0.0160,-0.0092,-0.1397,0
1663100,1.0000,0.0006,0.0081,-0.0015,-0.0104,-0.0018,-0.1262,0
1663266,1.0000,0.0006,0.0081,-0.0015,-0.0102,-0.0124,-0.1228,0
1663433,1.0000,0.0006,0.0080,-0.0015,-0.0011,-0.0089,-0.1309,0
1663600,1.0000,0.0006,0.0080,-0.0015,-0.0136,0.0070,-0.1137,0
1663766,1.0000,0.0006,0.0081,-0.0015,-0.0268,-0.0004,-0.1363,0
1663933,1.0000,0.0006,0.0080,-0.0015,-0.0076,-0.0172,-0.1281,0
1664100,1.0000,0.0006,0.0080,-0.0015,-0.0030,-0.0276,-0.1293,0
1664266,1.0000,0.0006,0.0080,-0.0015,-0.0068,-0.0124,-0.1390,0
1664433,1.0000,0.0006,0.0080,-0.0015,-0.0014,-0.0008,-0.1136,0
1664600,1.0000,0.0006,0.0080,-0.0015,-0.0052,-0.0066,-0.1203,0
1664766,1.0000,0.0006,0.0080,-0.0015,-0.0016,0.0010,-0.1143,0
1664933,1.0000,0.0006,0.0080,-0.0015,-0.0113,-0.0015,-0.1116,0
1665100,1.0000,0.0006,0.0080,-0.0015,-0.0219,0.0081,-0.1231,0
1665266,1.0000,0.0006,0.0080,-0.0015,0.0023,0.0070,-0.1247,0
1665433,1.0000,0.0006,0.0080,-0.0015,0.0019,-0.0131,-0.1174,0
1665600,1.0000,0.0006,0.0080,-0.0015,-0.0092,-0.0063,-0.0854,0
1665766,1.0000,0.0006,0.0080,-0.0015,-0.0155,-0.0112,-0.1211,0
1665933,1.0000,0.0006,0.0080,-0.0015,-0.0088,-0.0066,-0.1190,0
1666100,1.0000,0.0006,0.0080,-0.0015,-0.0061,-0.0002,-0.1128,0
1666266,1.0000,0.0006,0.0080,-0.0015,-0.0082,0.0032,-0.1240,0
1666433,1.0000,0.0006,0.0080,-0.0015,-0.0101,-0.0053,-0.1335,0
1666600,1.0000,0.0006,0.0080,-0.0015,-0.0102,-0.0204,-0.0985,0
1666766,1.0000,0.0006,0.0080,-0.0015,-0.0145,0.0101,-0.1212,0
1666933,1.0000,0.0006,0.0080,-0.0015,-0.0017,0.0019,-0.1116,0
1667100,1.0000,0.0006,0.0080,-0.0015,-0.0238,-0.0030,-0.1208,0
1667266,1.0000,0.0006,0.0080,-0.0015,-0.0120,-0.0021,-0.1393,0
1667433,1.0000,0.0006,0.0080,-0.0015,-0.0079,-0.0044,-0.0991,0
1667600,1.0000,0.0006,0.0080,-0.0015,-0.0024,-0.0086,-0.1044,0
1667766,1.0000,0.0006,0.0080,-0.0015,-0.0147,-0.0102,-0.1350,0
1667933,1.0000,0.0006,0.0080,-0.0015,-0.0199,-0.0078,-0.1105,0
1668100,1.0000,0.0006,0.0080,-0.0015,-0.0070,-0.0111,-0.1133,0
1668266,1.0000,0.0006,0.0082,-0.0015,0.0018,-0.0128,-0.1158,0
1668433,1.0000,0.0006,0.0082,-0.0015,-0.0155,-0.0122,-0.1110,0
1668600,1.0000,0.0006,0.0082,-0.0015,-0.0003,-0.0026,-0.1192,0
1668766,1.0000,0.0006,0.0082,-0.0015,0.0148,-0.0113,-0.1262,0
1668933,1.0000,0.0006,0.0082,-0.0015,-0.0065,-0.0034,-0.0999,0
1669100,1.0000,0.0006,0.0082,-0.0015,0.0039,-0.0006,-0.1262,0
1669267,1.0000,0.0006,0.0082,-0.0015,-0.0081,0.0004,-0.0901,0
1669433,1.0000,0.0006,0.0082,-0.0015,-0.0030,-0.0034,-0.1203,0
1669600,1.0000,0.0006,0.0082,-0.0015,-0.0107,0.0027,-0.1057,0
1669767,1.0000,0.0006,0.0082,-0.0015,-0.0083,-0.0092,-0.1231,0
1669933,1.0000,0.0006,0.0082,-0.0015,-0.0049,0.0043,-0.1151,0
1670100,1.0000,0.0006,0.0082,-0.0015,-0.0017,-0.0171,-0.1360,0
1670267,1.0000,0.0006,0.0082,-0.0015,-0.0299,-0.0090,-0.1127,0
1670433,1.0000,0.0006,0.0082,-0.0015,-0.0097,0.0083,-0.1121,0
1670600,1.0000,0.0006,0.0082,-0.0015,-0.0045,-0.0080,-0.1077,0
1670767,1.0000,0.0006,0.0082,-0.0015,-0.0066,-0.0084,-0.1220,0
1670933,1.0000,0.0006,0.0082,-0.0015,-0.0053,-0.0015,-0.1181,0
1671100,1.0000,0.0006,0.0082,-0.0015,-0.0079,-0.0076,-0.0821,0
1671267,1.0000,0.0006,0.0082,-0.0015,-0.0112,-0.0031,-0.1291,0
1671433,1.0000,0.0006,0.0082,-0.0015,-0.0037,-0.0008,-0.1250,0
1671600,1.0000,0.0006,0.0082,-0.0015,-0.0068,0.0010,-0.1254,0
1671767,1.0000,0.0006,0.0082,-0.0015,-0.0064,-0.0098,-0.1229,0
1671933,1.0000,0.0006,0.0082,-0.0015,-0.0155,-0.0050,-0.0953,0
1672100,1.0000,0.0006,0.0082,-0.0014,-0.0191,-0.0176,-0.0876,0
1672267,1.0000,0.0006,0.0082,-0.0015,-0.0191,-0.0230,-0.1277,0
1672433,1.0000,0.0006,0.0082,-0.0015,-0.0125,-0.0068,-0.1190,0
1672600,1.0000,0.0006,0.0082,-0.0015,-0.0098,-0.0054,-0.1237,0
1672767,1.0000,0.0006,0.0082,-0.0015,-0.0110,0.0030,-0.1212,0
1672933,1.0000,0.0006,0.0082,-0.0015,-0.0157,-0.0023,-0.1314,0
1673100,1.0000,0.0006,0.0082,-0.0015,-0.0173,-0.0102,-0.0978,0
1673267,1.0000,0.0006,0.0082,-0.0014,0.0022,-0.0051,-0.1078,0
1673433,1.0000,0.0006,0.0082,-0.0014,-0.0120,-0.0099,-0.1144,0
1673600,1.0000,0.0006,0.0082,-0.0014,-0.0131,-0.0073,-0.1152,0
1673767,1.0000,0.0006,0.0082,-0.0014,-0.0102,0.0003,-0.1186,0
1673933,1.0000,0.0006,0.0082,-0.0015,-0.0183,-0.0077,-0.1077,0
1674100,1.0000,0.0006,0.0082,-0.0015,-0.0178,-0.0059,-0.0997,0
1674267,1.0000,0.0006,0.0082,-0.0015,-0.0133,-0.0115,-0.1345,0
1674433,1.0000,0.0006,0.0082,-0.0015,-0.0042,-0.0068,-0.1260,0
1674600,1.0000,0.0006,0.0082,-0.0015,-0.0085,0.0018,-0.1145,0
1674767,1.0000,0.0006,0.0082,-0.0015,-0.0075,-0.0013,-0.0885,0
1674933,1.0000,0.0006,0.0082,-0.0015,-0.0174,-0.0020,-0.1127,0
1675100,1.0000,0.0006,0.0082,-0.0015,0.0021,-0.0058,-0.1089,0
1675267,1.0000,0.0006,0.0082,-0.0015,0.0011,0.0014,-0.1386,0
1675433,1.0000,0.0006,0.0082,-0.0015,0.0013,0.0021,-0.0947,0
1675600,1.0000,0.0006,0.0082,-0.0015,-0.0236,0.0039,-0.1190,0
1675767,1.0000,0.0006,0.0082,-0.0015,-0.0077,-0.0108,-0.1243,0
1675933,1.0000,0.0006,0.0082,-0.0015,-0.0140,0.0037,-0.1331,0
1676100,1.0000,0.0006,0.0082,-0.0015,-0.0006,-0.0070,-0.1189,0
1676267,1.0000,0.0007,0.0082,-0.0015,-0.0129,-0.0121,-0.1220,0
1676433,1.0000,0.0007,0.0082,-0.0015,-0.0229,0.0136,-0.1141,0
1676600,1.0000,0.0007,0.0082,-0.0015,-0.0102,0.0086,-0.1115,0
1676767,1.0000,0.0007,0.0081,-0.0015,-0.0003,-0.0039,-0.1141,0
1676933,1.0000,0.0007,0.0081,-0.0015,-0.0127,-0.0019,-0.1025,0
1677100,1.0000,0.0007,0.0081,-0.0015,-0.0091,-0.0056,-0.1294,0
1677267,1.0000,0.0007,0.0081,-0.0015,-0.0049,-0.0077,-0.1258,0
1677433,1.0000,0.0007,0.0081,-0.0015,-0.0120,0.0111,-0.1297,0
1677600,1.0000,0.0007,0.0081,-0.0015,0.0024,-0.0091,-0.1098,0
1677767,1.0000,0.0007,0.0081,-0.0015,-0.0012,0.0001,-0.0893,0
1677933,1.0000,0.0007,0.0081,-0.0015,-0.0070,-0.0051,-0.1170,0
1678100,1.0000,0.0007,0.0081,-0.0015,-0.0265,-0.0034,-0.1312,0
1678267,1.0000,0.0007,0.0081,-0.0015,0.0006,-0.0063,-0.1285,0
1678433,1.0000,0.0006,0.0081,-0.0015,-0.0181,-0.0117,-0.1083,0
1678600,1.0000,0.0006,0.0081,-0.0015,-0.0142,0.0011,-0.1188,0
1678767,1.0000,0.0006,0.0081,-0.0015,-0.0131,0.0067,-0.1188,0
1678933,1.0000,0.0006,0.0081,-0.0015,-0.0019,-0.0044,-0.0904,0
1679100,1.0000,0.0007,0.0081,-0.0015,-0.0091,-0.0103,-0.1110,0
1679267,1.0000,0.0007,0.0081,-0.0015,-0.0095,-0.0120,-0.1208,0
1679433,1.0000,0.0007,0.0081,-0.0015,-0.0201,-0.0001,-0.1189,0
1679600,1.0000,0.0007,0.0081,-0.0015,-0.0030,-0.0073,-0.1011,0
1679767,1.0000,0.0007,0.0081,-0.0015,-0.0184,-0.0128,-0.1087,0
1679933,1.0000,0.0007,0.0081,-0.0015,-0.0017,-0.0012,-0.1201,0
1680100,1.0000,0.0007,0.0081,-0.0015,-0.0088,-0.0111,-0.0953,0
1680267,1.0000,0.0007,0.0081,-0.0015,-0.0075,0.0219,-0.1402,0
1680433,1.0000,0.0007,0.0081,-0.0015,-0.0125,-0.0053,-0.1012,0
1680600,1.0000,0.0007,0.0081,-0.0015,-0.0282,-0.0037,-0.1331,0
1680767,1.0000,0.0007,0.0081,-0.0015,-0.0134,0.0055,-0.1011,0
1680933,1.0000,0.0007,0.0081,-0.0016,-0.0088,-0.0036,-0.1131,0
1681100,1.0000,0.0007,0.0081,-0.0015,-0.0221,-0.0061,-0.1308,0
1681267,1.0000,0.0007,0.0081,-0.0015,-0.0228,0.0033,-0.0828,0
1681433,1.0000,0.0007,0.0080,-0.0015,-0.0159,0.0017,-0.1061,0
1681600,1.0000,0.0007,0.0080,-0.0015,-0.0151,-0.0124,-0.1185,0
1681767,1.0000,0.0007,0.0080,-0.0016,-0.0180,0.0090,-0.0968,0
1681933,1.0000,0.0007,0.0080,-0.0016,0.0001,-0.0010,-0.1007,0
1682100,1.0000,0.0007,0.0081,-0.0016,-0.0297,-0.0104,-0.1439,0
1682267,1.0000,0.0007,0.0081,-0.0016,-0.0080,0.0083,-0.0930,0
1682433,1.0000,0.0007,0.0080,-0.0016,-0.0174,-0.0057,-0.1197,0
1682600,1.0000,0.0007,0.0080,-0.0016,-0.0234,-0.0031,-0.1186,0
1682767,1.0000,0.0007,0.0080,-0.0016,-0.0157,0.0111,-0.1006,0
1682933,1.0000,0.0007,0.0080,-0.0016,-0.0144,0.0077,-0.1279,0
1683100,1.0000,0.0007,0.0080,-0.0016,-0.0039,0.0012,-0.1043,0
1683267,1.0000,0.0007,0.0080,-0.0016,-0.0127,-0.0002,-0.1189,0
1683433,1.0000,0.0007,0.0080,-0.0016,-0.0008,-0.0011,-0.1150,0
1683600,1.0000,0.0008,0.0080,-0.0016,-0.0170,0.0049,-0.1222,0
1683767,1.0000,0.0008,0.0080,-0.0016,-0.0081,-0.0040,-0.1256,0
1683933,1.0000,0.0008,0.0080,-0.0016,-0.0098,0.0001,-0.1193,0
1684100,1.0000,0.0008,0.0080,-0.0016,-0.0165,-0.0009,-0.1106,0
1684267,1.0000,0.0008,0.0080,-0.0016,-0.0156,0.0070,-0.1103,0
1684433,1.0000,0.0008,0.0080,-0.0016,-0.0208,-0.0048,-0.1121,0
1684600,1.0000,0.0008,0.0080,-0.0016,-0.0060,-0.0013,-0.0976,0
1684767,1.0000,0.0008,0.0080,-0.0016,-0.0084,-0.0061,-0.1067,0
1684933,1.0000,0.0008,0.0080,-0.0016,-0.0034,-0.0172,-0.1099,0
1685100,1.0000,0.0008,0.0080,-0.0016,-0.0152,-0.0042,-0.1257,0
1685267,1.0000,0.0008,0.0080,-0.0016,0.0022,-0.0200,-0.1208,0
1685433,1.0000,0.0008,0.0080,-0.0016,-0.0299,-0.0137,-0.1129,0
1685600,1.0000,0.0008,0.0080,-0.0016,-0.0068,0.0033,-0.1029,0
1685767,1.0000,0.0008,0.0080,-0.0016,-0.0210,-0.0091,-0.1195,0
1685934,1.0000,0.0008,0.0080,-0.0016,-0.0141,0.0044,-0.1025,0
1686100,1.0000,0.0008,0.0080,-0.0016,-0.0196,-0.0147,-0.0975,0
1686267,1.0000,0.0008,0.0080,-0.0016,-0.0102,-0.0078,-0.1211,0
1686434,1.0000,0.0008,0.0080,-0.0016,-0.0053,-0.0085,-0.0979,0
1686600,1.0000,0.0008,0.0080,-0.0016,-0.0096,0.0044,-0.1313,0
1686767,1.0000,0.0008,0.0080,-0.0016,0.0085,-0.0219,-0.1045,0
1686934,1.0000,0.0008,0.0080,-0.0016,-0.0021,0.0053,-0.1112,0
1687100,1.0000,0.0008,0.0080,-0.0016,-0.0059,0.0018,-0.0986,0
1687267,1.0000,0.0008,0.0080,-0.0016,-0.0048,-0.0025,-0.1078,0
1687434,1.0000,0.0008,0.0080,-0.0016,-0.0144,0.0022,-0.0944,0
1687600,1.0000,0.0008,0.0080,-0.0016,-0.0142,-0.0003,-0.1067,0
1687767,1.0000,0.0008,0.0080,-0.0016,-0.0052,0.0059,-0.1038,0
1687934,1.0000,0.0008,0.0080,-0.0016,-0.0128,-0.0082,-0.1108,0
1688100,1.0000,0.0008,0.0080,-0.0016,-0.0066,-0.0098,-0.1346,0
1688267,1.0000,0.0005,0.0082,-0.0015,0.0062,0.0018,-0.1187,0
1688434,1.0000,0.0005,0.0082,-0.0015,-0.0105,0.0038,-0.1138,0
1688600,1.0000,0.0005,0.0082,-0.0015,-0.0160,0.0064,-0.1136,0
1688767,1.0000,0.0005,0.0082,-0.0015,0.0055,0.0018,-0.1286,0
1688934,1.0000,0.0005,0.0082,-0.0016,0.0019,0.0086,-0.1116,0
1689100,1.0000,0.0005,0.0082,-0.0016,-0.0113,-0.0061,-0.1112,0
1689267,1.0000,0.0005,0.0082,-0.0016,-0.0057,0.0051,-0.1322,0
1689434,1.0000,0.0005,0.0082,-0.0016,0.0050,0.0158,-0.1133,0
1689600,1.0000,0.0005,0.0082,-0.0016,-0.0172,-0.0105,-0.1025,0
1689767,1.0000,0.0005,0.0082,-0.0016,-0.0016,0.0108,-0.1181,0
1689934,1.0000,0.0005,0.0082,-0.0016,0.0003,0.0078,-0.0980,0
1690100,1.0000,0.0005,0.0082,-0.0016,-0.0050,0.0014,-0.1073,0
1690267,1.0000,0.0005,0.0082,-0.0016,-0.0049,-0.0028,-0.0994,0
1690434,1.0000,0.0005,0.0082,-0.0016,-0.0037,-0.0115,-0.1221,0
1690600,1.0000,0.0005,0.0082,-0.0016,-0.0076,0.0044,-0.1373,0
1690767,1.0000,0.0005,0.0082,-0.0016,-0.0186,0.0077,-0.1052,0
1690934,1.0000,0.0005,0.0082,-0.0016,-0.0138,-0.0051,-0.1034,0
1691100,1.0000,0.0005,0.0082,-0.0016,0.0033,-0.0022,-0.1188,0
1691267,1.0000,0.0005,0.0082,-0.0016,0.0015,-0.0016,-0.1134,0
1691434,1.0000,0.0005,0.0082,-0.0016,0.0091,0.0124,-0.1071,0
1691600,1.0000,0.0005,0.0082,-0.0016,-0.0110,-0.0069,-0.1152,0
1691767,1.0000,0.0005,0.0082,-0.0016,-0.0001,-0.0010,-0.1100,0
1691934,1.0000,0.0005,0.0082,-0.0016,0.0042,-0.0026,-0.1133,0
1692100,1.0000,0.0005,0.0082,-0.0016,0.0040,0.0100,-0.0960,0
1692267,1.0000,0.0005,0.0082,-0.0016,-0.0318,-0.0031,-0.1138,0
1692434,1.0000,0.0005,0.0082,-0.0016,-0.0164,-0.0015,-0.1252,0
1692600,1.0000,0.0005,0.0082,-0.0016,-0.0050,-0.0003,-0.1306,0
1692767,1.0000,0.0005,0.0082,-0.0016,-0.0031,0.0131,-0.1011,0
1692934,1.0000,0.0005,0.0082,-0.0016,-0.0143,0.0067,-0.1020,0
1693100,1.0000,0.0005,0.0082,-0.0016,-0.0217,0.0116,-0.0971,0
1693267,1.0000,0.0005,0.0082,-0.0016,0.0121,0.0081,-0.1111,0
1693434,1.0000,0.0005,0.0082,-0.0016,-0.0043,-0.0082,-0.0870,0
1693600,1.0000,0.0005,0.0082,-0.0016,-0.0174,-0.0017,-0.1167,0
1693767,1.0000,0.0005,0.0083,-0.0016,-0.0012,-0.0053,-0.1156,0
1693934,1.0000,0.0005,0.0083,-0.0016,-0.0065,0.0046,-0.1157,0
1694100,1.0000,0.0005,0.0083,-0.0016,0.0123,-0.0054,-0.0904,0
1694267,1.0000,0.0005,0.0083,-0.0016,-0.0200,0.0088,-0.1224,0
1694434,1.0000,0.0005,0.0083,-0.0016,-0.0175,-0.0035,-0.1033,0
1694600,1.0000,0.0005,0.0083,-0.0016,-0.0054,0.0094,-0.1120,0
1694767,1.0000,0.0005,0.0083,-0.0016,0.0016,0.0061,-0.0978,0
1694934,1.0000,0.0005,0.0083,-0.0016,-0.0032,0.0002,-0.1355,0
1695100,1.0000,0.0005,0.0082,-0.0016,0.0002,-0.0101,-0.1167,0
1695267,1.0000,0.0005,0.0083,-0.0016,0.0047,0.0009,-0.1220,0
1695434,1.0000,0.0005,0.0083,-0.0016,-0.0034,-0.0090,-0.0906,0
1695600,1.0000,0.0005,0.0083,-0.0016,-0.0096,0.0019,-0.1195,0
1695767,1.0000,0.0005,0.0083,-0.0016,0.0039,-0.0101,-0.1158,0
1695934,1.0000,0.0005,0.0083,-0.0016,-0.0092,0.0025,-0.1392,0
1696100,1.0000,0.0005,0.0083,-0.0016,-0.0169,0.0080,-0.1288,0
1696267,1.0000,0.0005,0.0083,-0.0016,-0.0055,0.0056,-0.1216,0
1696434,1.0000,0.0005,0.0083,-0.0016,0.0076,0.0031,-0.1005,0
1696600,1.0000,0.0005,0.0083,-0.0016,0.0085,-0.0034,-0.1346,0
1696767,1.0000,0.0005,0.0083,-0.0016,-0.0130,0.0144,-0.1152,0
1696934,1.0000,0.0005,0.0083,-0.0016,-0.0106,0.0023,-0.1220,0
1697100,1.0000,0.0005,0.0083,-0.0016,-0.0135,0.0089,-0.1196,0
1697267,1.0000,0.0005,0.0083,-0.0017,-0.0007,-0.0100,-0.1336,0
1697434,1.0000,0.0005,0.0083,-0.0017,-0.0251,0.0091,-0.1078,0
1697600,1.0000,0.0005,0.0083,-0.0017,-0.0149,0.0015,-0.1025,0
1697767,1.0000,0.0005,0.0083,-0.0017,-0.0043,0.0079,-0.1385,0
1697934,1.0000,0.0005,0.0083,-0.0017,-0.0068,0.0011,-0.1236,0
1698100,1.0000,0.0005,0.0083,-0.0017,0.0062,-0.0079,-0.1212,0
1698267,1.0000,0.0005,0.0083,-0.0017,-0.0038,-0.0015,-0.1139,0
1698434,1.0000,0.0005,0.0083,-0.0017,-0.0120,-0.0042,-0.1306,0
1698600,1.0000,0.0005,0.0083,-0.0017,0.0004,0.0107,-0.1171,0
1698767,1.0000,0.0005,0.0083,-0.0017,-0.0025,0.0027,-0.1163,0
1698934,1.0000,0.0005,0.0083,-0.0017,-0.0102,-0.0009,-0.1155,0
1699100,1.0000,0.0005,0.0083,-0.0017,-0.0063,-0.0108,-0.1083,0
1699267,1.0000,0.0005,0.0083,-0.0017,-0.0032,0.0059,-0.1124,0
1699434,1.0000,0.0006,0.0083,-0.0017,0.0086,0.0104,-0.1222,0
1699600,1.0000,0.0005,0.0083,-0.0017,0.0118,-0.0128,-0.1292,0
1699767,1.0000,0.0005,0.0083,-0.0017,-0.0230,-0.0020,-0.0853,0
1699934,1.0000,0.0005,0.0083,-0.0017,-0.0205,0.0160,-0.0962,0
1700100,1.0000,0.0005,0.0083,-0.0017,0.0026,-0.0063,-0.1211,0
1700267,1.0000,0.0006,0.0083,-0.0017,-0.0016,0.0054,-0.1008,0
1700434,1.0000,0.0006,0.0083,-0.0017,-0.0182,-0.0070,-0.1329,0
1700600,1.0000,0.0006,0.0083,-0.0017,-0.0009,-0.0122,-0.1342,0
1700767,1.0000,0.0006,0.0083,-0.0017,0.0024,-0.0083,-0.1261,0
1700934,1.0000,0.0006,0.0083,-0.0017,-0.0023,-0.0004,-0.1026,0
1701100,1.0000,0.0006,0.0083,-0.0017,-0.0025,-0.0097,-0.1173,0
1701267,1.0000,0.0006,0.0083,-0.0017,-0.0070,-0.0038,-0.1144,0
1701434,1.0000,0.0005,0.0083,-0.0017,0.0010,0.0055,-0.1154,0
1701600,1.0000,0.0005,0.0083,-0.0017,-0.0060,-0.0064,-0.1086,0
1701767,1.0000,0.0005,0.0083,-0.0017,0.0139,0.0059,-0.1266,0
1701934,1.0000,0.0005,0.0083,-0.0017,-0.0131,-0.0074,-0.1039,0
1702100,1.0000,0.0005,0.0083,-0.0017,-0.0211,0.0025,-0.1136,0
1702267,1.0000,0.0005,0.0083,-0.0017,-0.0015,-0.0126,-0.1065,0
1702434,1.0000,0.0005,0.0083,-0.0017,0.0037,0.0064,-0.1057,0
1702601,1.0000,0.0005,0.0083,-0.0017,0.0005,0.0035,-0.0787,0
1702767,1.0000,0.0005,0.0083,-0.0017,-0.0191,-0.0177,-0.1212,0
1702934,1.0000,0.0005,0.0083,-0.0017,-0.0132,-0.0030,-0.1287,0
1703101,1.0000,0.0005,0.0083,-0.0017,0.0144,-0.0153,-0.1305,0
1703267,1.0000,0.0005,0.0083,-0.0017,0.0008,-0.0103,-0.1207,0
1703434,1.0000,0.0005,0.0083,-0.0018,-0.0158,-0.0141,-0.1252,0
1703601,1.0000,0.0005,0.0083,-0.0018,-0.0195,-0.0216,-0.1153,0
1703767,1.0000,0.0005,0.0083,-0.0018,0.0019,0.0139,-0.1134,0
1703934,1.0000,0.0006,0.0083,-0.0018,0.0003,0.0121,-0.1128,0
1704101,1.0000,0.0006,0.0083,-0.0018,-0.0148,-0.0057,-0.1247,0
1704267,1.0000,0.0006,0.0083,-0.0018,-0.0084,0.0051,-0.1155,0
1704434,1.0000,0.0006,0.0083,-0.0018,-0.0037,0.0071,-0.1282,0
1704601,1.0000,0.0006,0.0083,-0.0018,0.0019,-0.0009,-0.1221,0
1704767,1.0000,0.0006,0.0083,-0.0018,-0.0113,0.0090,-0.0962,0
1704934,1.0000,0.0006,0.0083,-0.0018,-0.0091,-0.0053,-0.1129,0
1705101,1.0000,0.0006,0.0083,-0.0017,-0.0011,-0.0197,-0.1107,0
1705267,1.0000,0.0005,0.0083,-0.0017,-0.0301,-0.0144,-0.1144,0
1705434,1.0000,0.0005,0.0083,-0.0017,-0.0106,-0.0090,-0.0956,0
1705601,1.0000,0.0006,0.0083,-0.0017,-0.0082,-0.0202,-0.1207,0
1705767,1.0000,0.0006,0.0083,-0.0017,0.0025,-0.0030,-0.1015,0
1705934,1.0000,0.0006,0.0083,-0.0017,-0.0035,0.0096,-0.1234,0
1706101,1.0000,0.0006,0.0083,-0.0017,-0.0017,-0.0215,-0.1111,0
1706267,1.0000,0.0006,0.0083,-0.0017,-0.0206,-0.0168,-0.1232,0
1706434,1.0000,0.0006,0.0083,-0.0017,0.0138,-0.0052,-0.1084,0
1706601,1.0000,0.0006,0.0083,-0.0017,-0.0018,0.0138,-0.1297,0
1706767,1.0000,0.0006,0.0083,-0.0017,-0.0046,0.0025,-0.1098,0
1706934,1.0000,0.0006,0.0083,-0.0017,-0.0032,0.0017,-0.1211,0
1707101,1.0000,0.0006,0.0083,-0.0017,-0.0020,-0.0075,-0.1242,0
1707267,1.0000,0.0006,0.0083,-0.0017,-0.0057,-0.0058,-0.1000,0
1707434,1.0000,0.0006,0.0083,-0.0017,0.0062,0.0067,-0.1124,0
1707601,1.0000,0.0006,0.0083,-0.0017,0.0171,-0.0015,-0.1088,0
1707767,1.0000,0.0006,0.0083,-0.0017,-0.0133,-0.0087,-0.1185,0
1707934,1.0000,0.0006,0.0083,-0.0017,-0.0021,-0.0031,-0.1324,0
1708101,1.0000,0.0006,0.0083,-0.0017,0.0101,0.0046,-0.1085,0
1708267,1.0000,0.0005,0.0082,-0.0017,-0.0155,-0.0118,-0.1096,0
1708434,1.0000,0.0005,0.0082,-0.0017,-0.0166,0.0033,-0.1122,0
1708601,1.0000,0.0005,0.0082,-0.0017,-0.0103,-0.0074,-0.1167,0
1708767,1.0000,0.0005,0.0082,-0.0017,-0.0067,-0.0040,-0.1237,0
1708934,1.0000,0.0005,0.0082,-0.0017,-0.0130,-0.0067,-0.1221,0
1709101,1.0000,0.0005,0.0082,-0.0017,-0.0119,-0.0079,-0.1088,0
1709267,1.0000,0.0005,0.0082,-0.0017,-0.0147,-0.0175,-0.1392,0
1709434,1.0000,0.0005,0.0082,-0.0017,-0.0012,-0.0023,-0.1197,0
1709601,1.0000,0.0005,0.0082,-0.0017,0.0094,0.0028,-0.1158,0
1709767,1.0000,0.0005,0.0082,-0.0017,-0.0185,-0.0038,-0.1085,0
1709934,1.0000,0.0005,0.0082,-0.0017,-0.0073,0.0006,-0.0978,0
1710101,1.0000,0.0005,0.0082,-0.0017,-0.0078,-0.0062,-0.1201,0
1710267,1.0000,0.0005,0.0082,-0.0017,-0.0032,0.0006,-0.1142,0
1710434,1.0000,0.0005,0.0082,-0.0017,-0.0061,-0.0102,-0.1090,0
1710601,1.0000,0.0005,0.0083,-0.0017,-0.0025,0.0034,-0.0861,0
1710767,1.0000,0.0005,0.0083,-0.0017,-0.0092,-0.0076,-0.1272,0
1710934,1.0000,0.0005,0.0083,-0.0017,-0.0008,-0.0070,-0.1189,0
1711101,1.0000,0.0005,0.0083,-0.0017,-0.0196,-0.0072,-0.1294,0
1711267,1.0000,0.0005,0.0082,-0.0017,-0.0142,0.0051,-0.0951,0
1711434,1.0000,0.0005,0.0082,-0.0017,-0.0039,0.0058,-0.1364,0
1711601,1.0000,0.0005,0.0082,-0.0017,0.0027,-0.0048,-0.1134,0
1711767,1.0000,0.0005,0.0082,-0.0017,0.0113,-0.0079,-0.1300,0
1711934,1.0000,0.0005,0.0082,-0.0017,-0.0067,-0.0034,-0.1057,0
1712101,1.0000,0.0005,0.0082,-0.0017,-0.0155,0.0080,-0.1091,0
1712267,1.0000,0.0005,0.0083,-0.0017,-0.0102,-0.0058,-0.1089,0
1712434,1.0000,0.0005,0.0082,-0.0017,-0.0140,-0.0102,-0.1032,0
1712601,1.0000,0.0005,0.0083,-0.0017,-0.0147,-0.0136,-0.1042,0
1712767,1.0000,0.0005,0.0083,-0.0017,-0.0001,-0.0176,-0.1114,0
1712934,1.0000,0.0005,0.0083,-0.0017,-0.0108,0.0147,-0.1297,0
1713101,1.0000,0.0005,0.0083,-0.0017,-0.0057,0.0099,-0.1239,0
1713267,1.0000,0.0005,0.0083,-0.0017,0.0045,-0.0204,-0.1178,0
1713434,1.0000,0.0005,0.0083,-0.0017,0.0100,-0.0016,-0.1202,0
1713601,1.0000,0.0005,0.0083,-0.0017,-0.0131,0.0126,-0.1134,0
1713767,1.0000,0.0005,0.0083,-0.0017,-0.0104,0.0146,-0.1021,0
1713934,1.0000,0.0005,0.0083,-0.0017,-0.0150,0.0080,-0.1074,0
1714101,1.0000,0.0005,0.0083,-0.0017,0.0018,-0.0110,-0.1175,0
1714267,1.0000,0.0005,0.0082,-0.0017,-0.0036,-0.0032,-0.1010,0
1714434,1.0000,0.0005,0.0082,-0.0018,-0.0217,0.0101,-0.1042,0
1714601,1.0000,0.0005,0.0083,-0.0017,-0.0168,-0.0002,-0.0929,0
1714767,1.0000,0.0005,0.0083,-0.0018,-0.0019,0.0070,-0.1192,0
1714934,1.0000,0.0005,0.0082,-0.0018,0.0081,0.0011,-0.1176,0
1715101,1.0000,0.0005,0.0082,-0.0018,0.0032,0.0010,-0.1291,0
1715267,1.0000,0.0005,0.0082,-0.0018,-0.0090,-0.0053,-0.1087,0
1715434,1.0000,0.0005,0.0082,-0.0018,-0.0013,-0.0048,-0.1405,0
1715601,1.0000,0.0005,0.0082,-0.0018,-0.0106,-0.0005,-0.1213,0
1715767,1.0000,0.0005,0.0082,-0.0018,0.0160,0.0017,-0.1224,0
1715934,1.0000,0.0005,0.0082,-0.0018,-0.0020,-0.0014,-0.1185,0
1716101,1.0000,0.0005,0.0082,-0.0018,-0.0124,0.0025,-0.1080,0
1716267,1.0000,0.0005,0.0082,-0.0018,-0.0017,-0.0033,-0.1109,0
1716434,1.0000,0.0005,0.0082,-0.0018,-0.0061,-0.0094,-0.0900,0
1716601,1.0000,0.0005,0.0082,-0.0018,-0.0136,0.0049,-0.1076,0
1716767,1.0000,0.0005,0.0082,-0.0018,-0.0147,-0.0065,-0.0822,0
1716934,1.0000,0.0005,0.0082,-0.0018,0.0017,-0.0089,-0.1169,0
1717101,1.0000,0.0005,0.0082,-0.0018,0.0013,-0.0039,-0.1140,0
1717267,1.0000,0.0005,0.0082,-0.0018,-0.0137,-0.0197,-0.1177,0
1717434,1.0000,0.0005,0.0082,-0.0018,-0.0005,-0.0044,-0.1214,0
1717601,1.0000,0.0005,0.0082,-0.0018,-0.0115,0.0094,-0.1172,0
1717767,1.0000,0.0005,0.0082,-0.0018,0.0069,0.0125,-0.1196,0
1717934,1.0000,0.0005,0.0082,-0.0018,0.0013,0.0022,-0.1339,0
1718101,1.0000,0.0005,0.0082,-0.0018,-0.0086,-0.0044,-0.1229,0
1718267,1.0000,0.0005,0.0082,-0.0018,-0.0118,-0.0105,-0.1107,0
1718434,1.0000,0.0005,0.0082,-0.0018,-0.0115,0.0021,-0.1117,0
1718601,1.0000,0.0005,0.0082,-0.0018,-0.0022,0.0005,-0.1112,0
1718767,1.0000,0.0005,0.0082,-0.0018,-0.0022,-0.0064,-0.1071,0
1718934,1.0000,0.0005,0.0082,-0.0018,-0.0036,-0.0040,-0.1291,0
1719101,1.0000,0.0005,0.0082,-0.0018,-0.0049,-0.0024,-0.1067,0
1719268,1.0000,0.0005,0.0082,-0.0018,-0.0094,-0.0012,-0.1008,0
1719434,1.0000,0.0005,0.0082,-0.0018,-0.0114,-0.0040,-0.1112,0
1719601,1.0000,0.0005,0.0082,-0.0018,-0.0025,-0.0063,-0.1109,0
1719768,1.0000,0.0005,0.0082,-0.0018,0.0000,0.0001,-0.0915,0
1719934,1.0000,0.0005,0.0082,-0.0018,0.0013,-0.0120,-0.1039,0
1720101,1.0000,0.0005,0.0082,-0.0018,-0.0061,-0.0183,-0.1227,0
1720268,1.0000,0.0005,0.0082,-0.0018,-0.0019,-0.0099,-0.1098,0
1720434,1.0000,0.0005,0.0082,-0.0018,-0.0051,-0.0028,-0.1090,0
1720601,1.0000,0.0005,0.0082,-0.0018,-0.0059,-0.0089,-0.1065,0
1720768,1.0000,0.0005,0.0082,-0.0018,-0.0123,-0.0097,-0.0916,0
1720934,1.0000,0.0005,0.0082,-0.0018,-0.0121,-0.0107,-0.1366,0
1721101,1.0000,0.0005,0.0082,-0.0018,-0.0083,-0.0028,-0.1167,0
1721268,1.0000,0.0005,0.0082,-0.0018,-0.0013,0.0055,-0.1119,0
1721434,1.0000,0.0005,0.0082,-0.0018,0.0011,0.0084,-0.1213,0
1721601,1.0000,0.0005,0.0082,-0.0018,-0.0160,-0.0139,-0.1128,0
1721768,1.0000,0.0005,0.0082,-0.0018,-0.0131,-0.0117,-0.1155,0
1721934,1.0000,0.0005,0.0082,-0.0018,0.0099,-0.0109,-0.1287,0
1722101,1.0000,0.0005,0.0082,-0.0018,0.0002,-0.0009,-0.1181,0
1722268,1.0000,0.0005,0.0082,-0.0018,-0.0187,-0.0091,-0.1100,0
1722434,1.0000,0.0005,0.0082,-0.0018,-0.0188,0.0033,-0.1174,0
1722601,1.0000,0.0005,0.0082,-0.0018,-0.0044,-0.0167,-0.1099,0
1722768,1.0000,0.0005,0.0082,-0.0018,-0.0082,-0.0005,-0.1217,0
1722934,1.0000,0.0005,0.0082,-0.0018,-0.0078,0.0109,-0.1221,0
1723101,1.0000,0.0005,0.0082,-0.0018,-0.0012,0.0020,-0.1192,0
1723268,1.0000,0.0005,0.0082,-0.0018,0.0029,0.0112,-0.0907,0
1723434,1.0000,0.0006,0.0082,-0.0018,-0.0053,0.0031,-0.1108,0
1723601,1.0000,0.0006,0.0082,-0.0018,-0.0121,-0.0084,-0.1233,0
1723768,1.0000,0.0006,0.0082,-0.0017,-0.0074,0.0033,-0.1081,0
1723934,1.0000,0.0006,0.0082,-0.0018,-0.0061,0.0093,-0.0767,0
1724101,1.0000,0.0005,0.0082,-0.0018,-0.0134,-0.0098,-0.1223,0
1724268,1.0000,0.0005,0.0082,-0.0018,-0.0097,-0.0039,-0.0936,0
1724434,1.0000,0.0005,0.0082,-0.0017,-0.0016,-0.0054,-0.1299,0
1724601,1.0000,0.0005,0.0082,-0.0018,0.0029,-0.0120,-0.1203,0
1724768,1.0000,0.0005,0.0082,-0.0018,0.0073,0.0014,-0.1028,0
1724934,1.0000,0.0005,0.0082,-0.0018,0.0012,0.0017,-0.0986,0
1725101,1.0000,0.0005,0.0082,-0.0018,0.0024,-0.0077,-0.1163,0
1725268,1.0000,0.0005,0.0082,-0.0018,0.0062,-0.0071,-0.0956,0
1725434,1.0000,0.0005,0.0082,-0.0017,0.0057,0.0104,-0.1400,0
1725601,1.0000,0.0005,0.0082,-0.0017,-0.0070,-0.0028,-0.1177,0
1725768,1.0000,0.0005,0.0082,-0.0017,-0.0053,-0.0003,-0.0952,0
1725934,1.0000,0.0005,0.0082,-0.0017,-0.0129,0.0069,-0.1289,0
1726101,1.0000,0.0006,0.0082,-0.0018,0.0107,-0.0058,-0.1052,0
1726268,1.0000,0.0006,0.0082,-0.0018,0.0005,-0.0064,-0.1041,0
1726434,1.0000,0.0006,0.0082,-0.0018,-0.0061,-0.0055,-0.1223,0
1726601,1.0000,0.0006,0.0082,-0.0018,-0.0132,-0.0051,-0.1048,0
1726768,1.0000,0.0006,0.0082,-0.0017,0.0062,-0.0042,-0.1148,0
1726934,1.0000,0.0006,0.0082,-0.0018,0.0109,0.0015,-0.0986,0
1727101,1.0000,0.0006,0.0082,-0.0018,-0.0025,-0.0116,-0.1109,0
1727268,1.0000,0.0006,0.0082,-0.0018,-0.0080,0.0007,-0.1080,0
1727434,1.0000,0.0006,0.0082,-0.0018,-0.0111,-0.0024,-0.1392,0
1727601,1.0000,0.0006,0.0082,-0.0018,0.0066,0.0139,-0.1228,0
1727768,1.0000,0.0006,0.0082,-0.0018,0.0027,-0.0052,-0.1010,0
1727934,1.0000,0.0006,0.0082,-0.0018,-0.0087,-0.0151,-0.1150,0
1728101,1.0000,0.0006,0.0082,-0.0018,0.0017,0.0096,-0.1329,0
1728268,1.0000,0.0006,0.0082,-0.0018,-0.0010,0.0037,-0.1062,0
1728434,1.0000,0.0006,0.0082,-0.0018,0.0112,-0.0110,-0.1151,0
1728601,1.0000,0.0006,0.0082,-0.0018,-0.0163,0.0067,-0.1163,0
1728768,1.0000,0.0006,0.0082,-0.0018,-0.0157,0.0110,-0.0969,0
1728934,1.0000,0.0005,0.0082,-0.0018,0.0027,0.0052,-0.1261,0
1729101,1.0000,0.0005,0.0082,-0.0017,0.0009,0.0034,-0.1040,0
1729268,1.0000,0.0006,0.0082,-0.0017,-0.0129,0.0008,-0.1110,0
1729434,1.0000,0.0005,0.0082,-0.0017,0.0039,0.0005,-0.1097,0
1729601,1.0000,0.0005,0.0082,-0.0017,-0.0057,0.0013,-0.0916,0
1729768,1.0000,0.0005,0.0082,-0.0017,-0.0098,0.0108,-0.1049,0
1729934,1.0000,0.0005,0.0082,-0.0018,-0.0098,0.0027,-0.1159,0
1730101,1.0000,0.0005,0.0082,-0.0018,-0.0077,-0.0109,-0.1147,0
1730268,1.0000,0.0005,0.0082,-0.0018,-0.0054,-0.0169,-0.1174,0
1730434,1.0000,0.0005,0.0082,-0.0018,0.0083,0.0071,-0.1002,0
1730601,1.0000,0.0005,0.0082,-0.0017,-0.0038,-0.0068,-0.1137,0
1730768,1.0000,0.0005,0.0082,-0.0018,0.0105,-0.0096,-0.1041,0
1730934,1.0000,0.0005,0.0082,-0.0018,-0.0130,-0.0057,-0.1099,0
1731101,1.0000,0.0005,0.0082,-0.0018,-0.0050,0.0094,-0.1082,0
1731268,1.0000,0.0005,0.0082,-0.0018,-0.0073,-0.0036,-0.1139,0
1731434,1.0000,0.0005,0.0082,-0.0018,0.0092,-0.0053,-0.0993,0
1731601,1.0000,0.0005,0.0082,-0.0018,0.0028,-0.0060,-0.1069,0
1731768,1.0000,0.0005,0.0082,-0.0018,0.0040,-0.0011,-0.1197,0
1731934,1.0000,0.0005,0.0082,-0.0018,-0.0009,-0.0007,-0.1052,0
1732101,1.0000,0.0005,0.0082,-0.0018,-0.0045,-0.0016,-0.1250,0
1732268,1.0000,0.0005,0.0082,-0.0018,0.0050,0.0033,-0.1098,0
1732434,1.0000,0.0005,0.0082,-0.0018,-0.0024,-0.0022,-0.1123,0
1732601,1.0000,0.0005,0.0082,-0.0018,-0.0008,-0.0029,-0.1190,0
1732768,1.0000,0.0005,0.0082,-0.0018,0.0037,-0.0016,-0.1124,0
1732934,1.0000,0.0005,0.0082,-0.0018,0.0028,0.0043,-0.1087,0
1733101,1.0000,0.0005,0.0082,-0.0018,-0.0158,-0.0011,-0.1158,0
1733268,1.0000,0.0005,0.0082,-0.0018,-0.0008,0.0042,-0.0983,0
1733434,1.0000,0.0005,0.0082,-0.0018,-0.0143,0.0024,-0.1051,0
1733601,1.0000,0.0005,0.0082,-0.0018,-0.0033,-0.0030,-0.0905,0
1733768,1.0000,0.0005,0.0082,-0.0018,-0.0036,0.0141,-0.1461,0
1733934,1.0000,0.0005,0.0082,-0.0018,-0.0021,0.0059,-0.1159,0
1734101,1.0000,0.0005,0.0082,-0.0018,-0.0142,-0.0018,-0.1343,0
1734268,1.0000,0.0005,0.0082,-0.0018,-0.0123,-0.0037,-0.0999,0
1734434,1.0000,0.0005,0.0082,-0.0018,-0.0042,0.0076,-0.1119,0
1734601,1.0000,0.0005,0.0082,-0.0018,0.0015,-0.0094,-0.1084,0
1734768,1.0000,0.0005,0.0082,-0.0018,-0.0132,0.0119,-0.0945,0
1734934,1.0000,0.0005,0.0082,-0.0018,-0.0023,0.0073,-0.1073,0
1735101,1.0000,0.0005,0.0082,-0.0018,-0.0088,0.0154,-0.1359,0
1735268,1.0000,0.0005,0.0082,-0.0018,-0.0137,-0.0112,-0.1101,0
1735434,1.0000,0.0005,0.0082,-0.0018,0.0013,0.0011,-0.1260,0
1735601,1.0000,0.0005,0.0082,-0.0018,0.0008,-0.0013,-0.1155,0
1735768,1.0000,0.0005,0.0082,-0.0018,-0.0106,-0.0018,-0.1013,0
1735935,1.0000,0.0005,0.0082,-0.0018,0.0015,-0.0115,-0.1031,0
1736101,1.0000,0.0005,0.0082,-0.0018,0.0015,-0.0045,-0.1123,0
1736268,1.0000,0.0005,0.0082,-0.0018,-0.0119,0.0078,-0.1380,0
1736435,1.0000,0.0005,0.0082,-0.0017,-0.0171,-0.0051,-0.1341,0
1736601,1.0000,0.0005,0.0082,-0.0018,0.0028,0.0076,-0.1148,0
1736768,1.0000,0.0005,0.0082,-0.0018,-0.0141,0.0058,-0.1093,0
1736935,1.0000,0.0005,0.0082,-0.0018,-0.0133,0.0000,-0.1186,0
1737101,1.0000,0.0005,0.0082,-0.0018,-0.0087,-0.0043,-0.0966,0
1737268,1.0000,0.0005,0.0082,-0.0018,-0.0055,-0.0155,-0.1019,0
1737435,1.0000,0.0005,0.0082,-0.0018,-0.0106,-0.0077,-0.1141,0
1737601,1.0000,0.0005,0.0082,-0.0018,-0.0080,0.0029,-0.1050,0
1737768,1.0000,0.0005,0.0082,-0.0018,-0.0015,-0.0057,-0.0925,0
1737935,1.0000,0.0005,0.0082,-0.0018,-0.0084,0.0039,-0.1350,0
1738101,1.0000,0.0005,0.0082,-0.0018,-0.0052,0.0034,-0.1205,0
1738268,1.0000,0.0005,0.0082,-0.0018,-0.0068,-0.0091,-0.0996,0
1738435,1.0000,0.0005,0.0082,-0.0018,-0.0087,0.0034,-0.1249,0
1738601,1.0000,0.0005,0.0082,-0.0018,-0.0166,0.0009,-0.1063,0
1738768,1.0000,0.0005,0.0082,-0.0018,-0.0010,0.0085,-0.0996,0
1738935,1.0000,0.0005,0.0082,-0.0018,-0.0111,0.0029,-0.1146,0
1739101,1.0000,0.0005,0.0082,-0.0018,-0.0097,0.0074,-0.1098,0
1739268,1.0000,0.0005,0.0082,-0.0018,-0.0213,0.0017,-0.1192,0
1739435,1.0000,0.0005,0.0082,-0.0018,-0.0133,-0.0087,-0.0825,0
1739601,1.0000,0.0005,0.0082,-0.0018,-0.0130,-0.0050,-0.1022,0
1739768,1.0000,0.0005,0.0082,-0.0018,-0.0059,-0.0097,-0.1251,0
1739935,1.0000,0.0005,0.0082,-0.0018,-0.0069,0.0067,-0.1335,0
1740101,1.0000,0.0005,0.0082,-0.0018,-0.0124,0.0054,-0.1088,0
1740268,1.0000,0.0005,0.0082,-0.0018,-0.0075,-0.0086,-0.1193,0
1740435,1.0000,0.0005,0.0082,-0.0018,-0.0057,-0.0043,-0.1336,0
1740601,1.0000,0.0005,0.0082,-0.0018,-0.0079,0.0057,-0.1165,0
1740768,1.0000,0.0005,0.0082,-0.0018,0.0059,-0.0039,-0.1074,0
1740935,1.0000,0.0005,0.0082,-0.0018,-0.0048,-0.0098,-0.0971,0
1741101,1.0000,0.0005,0.0082,-0.0018,-0.0106,0.0145,-0.1181,0
1741268,1.0000,0.0005,0.0082,-0.0018,-0.0009,0.0029,-0.1003,0
1741435,1.0000,0.0005,0.0082,-0.0018,0.0052,-0.0019,-0.1264,0
1741601,1.0000,0.0005,0.0082,-0.0018,-0.0050,-0.0071,-0.1018,0
1741768,1.0000,0.0005,0.0082,-0.0018,-0.0074,-0.0051,-0.1215,0
1741935,1.0000,0.0005,0.0082,-0.0018,-0.0088,-0.0013,-0.1284,0
1742101,1.0000,0.0005,0.0082,-0.0018,-0.0041,0.0144,-0.0889,0
1742268,1.0000,0.0005,0.0082,-0.0018,-0.0149,0.0068,-0.1077,0
1742435,1.0000,0.0005,0.0082,-0.0018,-0.0044,0.0032,-0.0947,0
1742601,1.0000,0.0005,0.0082,-0.0018,-0.0079,-0.0131,-0.0977,0
1742768,1.0000,0.0005,0.0082,-0.0018,-0.0004,0.0101,-0.0919,0
1742935,1.0000,0.0005,0.0083,-0.0018,-0.0107,0.0035,-0.1067,0
1743101,1.0000,0.0005,0.0082,-0.0018,0.0002,-0.0043,-0.1160,0
1743268,1.0000,0.0005,0.0083,-0.0018,-0.0199,-0.0088,-0.1165,0
1743435,1.0000,0.0005,0.0082,-0.0018,-0.0185,-0.0010,-0.1021,0
1743601,1.0000,0.0005,0.0082,-0.0018,-0.0218,-0.0109,-0.1060,0
1743768,1.0000,0.0005,0.0082,-0.0018,-0.0225,0.0046,-0.1167,0
1743935,1.0000,0.0005,0.0082,-0.0018,-0.0191,-0.0030,-0.0956,0
1744101,1.0000,0.0005,0.0082,-0.0018,-0.0182,0.0027,-0.1135,0
1744268,1.0000,0.0005,0.0082,-0.0018,0.0020,0.0078,-0.1207,0
1744435,1.0000,0.0005,0.0082,-0.0018,-0.0146,0.0074,-0.1078,0
1744601,1.0000,0.0005,0.0083,-0.0018,-0.0037,-0.0027,-0.1249,0
1744768,1.0000,0.0005,0.0082,-0.0018,-0.0048,0.0016,-0.1004,0
1744935,1.0000,0.0005,0.0082,-0.0018,-0.0099,0.0033,-0.1263,0
1745101,1.0000,0.0005,0.0082,-0.0018,-0.0011,0.0075,-0.1139,0
1745268,1.0000,0.0005,0.0082,-0.0018,-0.0270,-0.0002,-0.0954,0
1745435,1.0000,0.0005,0.0082,-0.0018,-0.0065,0.0105,-0.0964,0
1745601,1.0000,0.0005,0.0082,-0.0018,-0.0083,-0.0148,-0.1066,0
1745768,1.0000,0.0005,0.0082,-0.0018,-0.0057,0.0107,-0.1063,0
1745935,1.0000,0.0005,0.0082,-0.0018,0.0013,0.0010,-0.1235,0
1746101,1.0000,0.0005,0.0082,-0.0018,-0.0024,-0.0165,-0.1306,0
1746268,1.0000,0.0005,0.0082,-0.0018,-0.0183,0.0036,-0.1059,0
1746435,1.0000,0.0005,0.0083,-0.0018,-0.0100,0.0115,-0.1206,0
1746601,1.0000,0.0005,0.0082,-0.0018,0.0102,0.0089,-0.0814,0
1746768,1.0000,0.0005,0.0083,-0.0018,-0.0129,-0.0050,-0.1138,0
1746935,1.0000,0.0005,0.0082,-0.0018,-0.0173,0.0012,-0.1111,0
1747101,1.0000,0.0005,0.0083,-0.0018,-0.0062,0.0027,-0.1122,0
1747268,1.0000,0.0005,0.0083,-0.0018,0.0064,0.0041,-0.1104,0
1747435,1.0000,0.0005,0.0083,-0.0018,-0.0126,-0.0047,-0.1056,0
1747601,1.0000,0.0005,0.0083,-0.0018,-0.0120,0.0029,-0.1233,0
1747768,1.0000,0.0005,0.0083,-0.0018,-0.0218,0.0082,-0.1039,0
1747935,1.0000,0.0005,0.0083,-0.0018,-0.0030,0.0086,-0.0983,0
1748101,1.0000,0.0005,0.0083,-0.0018,-0.0038,-0.0009,-0.1077,0
1748268,1.0000,0.0006,0.0082,-0.0018,-0.0059,-0.0098,-0.1036,0
1748435,1.0000,0.0006,0.0083,-0.0018,-0.0183,0.0079,-0.1195,0
1748601,1.0000,0.0006,0.0083,-0.0018,0.0037,-0.0098,-0.0988,0
1748768,1.0000,0.0006,0.0083,-0.0018,-0.0136,0.0009,-0.1076,0
1748935,1.0000,0.0006,0.0083,-0.0018,-0.0136,-0.0018,-0.1138,0
1749101,1.0000,0.0006,0.0083,-0.0018,-0.0167,0.0032,-0.1078,0
1749268,1.0000,0.0006,0.0083,-0.0018,-0.0051,0.0034,-0.1085,0
1749435,1.0000,0.0005,0.0083,-0.0018,-0.0073,-0.0030,-0.0997,0
1749601,1.0000,0.0005,0.0083,-0.0018,0.0145,0.0080,-0.1348,0
1749768,1.0000,0.0005,0.0083,-0.0018,-0.0052,-0.0003,-0.1112,0
1749935,1.0000,0.0005,0.0083,-0.0018,-0.0018,-0.0070,-0.1201,0
1750101,1.0000,0.0005,0.0083,-0.0018,-0.0011,-0.0126,-0.1271,0
1750268,1.0000,0.0005,0.0083,-0.0017,-0.0065,0.0060,-0.1132,0
1750435,1.0000,0.0005,0.0083,-0.0018,-0.0011,0.0080,-0.1285,0
1750601,1.0000,0.0005,0.0083,-0.0018,-0.0019,-0.0026,-0.0992,0
1750768,0.4468,-0.0072,0.0042,0.8946,-0.0043,-0.0129,-0.1049,0
1750935,0.4468,-0.0072,0.0042,0.8946,-0.0002,0.0027,-0.1192,0
1751101,0.4468,-0.0072,0.0042,0.8946,0.0023,-0.0047,-0.0961,0
1751268,0.4468,-0.0072,0.0042,0.8946,-0.0047,-0.0072,-0.1233,0
1751435,0.4468,-0.0072,0.0042,0.8946,0.0040,-0.0236,-0.1068,0
1751601,0.4468,-0.0072,0.0042,0.8946,0.0011,-0.0031,-0.1004,0
1751768,0.4468,-0.0072,0.0042,0.8946,0.0104,-0.0017,-0.1075,0
1751935
1752101
