DeviceTag: Movella DOT3,FirmwareVersion: 3.0.0,AppVersion: 2023.6.0,SyncStatus: Unknown (Synced/Un-synced),OutputRate: 60,FilterProfile: Unknown,Measurement Mode: Sensor fusion Mode - Extended (Euler),StartTime: 2026-04-02 14:21:03.344,© Movella Technologies B.V. 2005-2026
SampleTimeFine,Quat_W,Quat_X,Quat_Y,Quat_Z,FreeAcc_X,FreeAcc_Y,FreeAcc_Z,Status
23712114,0.4057,0.4549,-0.4263,0.6684,-0.1687,-0.1332,-0.2557,0
23712281,0.3950,0.4644,-0.4285,0.6669,-0.2352,-0.7754,-0.0651,0
23712448,0.3842,0.4757,-0.4277,0.6658,-0.1655,-0.3315,0.0560,0
23712614,0.3686,0.4915,-0.4299,0.6616,-0.0048,0.5698,-0.0214,0
23712781,0.3482,0.5095,-0.4340,0.6564,0.2298,0.7418,0.4729,0
23712948,-0.3274,-0.5259,0.4354,-0.6532,0.1297,0.6862,1.1063,0
23713114,-0.3102,-0.5381,0.4334,-0.6530,-0.1042,0.7371,1.1660,0
23713281,-0.2947,-0.5480,0.4302,-0.6540,0.2231,0.9606,1.0759,0
23713448,-0.2802,-0.5567,0.4263,-0.6557,0.3959,1.5689,1.7296,0
23713615,-0.2665,-0.5636,0.4237,-0.6572,-0.1089,1.7935,1.5243,0
23713781,-0.2541,-0.5670,0.4225,-0.6598,-0.4277,1.4041,1.3522,0
23713948,-0.2432,-0.5684,0.4214,-0.6634,-0.2468,0.8862,1.1545,0
23714115,-0.2355,-0.5671,0.4175,-0.6698,-0.4375,1.3264,1.4376,0
23714281,-0.2330,-0.5622,0.4092,-0.6799,-0.6318,0.4497,0.6895,0
23714448,-0.2354,-0.5549,0.3983,-0.6914,-0.0285,-0.7556,0.1800,0
23714615,-0.2402,-0.5483,0.3870,-0.7013,0.2594,-1.7499,0.0674,0
23714781,-0.2460,-0.5427,0.3768,-0.7092,0.2722,-2.4147,0.0091,0
23714948,-0.2513,-0.5389,0.3691,-0.7143,0.6965,-3.1010,-0.0319,0
23715115,-0.2545,-0.5385,0.3652,-0.7155,1.1011,-3.6077,-0.3853,0
23715281,-0.2551,-0.5417,0.3658,-0.7125,0.9357,-3.6211,-0.7364,0
23715448,-0.2541,-0.5474,0.3697,-0.7065,0.9579,-2.8521,-0.8785,0
23715615,-0.2520,-0.5548,0.3756,-0.6983,0.7656,-2.1885,-0.9030,0
23715781,-0.2487,-0.5628,0.3823,-0.6894,0.7663,-1.4019,-0.8597,0
23715948,-0.2452,-0.5679,0.3882,-0.6832,0.2571,-1.4639,-0.3178,0
23716115,-0.2416,-0.5706,0.3925,-0.6797,0.2437,-2.0713,-0.1268,0
23716281,-0.2386,-0.5727,0.3953,-0.6774,0.4518,-2.1514,-0.1731,0
23716448,-0.2371,-0.5740,0.3976,-0.6755,0.6415,-2.0342,-0.1511,0
23716615,-0.2367,-0.5756,0.4004,-0.6726,0.6219,-1.7177,0.1116,0
23716781,-0.2354,-0.5791,0.4041,-0.6678,-0.7313,-1.3911,0.5309,0
23716948,-0.2339,-0.5824,0.4066,-0.6639,-3.4699,0.4644,-1.1980,0
23717115,-0.2333,-0.5842,0.4049,-0.6636,-0.7526,1.8149,-1.4331,0
23717281,-0.2343,-0.5885,0.4006,-0.6620,0.3709,0.9875,-1.3032,0
23717448,-0.2388,-0.5915,0.3964,-0.6603,0.8268,-1.1397,0.1654,0
23717615,-0.2431,-0.5931,0.3964,-0.6573,1.0807,-2.1724,2.5771,0
23717781,-0.2431,-0.5930,0.4025,-0.6537,0.4508,-0.2160,3.9643,0
23717948,-0.2367,-0.5901,0.4121,-0.6527,-0.8604,2.5820,3.4667,0
23718115,-0.2245,-0.5856,0.4217,-0.6549,-1.0618,3.0152,2.7966,0
23718281,-0.2083,-0.5807,0.4309,-0.6586,-0.5205,2.9657,3.9922,0
23718448,-0.1888,-0.5732,0.4379,-0.6664,0.2050,3.8779,6.3779,0
23718615,-0.1639,-0.5621,0.4423,-0.6794,0.5756,4.7925,8.8894,0
23718781,-0.1337,-0.5503,0.4457,-0.6933,-0.8351,2.2252,10.2271,0
23718948,-0.0970,-0.5372,0.4462,-0.7092,-1.9784,1.0923,10.1721,0
23719115,-0.0531,-0.5227,0.4444,-0.7256,-2.0462,-0.9474,8.4920,0
23719281,-0.0025,-0.5041,0.4426,-0.7416,-2.3011,-2.1593,6.6795,0
23719448,0.0532,-0.4793,0.4432,-0.7556,-2.5009,-2.7304,6.0122,0
23719615,0.1112,-0.4450,0.4482,-0.7673,-2.1788,-4.0970,4.2711,0
23719781,0.1706,-0.4025,0.4575,-0.7744,-1.5560,-4.7564,2.0722,0
23719948,0.2292,-0.3543,0.4694,-0.7757,-0.8985,-4.1075,0.5758,0
23720115,0.2855,-0.3042,0.4817,-0.7706,-0.2787,-3.4422,-0.0269,0
23720281,0.3383,-0.2538,0.4931,-0.7602,0.0633,-2.9164,-0.2787,0
23720448,0.3854,-0.2019,0.5041,-0.7460,0.2082,-2.2065,-0.1934,0
23720615,0.4263,-0.1481,0.5156,-0.7283,-0.5997,-1.7232,-0.5973,0
23720781,0.4609,-0.0925,0.5283,-0.7070,-0.8794,-1.6052,-0.8217,0
23720948,0.4906,-0.0344,0.5418,-0.6815,-1.1052,-1.3810,-1.4081,0
23721115,0.5175,0.0257,0.5547,-0.6511,-1.0015,-1.7515,-1.5230,0
23721281,0.5439,0.0863,0.5642,-0.6152,-0.8060,-1.9083,-2.0441,0
23721448,0.5709,0.1463,0.5680,-0.5745,-0.6197,-1.8224,-2.1999,0
23721615,0.5972,0.2053,0.5658,-0.5301,-1.2512,-1.4481,-2.5549,0
23721781,0.6220,0.2615,0.5575,-0.4837,-1.3953,-1.4232,-2.7030,0
23721948,0.6442,0.3129,0.5434,-0.4379,-1.2317,-1.7232,-3.0498,0
23722115,0.6630,0.3576,0.5253,-0.3958,-1.1328,-1.4870,-2.7958,0
23722281,0.6756,0.3973,0.5078,-0.3576,-1.1521,-1.2218,-1.8675,0
23722448,0.6824,0.4316,0.4925,-0.3249,-1.2908,-1.3534,-1.8203,0
23722615,0.6844,0.4609,0.4804,-0.2973,-1.8158,-1.5879,-2.7053,0
23722781,0.6843,0.4849,0.4703,-0.2746,-1.9971,-1.6700,-3.7865,0
23722948,0.6839,0.5040,0.4616,-0.2553,-1.5494,-1.1376,-4.5068,0
23723115,0.6838,0.5189,0.4542,-0.2384,-0.6590,-0.1837,-4.0666,0
23723281,0.6838,0.5305,0.4490,-0.2223,0.0340,1.0572,-3.2075,0
23723448,0.6835,0.5402,0.4454,-0.2067,0.5746,1.6426,-2.5750,0
23723615,0.6833,0.5487,0.4416,-0.1925,0.5928,1.8134,-2.5614,0
23723781,0.6826,0.5570,0.4375,-0.1800,0.3231,2.1885,-2.6240,0
23723948,0.6816,0.5658,0.4322,-0.1691,0.2072,1.9873,-2.4650,0
23724115,0.6801,0.5755,0.4256,-0.1584,0.1986,1.8707,-2.4826,0
23724281,0.6786,0.5862,0.4175,-0.1467,0.3997,1.6077,-2.7130,0
23724448,0.6768,0.5976,0.4090,-0.1328,0.5312,1.6946,-2.2084,0
23724615,0.6747,0.6087,0.4003,-0.1189,0.3033,1.2848,-1.5335,0
23724781,0.6727,0.6187,0.3914,-0.1071,0.1393,1.2369,-1.3648,0
23724948,0.6707,0.6277,0.3828,-0.0981,0.0196,1.0590,-1.3193,0
23725115,0.6685,0.6357,0.3752,-0.0909,-0.3900,1.0034,-0.9866,0
23725281,0.6664,0.6426,0.3686,-0.0844,-0.6284,1.1218,-0.6473,0
23725448,0.6642,0.6485,0.3639,-0.0768,-0.6135,1.0859,-0.1275,0
23725615,0.6621,0.6538,0.3597,-0.0688,-0.3095,0.6320,-0.2741,0
23725781,0.6601,0.6587,0.3558,-0.0605,-0.1861,0.8711,-0.6378,0
23725948,0.6580,0.6632,0.3527,-0.0523,-0.4221,0.9771,-0.4376,0
23726115,0.6569,0.6672,0.3482,-0.0451,-0.2755,0.8959,-0.5565,0
23726281,0.6556,0.6712,0.3440,-0.0372,-0.3769,1.1392,-0.3141,0
23726448,0.6532,0.6754,0.3410,-0.0281,-0.6658,0.8130,0.0375,0
23726615,0.6499,0.6799,0.3393,-0.0188,-0.6927,0.9574,-0.3586,0
23726781,0.6460,0.6841,0.3385,-0.0098,-0.3381,0.9116,-1.1970,0
23726948,0.6419,0.6880,0.3386,-0.0020,0.1045,0.9248,-1.7223,0
23727115,0.6376,0.6910,0.3407,0.0038,0.4372,0.9979,-2.0987,0
23727281,0.6326,0.6929,0.3460,0.0058,0.5483,0.8699,-2.4853,0
23727448,0.6272,0.6941,0.3534,0.0021,0.1266,1.0086,-2.5140,0
23727615,0.6217,0.6945,0.3621,-0.0064,0.0978,1.0088,-2.6691,0
23727781,0.6173,0.6939,0.3704,-0.0169,1.2700,1.3941,-2.6303,0
23727948,0.6137,0.6926,0.3781,-0.0261,1.0729,1.8024,-2.5078,0
23728115,0.6118,0.6905,0.3845,-0.0334,1.0730,1.4648,-2.1465,0
23728281,0.6117,0.6872,0.3898,-0.0397,0.7690,1.1907,-2.0467,0
23728448,0.6131,0.6824,0.3954,-0.0459,1.0232,1.0421,-1.5872,0
23728615,0.6147,0.6764,0.4021,-0.0537,1.5886,0.8750,-1.3240,0
23728781,0.6171,0.6692,0.4085,-0.0668,1.3076,0.3645,-1.4480,0
23728948,0.6190,0.6620,0.4140,-0.0844,0.7297,1.0691,-1.0607,0
23729115,0.6171,0.6571,0.4211,-0.1003,0.2801,1.6940,0.5100,0
23729281,0.6130,0.6534,0.4295,-0.1135,-0.8028,0.3650,-0.7513,0
23729448,0.6084,0.6496,0.4390,-0.1233,0.4449,-0.9548,-0.6478,0
23729615,0.6043,0.6457,0.4489,-0.1279,0.8841,0.9421,0.4458,0
23729781,0.5957,0.6487,0.4544,-0.1340,1.5350,3.3533,3.0982,0
23729948,0.5827,0.6545,0.4612,-0.1390,0.5533,0.7380,1.7221,0
23730115,0.5674,0.6593,0.4719,-0.1443,-0.6388,0.0336,0.9871,0
23730282,0.5532,0.6618,0.4821,-0.1534,-0.5802,-1.0390,0.4985,0
23730448,0.5437,0.6619,0.4877,-0.1688,-0.4806,-0.9865,0.9638,0
23730615,0.5376,0.6591,0.4911,-0.1881,-0.6718,-0.9705,0.7115,0
23730782,0.5348,0.6531,0.4935,-0.2096,-0.5726,-0.5820,0.9100,0
23730948,0.5322,0.6460,0.4964,-0.2301,-0.3270,-0.0755,0.5829,0
23731115,0.5279,0.6386,0.5009,-0.2501,1.0426,0.5799,-0.7501,0
23731282,0.5200,0.6329,0.5081,-0.2661,0.2875,0.3355,-2.2005,0
23731448,0.5094,0.6291,0.5172,-0.2780,1.0629,0.5495,-2.0450,0
23731615,0.4980,0.6256,0.5274,-0.2872,1.6572,0.0668,-1.1836,0
23731782,0.4886,0.6209,0.5370,-0.2956,0.7919,-0.1570,-1.2228,0
23731948,0.4807,0.6160,0.5453,-0.3035,0.8415,0.6832,-0.8035,0
23732115,0.4733,0.6121,0.5529,-0.3092,1.3668,0.8533,-1.2127,0
23732282,0.4707,0.6079,0.5566,-0.3147,1.9373,1.0292,-1.6066,0
23732448,0.4700,0.6049,0.5591,-0.3171,1.8239,1.2584,-1.3182,0
23732615,0.4701,0.6030,0.5613,-0.3166,1.4481,0.1341,-0.8278,0
23732782,0.4736,0.6005,0.5606,-0.3177,1.1082,-0.8936,-1.1370,0
23732948,0.4808,0.5958,0.5567,-0.3223,1.3149,-0.7421,-2.3139,0
23733115,0.4882,0.5911,0.5525,-0.3270,0.8122,-0.3038,-1.7778,0
23733282,0.4956,0.5881,0.5471,-0.3303,0.9118,-0.5052,-0.6021,0
23733448,0.4998,0.5878,0.5438,-0.3300,0.8312,-0.1377,-0.2040,0
23733615,0.5009,0.5880,0.5433,-0.3289,0.6009,-0.7018,-2.0468,0
23733782,0.4990,0.5875,0.5464,-0.3274,0.5867,-0.5917,-2.1859,0
23733948,0.4958,0.5856,0.5521,-0.3264,0.1681,-1.1428,-0.9304,0
23734115,0.4927,0.5817,0.5580,-0.3279,0.0755,-1.9220,0.0967,0
23734282,0.4888,0.5775,0.5643,-0.3303,1.1515,-1.7500,0.9961,0
23734448,0.4813,0.5754,0.5735,-0.3291,1.2000,-1.3151,0.8973,0
23734615,0.4718,0.5742,0.5842,-0.3262,0.7446,-1.7514,0.1202,0
23734782,0.4641,0.5718,0.5938,-0.3243,1.1068,-2.2602,0.1529,0
23734948,0.4587,0.5679,0.6021,-0.3235,0.9149,-2.3658,0.7464,0
23735115,0.4551,0.5638,0.6082,-0.3243,0.9030,-1.8110,1.1874,0
23735282,0.4507,0.5608,0.6137,-0.3252,0.8904,-0.6827,1.6493,0
23735448,0.4439,0.5592,0.6199,-0.3256,0.9035,-0.2591,1.7821,0
23735615,0.4357,0.5577,0.6265,-0.3266,1.1537,-0.0515,2.1993,0
23735782,0.4251,0.5567,0.6343,-0.3271,1.1724,0.0288,1.9308,0
23735948,0.4124,0.5568,0.6429,-0.3266,1.4380,0.1252,1.7345,0
23736115,0.4012,0.5563,0.6504,-0.3264,1.2085,-0.4770,1.3756,0
23736282,0.3962,0.5528,0.6553,-0.3287,1.8902,-0.8768,1.0954,0
23736448,-0.3945,-0.5486,-0.6586,0.3313,2.1699,-0.5347,0.5629,0
23736615,-0.3923,-0.5455,-0.6617,0.3326,1.5801,-0.3048,-0.1674,0
23736782,-0.3906,-0.5431,-0.6638,0.3345,1.5365,-0.3835,-0.1352,0
23736948,-0.3894,-0.5412,-0.6652,0.3363,1.5125,-0.3273,-0.1522,0
23737115,-0.3908,-0.5384,-0.6650,0.3394,0.9258,-0.2586,-0.5405,0
23737282,-0.3948,-0.5347,-0.6636,0.3434,0.6521,0.3060,-0.5525,0
23737448,-0.3977,-0.5324,-0.6624,0.3458,0.2268,0.6576,-0.5216,0
23737615,-0.4005,-0.5315,-0.6607,0.3472,-0.1477,0.5703,-0.3957,0
23737782,-0.4037,-0.5310,-0.6586,0.3483,-0.7689,0.9673,-0.4145,0
23737948,-0.4052,-0.5311,-0.6574,0.3486,-0.9347,0.7739,-0.7379,0
23738115,-0.4049,-0.5318,-0.6572,0.3483,-0.7424,0.6028,-0.7042,0
23738282,-0.4043,-0.5327,-0.6572,0.3475,-0.5099,0.4973,-0.5324,0
23738448,-0.4058,-0.5332,-0.6565,0.3465,-0.4181,0.5170,-0.2302,0
23738615,-0.4091,-0.5333,-0.6551,0.3451,-0.7861,0.6644,-0.2049,0
23738782,-0.4129,-0.5332,-0.6539,0.3430,-1.0916,0.6452,-0.4268,0
23738948,-0.4164,-0.5331,-0.6534,0.3400,-1.1824,0.3554,-0.3406,0
23739115,0.4196,0.5324,0.6535,-0.3367,-1.2553,0.0970,0.0053,0
23739282,0.4239,0.5312,0.6533,-0.3337,-0.9741,-0.1365,0.5121,0
23739448,0.4301,0.5303,0.6515,-0.3307,-0.6681,-0.1994,0.7468,0
23739615,0.4377,0.5303,0.6482,-0.3271,-0.4007,-0.0481,0.4398,0
23739782,0.4460,0.5316,0.6439,-0.3222,-0.2538,-0.0066,0.1287,0
23739948,0.4551,0.5344,0.6383,-0.3160,-0.2728,-0.0141,0.0975,0
23740115,0.4647,0.5388,0.6313,-0.3086,-0.3139,-0.1853,0.4174,0
23740282,0.4748,0.5443,0.6228,-0.3006,-0.3647,-0.1932,0.6040,0
23740448,0.4847,0.5510,0.6134,-0.2919,-0.1589,0.1044,0.3801,0
23740615,0.4933,0.5594,0.6036,-0.2817,-0.0682,0.1591,-0.1286,0
23740782,0.5017,0.5691,0.5929,-0.2699,0.1181,0.0571,-0.1557,0
23740948,0.5117,0.5791,0.5807,-0.2563,0.2210,0.0397,-0.0031,0
23741115,0.5236,0.5885,0.5675,-0.2396,0.5686,0.2570,0.4773,0
23741282,0.5380,0.5971,0.5530,-0.2197,0.6978,0.1992,1.0196,0
23741448,0.5559,0.6048,0.5350,-0.1975,0.7899,-0.7462,1.2256,0
23741615,0.5779,0.6111,0.5120,-0.1743,0.9889,-1.5732,0.8144,0
23741782,0.6032,0.6164,0.4831,-0.1509,0.6530,-2.0626,-0.0646,0
23741948,0.6290,0.6222,0.4486,-0.1267,0.3346,-1.6153,-0.7385,0
23742115,0.6502,0.6304,0.4124,-0.0991,-0.4258,-0.8410,-1.2550,0
23742282,0.6659,0.6401,0.3771,-0.0679,-0.6102,-0.8313,-0.7315,0
23742448,0.6781,0.6489,0.3433,-0.0348,-0.6356,-1.4887,0.0653,0
23742615,0.6897,0.6554,0.3079,-0.0039,-0.4547,-1.9925,0.9385,0
23742782,0.7014,0.6593,0.2698,0.0224,-0.7577,-1.9801,0.9632,0
23742948,0.7118,0.6619,0.2306,0.0448,-0.9623,-0.5839,-0.1704,0
23743115,0.7187,0.6648,0.1932,0.0650,-0.9028,0.9822,-1.7442,0
23743282,0.7215,0.6681,0.1613,0.0844,-0.2313,1.9241,-2.4198,0
23743448,0.7211,0.6714,0.1362,0.1032,0.0502,2.7776,-1.6248,0
23743615,0.7194,0.6741,0.1172,0.1194,0.2260,2.6948,-0.6675,0
23743782,0.7184,0.6760,0.1008,0.1292,0.2811,2.2290,-0.2738,0
23743948,0.7184,0.6772,0.0870,0.1335,0.3829,1.9188,-0.2836,0
23744115,0.7178,0.6786,0.0775,0.1353,0.6389,1.4779,-0.9385,0
23744282,0.7163,0.6805,0.0724,0.1363,1.2249,1.1175,-0.8563,0
23744448,0.7147,0.6825,0.0698,0.1360,1.4094,0.7798,-0.8135,0
23744615,0.7134,0.6841,0.0693,0.1354,1.3844,0.5552,-0.0608,0
23744782,0.7127,0.6850,0.0692,0.1340,1.3538,0.0451,0.0133,0
23744948,0.7128,0.6854,0.0688,0.1320,1.4547,-0.4984,0.1081,0
23745115,0.7130,0.6856,0.0682,0.1303,1.3687,-0.4704,0.0593,0
23745282,0.7129,0.6857,0.0679,0.1301,1.2604,-0.4705,-0.2445,0
23745448,0.7127,0.6858,0.0677,0.1308,1.1754,-0.5278,-0.3551,0
23745615,0.7128,0.6855,0.0676,0.1317,0.8550,-0.5374,0.1340,0
23745782,0.7132,0.6850,0.0678,0.1321,0.5375,-0.2947,0.8215,0
23745948,0.7137,0.6846,0.0683,0.1315,0.3627,-0.0220,0.7485,0
23746115,0.7144,0.6841,0.0687,0.1299,0.4365,0.0735,0.2374,0
23746282,0.7152,0.6835,0.0693,0.1283,0.4997,0.1609,-0.0340,0
23746448,0.7163,0.6826,0.0699,0.1267,0.5398,-0.0025,0.0283,0
23746615,0.7175,0.6816,0.0704,0.1252,0.5430,0.0560,0.1044,0
23746782,0.7183,0.6809,0.0713,0.1240,0.5474,-0.0223,-0.0622,0
23746949,0.7188,0.6804,0.0723,0.1230,0.6051,-0.0572,-0.2074,0
23747115,0.7192,0.6801,0.0731,0.1221,0.6628,-0.0768,-0.3980,0
23747282,0.7194,0.6799,0.0739,0.1216,0.4750,-0.0204,-0.3433,0
23747449,0.7195,0.6798,0.0741,0.1211,0.3422,0.0100,-0.1320,0
23747615,0.7195,0.6798,0.0743,0.1210,0.3143,-0.0299,-0.1059,0
23747782,0.7194,0.6799,0.0747,0.1213,0.3412,-0.2261,-0.1191,0
23747949,0.7189,0.6802,0.0751,0.1219,0.3435,-0.3428,0.0174,0
23748115,0.7181,0.6808,0.0756,0.1228,0.3059,-0.2925,-0.0518,0
23748282,0.7172,0.6817,0.0757,0.1237,0.3368,-0.2817,-0.1389,0
23748449,0.7161,0.6826,0.0752,0.1245,0.3754,-0.2493,-0.2051,0
23748615,0.7150,0.6837,0.0742,0.1256,0.4550,-0.1506,-0.2538,0
23748782,0.7138,0.6848,0.0731,0.1272,0.4108,-0.0304,-0.2372,0
23748949,0.7125,0.6859,0.0720,0.1292,0.3604,-0.0030,-0.2148,0
23749115,0.7114,0.6868,0.0706,0.1309,0.3192,-0.1970,-0.1037,0
23749282,0.7108,0.6874,0.0687,0.1321,0.2879,-0.2646,0.0266,0
23749449,0.7105,0.6878,0.0668,0.1330,0.2718,-0.2274,-0.0312,0
23749615,0.7102,0.6881,0.0652,0.1338,0.3417,-0.0929,-0.0609,0
23749782,0.7100,0.6883,0.0637,0.1344,0.3898,-0.0278,-0.1884,0
23749949,0.7098,0.6885,0.0625,0.1350,0.5138,-0.0556,-0.1277,0
23750115,0.7097,0.6887,0.0612,0.1351,0.5083,-0.1847,-0.1096,0
23750282,0.7098,0.6888,0.0599,0.1348,0.5216,-0.2078,-0.0777,0
23750449,0.7098,0.6889,0.0589,0.1345,0.4622,-0.1270,-0.1744,0
23750615,0.7100,0.6888,0.0582,0.1345,0.4668,-0.1288,-0.1234,0
23750782,0.7104,0.6884,0.0575,0.1344,0.5177,-0.2251,-0.1243,0
23750949,0.7110,0.6880,0.0567,0.1340,0.4617,-0.2744,-0.1870,0
23751115,0.7115,0.6876,0.0561,0.1338,0.4285,-0.2414,-0.1145,0
23751282,0.7119,0.6872,0.0555,0.1336,0.4029,-0.1274,-0.0703,0
23751449,0.7125,0.6867,0.0550,0.1334,0.3905,-0.0595,0.0885,0
23751615,0.7131,0.6861,0.0546,0.1330,0.4806,-0.1754,0.0376,0
23751782,0.7134,0.6860,0.0538,0.1322,0.5429,-0.4641,0.0453,0
23751949,0.7128,0.6868,0.0531,0.1316,0.5111,-0.4013,-0.0185,0
23752115,0.7108,0.6890,0.0530,0.1314,0.4371,-0.4336,0.0423,0
23752282,0.7069,0.6929,0.0537,0.1317,0.1578,-0.4696,0.1261,0
23752449,0.6999,0.6998,0.0548,0.1321,-0.1062,-1.3314,0.1480,0
23752615,0.6890,0.7097,0.0584,0.1345,0.1530,-1.0279,-0.1089,0
23752782,0.6741,0.7230,0.0633,0.1376,0.6038,-1.5860,-0.1297,0
23752949,0.6543,0.7399,0.0687,0.1406,0.7946,-1.5310,-0.3753,0
23753115,0.6278,0.7612,0.0752,0.1441,0.6010,-0.8070,-0.9952,0
23753282,0.5921,0.7873,0.0844,0.1499,0.2113,-0.7029,-0.8591,0
23753449,0.5481,0.8163,0.0945,0.1557,0.3840,-2.2760,-0.7861,0
23753615,0.4981,0.8466,0.1018,0.1578,1.0555,-2.8099,-0.8934,0
23753782,0.4432,0.8764,0.1061,0.1558,1.0118,-1.5229,-2.1375,0
23753949,0.3853,0.9039,0.1082,0.1513,1.1366,-0.1464,-3.3035,0
23754115,0.3275,0.9273,0.1086,0.1449,1.0784,-0.1549,-3.0771,0
23754282,0.2722,0.9469,0.1064,0.1344,0.8972,-0.0579,-2.1003,0
23754449,0.2168,0.9635,0.1015,0.1197,0.4010,1.1603,-1.8834,0
23754615,0.1616,0.9760,0.0977,0.1081,0.3430,1.0792,-0.2385,0
23754782,0.1104,0.9847,0.0931,0.0974,0.7383,0.6066,-0.3447,0
23754949,0.0663,0.9906,0.0876,0.0811,1.2200,1.2564,0.2263,0
23755115,0.0295,0.9943,0.0826,0.0608,1.2784,1.3665,1.1542,0
23755282,-0.0003,0.9961,0.0780,0.0409,0.8682,0.9825,2.4166,0
23755449,0.0230,-0.9966,-0.0741,-0.0260,0.5286,0.7647,3.0651,0
23755615,0.0369,-0.9967,-0.0707,-0.0159,0.5088,0.8866,2.6270,0
23755782,0.0404,-0.9968,-0.0682,-0.0057,0.6383,0.9766,1.6465,0
23755949,0.0353,-0.9971,-0.0668,0.0039,0.4735,0.5040,0.9794,0
23756115,0.0254,-0.9975,-0.0655,0.0113,0.2809,-0.6753,0.8907,0
23756282,0.0137,-0.9978,-0.0638,0.0145,0.1104,-1.6124,1.1816,0
23756449,0.0028,-0.9980,-0.0614,0.0139,-0.0552,-1.7671,1.0982,0
23756615,0.0067,0.9982,0.0589,-0.0096,-0.0012,-1.1614,0.5955,0
23756782,0.0150,0.9983,0.0568,-0.0044,-0.1609,-0.4011,0.2699,0
23756949,0.0216,0.9983,0.0550,0.0004,-0.5938,0.1137,0.2172,0
23757115,0.0252,0.9982,0.0536,0.0060,-0.4118,-0.0841,-0.4480,0
23757282,0.0258,0.9982,0.0525,0.0114,-0.0567,-0.3420,-0.7328,0
23757449,0.0244,0.9983,0.0515,0.0158,0.1882,-0.5127,-0.5679,0
23757615,0.0219,0.9983,0.0505,0.0186,0.3776,-0.4666,-0.1638,0
23757782,0.0190,0.9984,0.0497,0.0205,0.2802,-0.2689,0.3562,0
23757949,0.0162,0.9984,0.0495,0.0218,0.3332,0.0953,0.6361,0
23758115,0.0136,0.9984,0.0499,0.0222,0.4292,0.0706,0.4469,0
23758282,0.0110,0.9984,0.0507,0.0223,0.4381,-0.2020,0.2622,0
23758449,0.0089,0.9984,0.0518,0.0226,0.6301,-0.3548,0.1586,0
23758615,0.0077,0.9983,0.0531,0.0226,0.5712,-0.4416,0.1589,0
23758782,0.0073,0.9982,0.0546,0.0225,0.5446,-0.3549,0.1162,0
23758949,0.0076,0.9982,0.0561,0.0218,0.3432,-0.1994,0.0908,0
23759115,0.0078,0.9981,0.0576,0.0209,0.2593,-0.1626,0.0986,0
23759282,0.0073,0.9980,0.0588,0.0202,0.2726,-0.4351,-0.0815,0
23759449,0.0064,0.9980,0.0598,0.0200,0.3906,-0.4184,-0.2215,0
23759615,0.0054,0.9980,0.0606,0.0197,0.3841,-0.3055,-0.2066,0
23759782,0.0043,0.9979,0.0615,0.0197,0.3662,-0.2151,-0.0438,0
23759949,0.0035,0.9978,0.0625,0.0196,0.3472,-0.2349,0.0483,0
23760115,0.0027,0.9978,0.0634,0.0195,0.3962,-0.3820,-0.0362,0
23760282,0.0019,0.9977,0.0644,0.0200,0.4699,-0.3408,-0.0155,0
23760449,0.0012,0.9976,0.0655,0.0207,0.4799,-0.2478,-0.0118,0
23760615,0.0007,0.9975,0.0668,0.0213,0.4613,-0.1039,-0.0365,0
23760782,0.0003,0.9974,0.0681,0.0220,0.4752,-0.1024,-0.1180,0
23760949,0.0001,0.9974,0.0691,0.0227,0.5261,-0.3677,-0.3502,0
23761115,0.0001,0.9973,0.0699,0.0231,0.5615,-0.3372,-0.3122,0
23761282,0.0003,0.9972,0.0703,0.0234,0.5823,-0.2565,-0.1239,0
23761449,0.0008,0.9972,0.0706,0.0235,0.5683,-0.3124,-0.0316,0
23761615,0.0014,0.9972,0.0708,0.0238,0.5049,-0.3602,-0.0553,0
23761782,0.0018,0.9972,0.0708,0.0240,0.5313,-0.4547,-0.0618,0
23761949,0.0019,0.9972,0.0706,0.0243,0.5325,-0.3970,-0.0196,0
23762115,0.0020,0.9972,0.0704,0.0245,0.5457,-0.2765,0.0267,0
23762282,0.0021,0.9972,0.0703,0.0246,0.5525,-0.2595,-0.0090,0
23762449,0.0022,0.9972,0.0704,0.0245,0.5512,-0.3310,0.0715,0
23762615,0.0023,0.9972,0.0705,0.0245,0.5800,-0.4170,0.1355,0
23762782,0.0026,0.9972,0.0706,0.0243,0.5890,-0.5048,0.0865,0
23762949,0.0028,0.9972,0.0706,0.0240,0.5319,-0.4594,-0.0294,0
23763115,0.0025,0.9972,0.0706,0.0236,0.4816,-0.3618,-0.0139,0
23763282,0.0020,0.9972,0.0707,0.0234,0.5605,-0.4455,0.0621,0
23763449,0.0012,0.9972,0.0708,0.0231,0.5624,-0.4616,0.2260,0
23763616,0.0005,0.9972,0.0709,0.0229,0.5728,-0.4042,0.1965,0
23763782,-0.0001,0.9972,0.0711,0.0227,0.5908,-0.3917,-0.0248,0
23763949,-0.0006,0.9972,0.0712,0.0222,0.6157,-0.4799,-0.1711,0
23764116,-0.0011,0.9972,0.0712,0.0220,0.6389,-0.6567,-0.1466,0
23764282,0.0017,-0.9972,-0.0711,-0.0215,0.5710,-0.4696,-0.0090,0
23764449,0.0024,-0.9973,-0.0709,-0.0206,0.4966,-0.3309,0.1171,0
23764616,0.0032,-0.9973,-0.0708,-0.0200,0.5417,-0.3939,-0.0500,0
23764782,0.0040,-0.9973,-0.0708,-0.0194,0.5251,-0.5057,0.1106,0
23764949,0.0048,-0.9973,-0.0708,-0.0193,0.4146,-0.4201,0.3034,0
23765116,0.0055,-0.9973,-0.0708,-0.0192,0.5308,-0.4650,0.1771,0
23765282,0.0063,-0.9973,-0.0707,-0.0189,0.5767,-0.5224,-0.0537,0
23765449,0.0070,-0.9973,-0.0705,-0.0186,0.5238,-0.5023,-0.1201,0
23765616,0.0079,-0.9973,-0.0703,-0.0183,0.5432,-0.5707,-0.0006,0
23765782,0.0086,-0.9973,-0.0700,-0.0181,0.5879,-0.6158,-0.0080,0
23765949,0.0092,-0.9974,-0.0697,-0.0179,0.5897,-0.6550,-0.0622,0
23766116,0.0100,-0.9974,-0.0692,-0.0176,0.5266,-0.5848,-0.1327,0
23766282,0.0107,-0.9974,-0.0686,-0.0168,0.3876,-0.3227,0.1704,0
23766449,0.0110,-0.9975,-0.0682,-0.0164,0.4356,-0.3006,0.0331,0
23766616,0.0111,-0.9975,-0.0678,-0.0159,0.4856,-0.5222,-0.1973,0
23766782,0.0114,-0.9975,-0.0675,-0.0154,0.4373,-0.4728,-0.1640,0
23766949,0.0110,-0.9998,-0.0002,-0.0160,0.3808,-0.5401,-0.0794,0
23767116,0.0115,-0.9998,0.0000,-0.0162,0.4311,-0.6854,-0.0606,0
23767282,0.0117,-0.9998,0.0001,-0.0164,0.4367,-0.7237,-0.0291,0
23767449,0.0120,-0.9998,0.0002,-0.0157,0.4108,-0.5872,0.0533,0
23767616,0.0126,-0.9998,0.0001,-0.0155,0.4904,-0.5630,0.1070,0
23767782,0.0129,-0.9998,0.0000,-0.0152,0.5235,-0.5864,0.1329,0
23767949,0.0128,-0.9998,-0.0003,-0.0149,0.5108,-0.5623,0.2191,0
23768116,0.0126,-0.9998,-0.0008,-0.0146,0.4824,-0.6700,0.1685,0
23768282,0.0126,-0.9998,-0.0013,-0.0144,0.4551,-0.7060,0.1503,0
23768449,0.0128,-0.9998,-0.0018,-0.0140,0.4458,-0.6906,0.0845,0
23768616,0.0129,-0.9998,-0.0021,-0.0135,0.4571,-0.7089,-0.1403,0
23768782,0.0133,-0.9998,-0.0023,-0.0131,0.4699,-0.7025,-0.0928,0
23768949,0.0138,-0.9998,-0.0023,-0.0124,0.3900,-0.6819,0.0988,0
23769116,0.0145,-0.9998,-0.0021,-0.0121,0.4108,-0.7392,0.0564,0
23769282,0.0151,-0.9998,-0.0018,-0.0118,0.4666,-0.7943,-0.1315,0
23769449,0.0158,-0.9998,-0.0013,-0.0116,0.4734,-0.6765,-0.0781,0
23769616,0.0164,-0.9998,-0.0008,-0.0112,0.4398,-0.4666,0.0641,0
23769782,0.0170,-0.9998,-0.0001,-0.0111,0.4979,-0.5609,-0.1062,0
23769949,0.0177,-0.9998,0.0006,-0.0111,0.4916,-0.6440,-0.1778,0
23770116,0.0183,-0.9998,0.0014,-0.0106,0.4543,-0.6218,0.0762,0
23770282,0.0187,-0.9998,0.0021,-0.0102,0.5070,-0.5778,0.1531,0
23770449,0.0186,-0.9998,0.0027,-0.0098,0.4598,-0.6188,0.1017,0
23770616,0.0185,-0.9998,0.0032,-0.0095,0.4558,-0.5286,0.0836,0
23770782,0.0187,-0.9998,0.0034,-0.0088,0.4158,-0.5325,0.1293,0
23770949,0.0191,-0.9998,0.0036,-0.0083,0.4340,-0.6306,0.0650,0
23771116,0.0193,-0.9998,0.0036,-0.0079,0.4905,-0.7409,-0.0252,0
23771282,0.0195,-0.9998,0.0036,-0.0077,0.4567,-0.7445,-0.0430,0
23771449,0.0196,-0.9998,0.0034,-0.0076,0.4740,-0.6885,-0.1294,0
23771616,0.0198,-0.9998,0.0031,-0.0076,0.4722,-0.5882,-0.1476,0
23771782,0.0203,-0.9998,0.0027,-0.0075,0.4392,-0.5532,-0.1612,0
23771949,0.0211,-0.9997,0.0022,-0.0071,0.3722,-0.6199,-0.1246,0
23772116,0.0222,-0.9997,0.0017,-0.0066,0.3560,-0.6030,0.0085,0
23772282,0.0232,-0.9997,0.0011,-0.0063,0.4462,-0.5308,-0.0316,0
23772449,0.0243,-0.9997,0.0004,-0.0060,0.4682,-0.4924,-0.0449,0
23772616,0.0252,-0.9997,-0.0003,-0.0060,0.4549,-0.5265,-0.1696,0
23772782,0.0259,-0.9996,-0.0010,-0.0058,0.4656,-0.6051,-0.1071,0
23772949,0.0265,-0.9996,-0.0015,-0.0055,0.4643,-0.6569,-0.0017,0
23773116,0.0270,-0.9996,-0.0020,-0.0051,0.4530,-0.6947,0.1013,0
23773282,0.0276,-0.9996,-0.0023,-0.0048,0.4883,-0.7378,0.0425,0
23773449,0.0282,-0.9996,-0.0025,-0.0045,0.4503,-0.7263,0.0436,0
23773616,0.0288,-0.9996,-0.0026,-0.0045,0.4827,-0.6569,0.0759,0
23773782,0.0293,-0.9996,-0.0025,-0.0045,0.4929,-0.7037,-0.0332,0
23773949,0.0298,-0.9995,-0.0023,-0.0044,0.5320,-0.7550,-0.0615,0
23774116,0.0301,-0.9995,-0.0019,-0.0044,0.5638,-0.7211,-0.0342,0
23774282,0.0301,-0.9995,-0.0013,-0.0042,0.5522,-0.7254,-0.0387,0
23774449,0.0299,-0.9995,-0.0006,-0.0039,0.5352,-0.7596,-0.0677,0
23774616,0.0297,-0.9996,0.0002,-0.0038,0.4768,-0.7072,0.1344,0
23774782,0.0295,-0.9996,0.0009,-0.0033,0.4257,-0.5645,0.2857,0
23774949,0.0296,-0.9996,0.0015,-0.0033,0.4921,-0.7138,0.2481,0
23775116,0.0297,-0.9996,0.0020,-0.0033,0.5146,-0.7717,-0.0461,0
23775282,0.0297,-0.9996,0.0024,-0.0035,0.5318,-0.6105,0.0050,0
23775449,0.0295,-0.9996,0.0029,-0.0036,0.5536,-0.5611,-0.0352,0
23775616,0.0293,-0.9996,0.0033,-0.0037,0.5726,-0.7179,-0.1334,0
23775782,0.0290,-0.9996,0.0036,-0.0037,0.5329,-0.7150,0.0044,0
23775949,0.0290,-0.9996,0.0039,-0.0037,0.4855,-0.6666,0.0703,0
23776116,0.0291,-0.9996,0.0042,-0.0038,0.5418,-0.6446,-0.0405,0
23776282,0.0292,-0.9996,0.0043,-0.0038,0.5493,-0.5927,-0.0760,0
23776449,0.0292,-0.9996,0.0045,-0.0037,0.5194,-0.5508,-0.0510,0
23776616,0.0292,-0.9996,0.0046,-0.0034,0.4782,-0.5813,-0.0650,0
23776782,0.0295,-0.9995,0.0046,-0.0033,0.4672,-0.6289,-0.0490,0
23776949,0.0299,-0.9995,0.0047,-0.0032,0.4881,-0.6263,-0.0620,0
23777116,0.0302,-0.9995,0.0048,-0.0031,0.4980,-0.6011,-0.0423,0
23777282,0.0306,-0.9995,0.0049,-0.0028,0.4804,-0.5836,-0.0526,0
23777449,0.0311,-0.9995,0.0050,-0.0028,0.4925,-0.6284,-0.0364,0
23777616,0.0316,-0.9995,0.0051,-0.0027,0.5505,-0.6860,-0.0132,0
23777782,0.0319,-0.9995,0.0051,-0.0026,0.5606,-0.6491,-0.0193,0
23777949,0.0323,-0.9995,0.0051,-0.0025,0.5393,-0.6097,-0.1292,0
23778116,0.0326,-0.9995,0.0050,-0.0025,0.5201,-0.5925,-0.0587,0
23778282,0.0326,-0.9995,0.0050,-0.0024,0.5805,-0.6517,-0.0676,0
23778449,0.0325,-0.9995,0.0049,-0.0020,0.5394,-0.6645,-0.0212,0
23778616,0.0324,-0.9995,0.0049,-0.0018,0.4970,-0.7185,-0.0852,0
23778782,0.0325,-0.9995,0.0050,-0.0016,0.4641,-0.6985,-0.0362,0
23778949,0.0327,-0.9995,0.0052,-0.0016,0.4865,-0.6696,0.0205,0
23779116,0.0327,-0.9994,0.0054,-0.0016,0.5180,-0.6079,0.0239,0
23779282,0.0327,-0.9994,0.0056,-0.0015,0.5148,-0.6007,-0.0247,0
23779449,0.0326,-0.9995,0.0058,-0.0014,0.4816,-0.5813,0.0661,0
23779616,0.0327,-0.9994,0.0060,-0.0013,0.4932,-0.6755,0.0565,0
23779782,0.0328,-0.9994,0.0062,-0.0012,0.4624,-0.7354,0.0069,0
23779949,0.0330,-0.9994,0.0065,-0.0012,0.4716,-0.7539,-0.0020,0
23780116,0.0333,-0.9994,0.0068,-0.0013,0.5054,-0.7446,0.0228,0
23780283,0.0338,-0.9994,0.0072,-0.0013,0.4956,-0.7345,-0.0090,0
23780449,0.0342,-0.9994,0.0077,-0.0014,0.5187,-0.7296,-0.0484,0
23780616,0.0346,-0.9994,0.0082,-0.0013,0.5278,-0.6457,-0.0951,0
23780783,0.0348,-0.9994,0.0088,-0.0013,0.5101,-0.6242,0.0150,0
23780949,0.0350,-0.9993,0.0095,-0.0011,0.4709,-0.6690,0.0203,0
23781116,0.0352,-0.9993,0.0102,-0.0011,0.5006,-0.6823,0.0672,0
23781283,0.0355,-0.9993,0.0112,-0.0012,0.4723,-0.6670,-0.0036,0
23781449,0.0357,-0.9993,0.0122,-0.0014,0.5536,-0.6587,-0.0265,0
23781616,0.0358,-0.9993,0.0135,-0.0016,0.5611,-0.6828,0.0278,0
23781783,0.0358,-0.9992,0.0154,-0.0018,0.5829,-0.8738,0.2047,0
23781949,0.0359,-0.9992,0.0184,-0.0025,0.5914,-1.0374,0.3467,0
23782116,0.0358,-0.9991,0.0230,-0.0033,0.6365,-0.9408,0.2466,0
23782283,0.0352,-0.9989,0.0295,-0.0041,0.6760,-1.0442,0.0402,0
23782449,0.0339,-0.9987,0.0381,-0.0046,0.6602,-1.2379,0.0343,0
23782616,0.0319,-0.9983,0.0495,-0.0044,0.5635,-1.4973,0.4089,0
23782783,0.0293,-0.9975,0.0649,-0.0039,0.5875,-1.7718,0.7159,0
23782949,0.0259,-0.9960,0.0853,-0.0017,0.5812,-2.0822,0.8141,0
23783116,0.0224,-0.9935,0.1116,0.0024,0.6234,-2.9208,0.6544,0
23783283,0.0197,-0.9892,0.1451,0.0077,0.6045,-3.6261,0.8136,0
23783449,0.0188,-0.9822,0.1862,0.0138,0.5407,-3.3315,0.7668,0
23783616,0.0195,-0.9715,0.2354,0.0193,0.3880,-3.5547,0.8667,0
23783783,0.0210,-0.9556,0.2932,0.0214,-0.0550,-4.4989,0.8120,0
23783949,0.0227,-0.9330,0.3586,0.0193,-0.1237,-4.3562,-0.1282,0
23784116,0.0262,-0.9032,0.4280,0.0176,-0.2771,-2.9192,-0.9920,0
23784283,0.0322,-0.8662,0.4984,0.0157,-0.6551,0.0001,-0.6999,0
23784449,0.0400,-0.8235,0.5657,0.0126,-0.1556,2.1779,-0.6704,0
23784616,0.0501,-0.7780,0.6261,0.0111,0.5520,3.9634,0.2666,0
23784783,0.0571,-0.7336,0.6772,0.0017,0.8543,8.0002,3.7385,0
23784949,0.0619,-0.6939,0.7173,-0.0150,2.8773,7.0262,1.5658,0
23785116,0.0743,-0.6656,0.7422,-0.0240,-2.0706,-2.0663,-1.7055,0
23785283,0.0848,-0.6566,0.7488,-0.0333,2.4284,-0.0180,-3.5613,0
23785449,0.0941,-0.6598,0.7445,-0.0387,1.9785,0.2835,-3.4978,0
23785616,0.1014,-0.6677,0.7364,-0.0400,0.8282,-0.6575,-2.0841,0
23785783,0.1044,-0.6760,0.7285,-0.0377,0.6888,-1.2090,-1.4327,0
23785949,0.1035,-0.6822,0.7230,-0.0324,0.9117,-1.3967,-1.1177,0
23786116,0.1003,-0.6860,0.7201,-0.0273,0.6364,-1.4162,-0.7607,0
23786283,0.0961,-0.6875,0.7194,-0.0250,0.2089,-1.1236,0.0041,0
23786449,0.0915,-0.6874,0.7201,-0.0249,0.0861,-0.6641,0.3628,0
23786616,0.0870,-0.6866,0.7213,-0.0257,-0.3116,-0.2017,0.8174,0
23786783,0.0833,-0.6859,0.7224,-0.0266,-0.8082,-0.1212,1.2518,0
23786949,0.0812,-0.6860,0.7226,-0.0274,-0.8634,-0.1112,0.8232,0
23787116,0.0804,-0.6868,0.7219,-0.0273,-0.5467,-0.2757,-0.0283,0
23787283,0.0806,-0.6882,0.7205,-0.0267,-0.0480,-0.5860,-0.4774,0
23787449,0.0810,-0.6901,0.7186,-0.0267,0.1929,-0.8752,-0.4268,0
23787616,0.0811,-0.6922,0.7166,-0.0270,0.2763,-1.1001,-0.3141,0
23787783,0.0806,-0.6943,0.7146,-0.0274,0.2593,-1.1145,0.0280,0
23787949,0.0799,-0.6962,0.7129,-0.0278,0.2003,-1.1593,0.0852,0
23788116,0.0791,-0.6976,0.7115,-0.0283,0.3536,-1.1240,-0.0646,0
23788283,0.0787,-0.6988,0.7103,-0.0287,0.4287,-1.0737,-0.0576,0
23788449,0.0784,-0.6999,0.7094,-0.0290,0.4252,-1.0135,0.1203,0
23788616,0.0783,-0.7008,0.7085,-0.0290,0.3582,-1.0304,0.2300,0
23788783,0.0781,-0.7017,0.7075,-0.0291,0.3525,-1.0061,0.3647,0
23788949,0.0785,-0.7028,0.7065,-0.0291,0.3492,-0.9948,0.3696,0
23789116,0.0793,-0.7039,0.7053,-0.0290,0.3439,-0.9616,0.2885,0
23789283,0.0806,-0.7049,0.7041,-0.0287,0.3730,-1.0109,0.2270,0
23789449,0.0821,-0.7057,0.7032,-0.0284,0.4584,-0.9998,0.1838,0
23789616,0.0838,-0.7061,0.7026,-0.0279,0.5211,-1.1449,0.0697,0
23789783,0.0852,-0.7061,0.7024,-0.0277,0.5552,-1.1574,0.1353,0
23789949,0.0863,-0.7061,0.7023,-0.0277,0.5722,-1.0934,0.1817,0
23790116,0.0870,-0.7062,0.7021,-0.0276,0.5800,-0.9421,0.1231,0
23790283,0.0874,-0.7063,0.7020,-0.0276,0.4631,-0.8459,0.1672,0
23790449,0.0874,-0.7061,0.7021,-0.0278,0.3980,-0.7484,0.1966,0
23790616,0.0870,-0.7058,0.7025,-0.0283,0.4015,-0.8295,-0.0019,0
23790783,0.0864,-0.7055,0.7028,-0.0288,0.4335,-0.8466,-0.1154,0
23790949,0.0859,-0.7052,0.7032,-0.0293,0.3115,-0.8961,-0.1274,0
23791116,0.0854,-0.7048,0.7036,-0.0300,0.2879,-0.8315,-0.1166,0
23791283,0.0850,-0.7045,0.7039,-0.0307,0.2766,-0.8100,-0.1060,0
23791449,0.0849,-0.7045,0.7040,-0.0311,0.2864,-0.8449,0.0001,0
23791616,0.0849,-0.7046,0.7039,-0.0313,0.3607,-0.9114,-0.0263,0
23791783,0.0851,-0.7047,0.7036,-0.0314,0.4210,-0.8713,-0.1457,0
23791949,0.0854,-0.7049,0.7035,-0.0314,0.4075,-0.8310,-0.0988,0
23792116,0.0857,-0.7048,0.7035,-0.0312,0.3052,-0.8382,-0.0660,0
23792283,0.0859,-0.7047,0.7035,-0.0311,0.3102,-0.8318,-0.0712,0
23792449,0.0862,-0.7047,0.7035,-0.0309,0.2516,-0.7570,-0.0219,0
23792616,0.0866,-0.7049,0.7034,-0.0306,0.2292,-0.7495,0.0631,0
23792783,0.0870,-0.7051,0.7031,-0.0304,0.1659,-0.7408,0.0433,0
23792949,0.0875,-0.7053,0.7029,-0.0302,0.1581,-0.8308,-0.0072,0
23793116,0.0879,-0.7054,0.7027,-0.0301,0.1475,-0.8529,-0.0409,0
23793283,0.0883,-0.7055,0.7026,-0.0300,0.1959,-0.8929,-0.0643,0
23793449,0.0884,-0.7056,0.7024,-0.0299,0.2133,-0.8799,-0.0810,0
23793616,0.0886,-0.7057,0.7023,-0.0298,0.1554,-0.7999,-0.0016,0
23793783,0.0887,-0.7058,0.7022,-0.0297,0.1697,-0.7701,0.0389,0
23793949,0.0889,-0.7058,0.7022,-0.0295,0.1506,-0.8082,0.0941,0
23794116,0.0892,-0.7059,0.7021,-0.0294,0.1518,-0.8420,0.1012,0
23794283,0.0894,-0.7059,0.7020,-0.0293,0.2054,-0.8012,0.0363,0
23794449,0.0896,-0.7059,0.7021,-0.0293,0.1654,-0.7838,-0.0176,0
23794616,0.0896,-0.7058,0.7022,-0.0293,0.1177,-0.8042,-0.0419,0
23794783,0.0894,-0.7057,0.7022,-0.0294,0.1509,-0.8160,0.0810,0
23794949,0.0893,-0.7057,0.7023,-0.0296,0.1157,-0.8374,0.0709,0
23795116,0.0890,-0.7055,0.7024,-0.0299,0.1448,-0.7925,-0.0101,0
23795283,0.0889,-0.7054,0.7025,-0.0302,0.1238,-0.7763,-0.0837,0
23795449,0.0887,-0.7053,0.7027,-0.0305,0.1028,-0.7334,-0.0262,0
23795616,0.0885,-0.7052,0.7028,-0.0306,0.0852,-0.6863,0.0260,0
23795783,0.0885,-0.7053,0.7027,-0.0305,0.0548,-0.7323,0.0058,0
23795949,0.0888,-0.7055,0.7024,-0.0304,0.0841,-0.7661,0.0061,0
23796116,0.0890,-0.7056,0.7023,-0.0308,0.0944,-0.8365,-0.0433,0
23796283,0.0890,-0.7056,0.7023,-0.0309,0.1874,-0.7464,-0.0258,0
23796449,0.0888,-0.7056,0.7023,-0.0309,0.0984,-0.8066,-0.0008,0
23796616,0.0887,-0.7057,0.7023,-0.0309,-0.0236,-0.7787,0.1170,0
23796783,0.0886,-0.7059,0.7021,-0.0309,0.0118,-0.7749,-0.0355,0
23796950,0.0886,-0.7060,0.7019,-0.0309,0.0577,-0.7563,-0.0816,0
23797116,0.0887,-0.7062,0.7018,-0.0310,0.0408,-0.7371,-0.0111,0
23797283,0.0886,-0.7063,0.7017,-0.0310,0.0188,-0.7476,0.0629,0
23797450,0.0882,-0.7064,0.7016,-0.0309,0.0431,-0.7853,0.0822,0
23797616,0.0877,-0.7066,0.7015,-0.0309,0.0138,-0.7644,0.0390,0
23797783,0.0871,-0.7069,0.7013,-0.0310,0.0042,-0.7569,-0.0512,0
23797950,0.0868,-0.7072,0.7010,-0.0310,-0.0033,-0.7378,-0.0613,0
23798116,0.0869,-0.7074,0.7008,-0.0309,0.0246,-0.7134,-0.0234,0
23798283,0.0873,-0.7077,0.7005,-0.0306,0.0492,-0.7538,-0.0489,0
23798450,0.0875,-0.7079,0.7002,-0.0303,0.1502,-0.6971,-0.0379,0
23798616,0.0877,-0.7083,0.6998,-0.0300,0.0861,-0.7145,0.0876,0
23798783,0.0877,-0.7086,0.6995,-0.0298,0.1482,-0.7039,0.0490,0
23798950,0.0876,-0.7089,0.6993,-0.0295,0.1174,-0.7062,0.0517,0
23799116,0.0874,-0.7092,0.6989,-0.0289,0.0988,-0.6588,0.0750,0
23799283,0.0872,-0.7096,0.6986,-0.0283,0.0983,-0.6099,-0.0383,0
23799450,0.0872,-0.7100,0.6982,-0.0276,0.1106,-0.5835,-0.0042,0
23799616,0.0874,-0.7104,0.6978,-0.0269,0.0265,-0.6168,-0.0728,0
23799783,0.0876,-0.7107,0.6976,-0.0262,-0.0304,-0.6718,-0.0412,0
23799950,0.0880,-0.7110,0.6972,-0.0256,-0.0760,-0.6814,0.0033,0
23800116,0.0884,-0.7115,0.6967,-0.0252,0.0018,-0.6082,0.0699,0
23800283,0.0890,-0.7120,0.6961,-0.0243,0.0919,-0.5671,0.0970,0
23800450,0.0895,-0.7124,0.6957,-0.0232,0.0068,-0.5594,0.0470,0
23800616,0.0899,-0.7124,0.6956,-0.0225,0.0033,-0.7311,0.1234,0
23800783,0.0901,-0.7123,0.6957,-0.0220,0.0962,-0.8353,0.0774,0
23800950,0.0900,-0.7124,0.6956,-0.0214,0.1197,-0.7122,0.1234,0
23801116,0.0898,-0.7126,0.6955,-0.0207,0.0592,-0.6538,0.1105,0
23801283,0.0895,-0.7128,0.6954,-0.0200,-0.0252,-0.6708,0.0572,0
23801450,0.0891,-0.7129,0.6953,-0.0193,-0.0198,-0.6625,0.0932,0
23801616,0.0887,-0.7129,0.6953,-0.0187,0.0261,-0.6400,0.0290,0
23801783,0.0882,-0.7131,0.6953,-0.0176,0.0469,-0.6018,0.0005,0
23801950,0.0878,-0.7133,0.6952,-0.0162,0.0074,-0.6059,-0.0172,0
23802116,0.0872,-0.7135,0.6950,-0.0145,0.0064,-0.5054,-0.0731,0
23802283,0.0863,-0.7138,0.6949,-0.0124,0.0566,-0.5433,0.0437,0
23802450,0.0846,-0.7144,0.6945,-0.0096,0.1755,-0.5978,0.0425,0
23802616,0.0820,-0.7152,0.6941,-0.0058,0.2909,-0.4610,-0.0013,0
23802783,0.0774,-0.7158,0.6940,-0.0009,0.2084,-0.4594,0.4209,0
23802950,0.0694,-0.7163,0.6943,0.0062,0.4391,-0.5713,0.4012,0
23803116,0.0560,-0.7170,0.6947,0.0162,1.0440,-0.5311,0.1184,0
23803283,0.0342,-0.7178,0.6948,0.0302,1.0995,-0.4692,-0.0974,0
23803450,-0.0018,0.7187,-0.6936,-0.0494,1.3646,-0.7436,-1.5190,0
23803616,0.0434,0.7198,-0.6891,-0.0718,0.9908,-1.1573,-1.9757,0
23803783,0.1075,0.7209,-0.6787,-0.0903,-0.0638,-2.0229,-2.6805,0
23803950,0.1911,0.7207,-0.6584,-0.1027,-2.3239,-2.9726,-7.1275,0
23804116,0.2452,0.6997,-0.6467,-0.1789,-8.8716,-4.8957,-12.1335,0
23804283,0.3097,0.6618,-0.6340,-0.2534,4.9460,-1.0724,11.9011,0
23804450,0.3808,0.6371,-0.6095,-0.2786,2.1461,1.4031,7.8305,0
23804616,0.4297,0.6246,-0.5843,-0.2895,1.2321,2.1359,2.6242,0
23804783,0.4648,0.6213,-0.5578,-0.2947,-1.4790,1.3129,-3.1703,0
23804950,0.4876,0.6138,-0.5381,-0.3097,-1.4077,0.8448,-3.4451,0
23805116,0.5045,0.6057,-0.5234,-0.3237,-0.3192,-0.6923,1.1593,0
23805283,0.5149,0.5992,-0.5129,-0.3358,-0.0043,-1.4868,1.0857,0
23805450,0.5216,0.5941,-0.5052,-0.3461,-0.8228,-0.5113,0.5174,0
23805616,0.5271,0.5894,-0.4994,-0.3542,-0.7829,-0.3849,1.1431,0
23805783,0.5320,0.5855,-0.4945,-0.3601,-0.4141,-0.5106,2.0174,0
23805950,0.5367,0.5825,-0.4899,-0.3643,-0.3449,-0.6008,1.7210,0
23806116,0.5412,0.5800,-0.4855,-0.3675,-0.3074,-0.6094,1.1335,0
23806283,0.5453,0.5778,-0.4814,-0.3703,-0.2297,-0.7543,0.9277,0
23806450,0.5495,0.5760,-0.4772,-0.3722,-0.2572,-0.9564,0.5306,0
23806616,0.5535,0.5747,-0.4730,-0.3736,-0.0044,-0.7394,0.3636,0
23806783,0.5572,0.5739,-0.4688,-0.3748,0.2063,-0.3002,0.2454,0
23806950,0.5602,0.5731,-0.4648,-0.3763,0.1274,-0.0899,-0.2396,0
23807116,0.5633,0.5727,-0.4607,-0.3774,-0.1434,-0.1769,-0.3252,0
23807283,0.5663,0.5728,-0.4563,-0.3780,-0.2917,-0.5048,-0.5533,0
23807450,0.5693,0.5731,-0.4519,-0.3784,-0.3751,-0.4191,-0.7562,0
23807616,0.5721,0.5729,-0.4481,-0.3790,-0.0271,-0.4571,-0.5857,0
23807783,0.5745,0.5719,-0.4453,-0.3802,0.0133,-0.5528,-0.5141,0
23807950,0.5769,0.5708,-0.4431,-0.3808,-0.0210,-0.1654,-0.8864,0
23808116,0.5791,0.5701,-0.4413,-0.3807,0.0268,-0.4480,-0.1479,0
23808283,0.5808,0.5695,-0.4397,-0.3808,-0.1913,-0.7937,-0.1181,0
23808450,0.5823,0.5687,-0.4383,-0.3813,-0.2564,-0.6154,-0.3433,0
23808616,0.5838,0.5678,-0.4369,-0.3820,-0.2250,-0.4211,-0.2620,0
23808783,0.5850,0.5672,-0.4357,-0.3824,-0.1793,-0.3344,-0.3473,0
23808950,0.5858,0.5672,-0.4346,-0.3824,-0.1766,-0.4286,-0.4818,0
23809116,0.5862,0.5674,-0.4340,-0.3821,-0.4063,-0.5593,-0.4867,0
23809283,0.5864,0.5677,-0.4338,-0.3816,-0.5077,-0.6031,-0.2013,0
23809450,0.5865,0.5676,-0.4341,-0.3813,-0.4345,-0.5997,-0.0718,0
23809616,0.5866,0.5671,-0.4346,-0.3814,-0.2555,-0.5313,0.0217,0
23809783,0.5869,0.5667,-0.4348,-0.3813,-0.1209,-0.3948,0.1042,0
23809950,0.5873,0.5661,-0.4350,-0.3813,-0.2352,-0.4308,0.0249,0
23810116,0.5875,0.5655,-0.4353,-0.3815,-0.3001,-0.5193,-0.0573,0
23810283,0.5877,0.5649,-0.4356,-0.3818,-0.1551,-0.4509,-0.1179,0
23810450,0.5875,0.5645,-0.4361,-0.3821,-0.1132,-0.4287,-0.0447,0
23810616,0.5871,0.5646,-0.4365,-0.3823,-0.1352,-0.3730,-0.0282,0
23810783,0.5867,0.5645,-0.4369,-0.3824,-0.2273,-0.4623,-0.0760,0
23810950,0.5864,0.5644,-0.4373,-0.3825,-0.2172,-0.4236,-0.1365,0
23811116,0.5863,0.5639,-0.4379,-0.3827,-0.2487,-0.5547,-0.0407,0
23811283,0.5864,0.5634,-0.4384,-0.3828,-0.2052,-0.5619,0.0123,0
23811450,0.5862,0.5630,-0.4390,-0.3830,-0.1832,-0.3577,-0.0508,0
23811616,0.5858,0.5627,-0.4396,-0.3834,-0.2335,-0.2867,-0.1085,0
23811783,0.5852,0.5628,-0.4401,-0.3836,-0.2830,-0.3211,-0.1540,0
23811950,0.5845,0.5629,-0.4406,-0.3838,-0.4455,-0.3595,-0.1681,0
23812116,0.5841,0.5631,-0.4410,-0.3839,-0.3460,-0.3533,-0.0376,0
23812283,0.5837,0.5631,-0.4414,-0.3839,-0.1806,-0.3052,-0.0184,0
23812450,0.5835,0.5631,-0.4418,-0.3837,-0.2034,-0.4033,-0.0277,0
23812616,0.5833,0.5631,-0.4422,-0.3835,-0.2254,-0.4529,-0.0625,0
23812783,0.5833,0.5632,-0.4425,-0.3832,-0.3081,-0.4788,-0.0781,0
23812950,0.5831,0.5632,-0.4427,-0.3831,-0.2901,-0.4327,-0.0351,0
23813116,0.5829,0.5632,-0.4430,-0.3831,-0.1774,-0.3665,-0.0406,0
23813283,0.5825,0.5635,-0.4431,-0.3831,-0.1599,-0.3934,0.0284,0
23813450,0.5823,0.5637,-0.4431,-0.3831,-0.2846,-0.5898,0.0104,0
23813617,0.5821,0.5637,-0.4433,-0.3831,-0.2605,-0.4548,-0.0998,0
23813783,0.5821,0.5640,-0.4434,-0.3828,-0.2370,-0.2999,0.0591,0
23813950,0.5823,0.5641,-0.4432,-0.3824,-0.1906,-0.2634,0.0725,0
23814117,0.5827,0.5641,-0.4430,-0.3822,-0.1929,-0.1195,-0.0603,0
23814283,0.5832,0.5642,-0.4426,-0.3817,-0.2938,-0.0156,-0.1431,0
23814450,0.5837,0.5650,-0.4418,-0.3807,-0.4613,0.0205,-0.2293,0
23814617,0.5840,0.5668,-0.4408,-0.3786,-0.5352,-0.1195,-0.0447,0
23814783,0.5840,0.5699,-0.4392,-0.3758,-0.7096,-0.2754,-0.0781,0
23814950,0.5838,0.5732,-0.4377,-0.3730,-1.4651,-0.4710,1.3926,0
23815117,0.5835,0.5762,-0.4368,-0.3699,-1.7536,-0.0648,0.8101,0
23815283,0.5820,0.5774,-0.4374,-0.3694,-1.4885,-0.3632,0.2938,0
23815450,0.5810,0.5758,-0.4389,-0.3719,-0.0025,-0.4434,4.3973,0
23815617,0.5843,0.5759,-0.4358,-0.3700,-1.4912,-0.3526,2.9149,0
23815783,0.5881,0.5749,-0.4333,-0.3686,-2.5381,-0.0641,0.3115,0
23815950,0.5943,0.5759,-0.4277,-0.3636,-2.9913,-0.0742,-0.8816,0
23816117,0.5990,0.5744,-0.4249,-0.3616,-2.7902,-0.1432,-1.8300,0
23816283,0.6065,0.5739,-0.4184,-0.3572,-2.2929,0.1722,-5.1823,0
23816450,0.6127,0.5764,-0.4109,-0.3516,-3.9760,-0.1846,-6.9681,0
23816617,0.6136,0.5824,-0.4044,-0.3475,-3.0767,-0.5390,-6.5053,0
23816783,0.6108,0.5945,-0.3970,-0.3404,-6.0195,-0.3848,-7.4134,0
23816950,0.6026,0.6092,-0.3922,-0.3346,-5.1041,-0.8973,-2.2594,0
23817117,0.5917,0.6248,-0.3893,-0.3287,-7.3034,-0.7791,2.3198,0
23817283,0.5803,0.6387,-0.3889,-0.3225,-9.4957,-2.4633,2.2556,0
23817450,0.5669,0.6506,-0.3919,-0.3190,-9.1238,-3.4662,2.8468,0
23817617,0.5511,0.6635,-0.3946,-0.3166,-9.6561,-4.0192,0.5132,0
23817783,0.5331,0.6764,-0.3972,-0.3171,-8.7973,-5.8196,0.1029,0
23817950,0.5136,0.6892,-0.3992,-0.3192,-8.7099,-4.7668,1.0262,0
23818117,0.4947,0.7019,-0.4004,-0.3200,-7.9696,-6.8119,-0.4864,0
23818283,0.4789,0.7163,-0.3986,-0.3142,-7.4684,-7.0893,-1.6309,0
23818450,0.4650,0.7318,-0.3953,-0.3031,-5.4901,-6.0888,-3.0747,0
23818617,0.4515,0.7475,-0.3910,-0.2907,-3.9659,-4.6141,-4.1922,0
23818783,0.4392,0.7623,-0.3861,-0.2774,-2.9525,-3.3207,-5.8405,0
23818950,0.4298,0.7758,-0.3819,-0.2598,-2.2899,-2.1521,-8.2714,0
23819117,0.4221,0.7871,-0.3820,-0.2374,-0.7972,-2.5631,-10.1050,0
23819283,0.4160,0.7974,-0.3845,-0.2080,0.9703,-2.0361,-11.7647,0
23819450,0.4113,0.8074,-0.3853,-0.1747,3.3896,-1.3953,-13.4955,0
23819617,0.4047,0.8167,-0.3865,-0.1409,4.4465,-0.1724,-15.3283,0
23819783,0.3901,0.8255,-0.3936,-0.1073,5.1066,-0.0254,-15.2218,0
23819950,0.3715,0.8332,-0.4030,-0.0728,8.4710,1.9415,-16.6605,0
23820117,0.3517,0.8394,-0.4129,-0.0346,9.6914,2.1420,-15.3935,0
23820283,0.3328,0.8425,-0.4235,0.0076,12.4503,2.3090,-13.8087,0
23820450,0.3161,0.8423,-0.4335,0.0527,14.5365,2.4001,-11.5058,0
23820617,0.2994,0.8381,-0.4453,0.0983,15.8274,1.8178,-8.4557,0
23820783,0.2834,0.8291,-0.4593,0.1461,16.7751,0.7102,-3.5749,0
23820950,0.2705,0.8150,-0.4729,0.1974,17.1720,0.2218,1.5368,0
23821117,0.2603,0.7979,-0.4834,0.2489,16.9200,0.7507,6.4037,0
23821283,0.2509,0.7796,-0.4904,0.2979,14.8916,2.1272,9.8605,0
23821450,0.2372,0.7641,-0.4937,0.3408,12.0429,3.4436,11.9754,0
23821617,-0.2184,-0.7546,0.4919,-0.3754,8.9253,5.0315,14.1821,0
23821783,-0.1990,-0.7508,0.4844,-0.4026,5.8670,7.2019,14.9323,0
23821950,-0.1825,-0.7473,0.4754,-0.4270,3.0057,9.4220,15.0038,0
23822117,-0.1726,-0.7400,0.4677,-0.4515,1.5402,11.4730,15.0090,0
23822283,-0.1717,-0.7284,0.4637,-0.4742,1.2551,12.9850,13.4310,0
23822450,-0.1791,-0.7136,0.4646,-0.4927,2.5027,13.2614,11.0657,0
23822617,-0.1922,-0.6979,0.4691,-0.5058,5.0470,12.7885,8.2886,0
23822783,-0.2072,-0.6822,0.4767,-0.5142,8.4285,12.2622,6.6253,0
23822950,-0.2217,-0.6659,0.4863,-0.5206,11.4993,11.3783,5.1993,0
23823117,-0.2344,-0.6471,0.5002,-0.5255,13.5061,9.7648,3.9255,0
23823283,-0.2471,-0.6251,0.5193,-0.5278,14.8635,6.3746,4.9942,0
23823450,-0.2614,-0.6010,0.5414,-0.5267,16.1012,2.7161,5.9814,0
23823617,-0.2769,-0.5744,0.5646,-0.5240,16.6722,-0.8467,6.7797,0
23823783,-0.2932,-0.5461,0.5879,-0.5198,15.3759,-2.9996,8.3508,0
23823950,-0.3095,-0.5135,0.6155,-0.5116,12.5421,-4.1524,9.4119,0
23824117,-0.3311,-0.4728,0.6484,-0.4965,5.8106,-5.1627,15.0355,0
23824283,-0.3675,-0.4217,0.6823,-0.4707,8.8783,-10.8594,19.4328,0
23824450,-0.3874,-0.3859,0.7163,-0.4336,4.8120,-18.3520,18.1053,0
23824617,-0.3999,-0.3518,0.7471,-0.3976,-1.6561,-21.1690,23.4706,0
23824783,-0.4162,-0.3220,0.7695,-0.3619,-7.9530,-21.3160,24.9252,0
23824950,-0.4381,-0.2941,0.7845,-0.3257,-13.4730,-18.4760,21.3116,0
23825117,-0.4546,-0.2755,0.7975,-0.2855,-14.2064,-13.8264,16.5784,0
23825283,-0.4599,-0.2631,0.8124,-0.2435,-9.4695,-9.2138,12.6536,0
23825450,-0.4576,-0.2503,0.8292,-0.2010,-3.9798,-6.4381,11.2776,0
23825617,-0.4500,-0.2347,0.8473,-0.1564,-0.6808,-5.1684,11.6413,0
23825783,-0.4389,-0.2122,0.8664,-0.1083,0.4276,-6.0323,11.7388,0
23825950,0.4211,0.1843,-0.8862,0.0579,-1.3075,-8.2084,10.8111,0
23826117,0.3943,0.1536,-0.9060,0.0057,-5.2534,-9.1563,11.0441,0
23826283,0.3628,0.1185,-0.9229,-0.0499,-11.4049,-8.5906,10.8715,0
23826450,0.3292,0.0817,-0.9343,-0.1100,-17.9613,-7.9467,8.8511,0
23826617,0.2950,0.0460,-0.9390,-0.1708,-25.5726,-7.2868,6.2835,0
23826783,0.2580,0.0155,-0.9383,-0.2298,-32.2049,-3.8429,3.2273,0
23826950,0.2179,-0.0080,-0.9324,-0.2884,-36.3645,2.9200,-0.5247,0
23827117,0.1811,-0.0217,-0.9198,-0.3474,-38.2031,9.2318,-5.3526,0
23827283,0.1488,-0.0222,-0.9024,-0.4038,-36.3153,13.7523,-10.2465,0
23827450,0.1159,-0.0139,-0.8841,-0.4525,-31.0538,17.4829,-14.4895,0
23827617,0.0799,-0.0018,-0.8676,-0.4909,-26.3410,19.3115,-16.9508,0
23827783,0.0469,0.0126,-0.8531,-0.5195,-23.6288,19.5524,-17.5855,0
23827950,0.0198,0.0348,-0.8385,-0.5435,-23.8942,17.5531,-17.6545,0
23828117,0.0021,0.0700,-0.8198,-0.5683,-23.3838,15.1794,-19.5698,0
23828283,-0.0024,0.1206,-0.7963,-0.5927,-21.3068,14.5460,-24.0658,0
23828450,0.0014,0.1822,-0.7718,-0.6092,-17.3386,15.2155,-28.3118,0
23828617,0.0061,0.2461,-0.7513,-0.6124,-12.9664,15.0954,-31.5434,0
23828783,0.0043,0.3088,-0.7360,-0.6025,-8.8789,12.3261,-32.7800,0
23828950,-0.0013,0.3698,-0.7229,-0.5836,-3.9482,8.5108,-31.7741,0
23829117,-0.0039,0.4294,-0.7101,-0.5581,0.8371,4.8340,-30.6348,0
23829283,-0.0069,0.4854,-0.6965,-0.5284,4.6415,2.5207,-30.6215,0
23829450,-0.0153,0.5348,-0.6839,-0.4960,7.5613,1.2103,-30.7333,0
23829617,-0.0260,0.5783,-0.6734,-0.4599,9.2244,-0.9649,-30.5122,0
23829783,-0.0371,0.6197,-0.6628,-0.4188,10.8373,-3.6214,-29.3482,0
23829950,-0.0438,0.6600,-0.6505,-0.3732,12.3898,-5.3646,-26.5268,0
23830117,-0.0421,0.6982,-0.6374,-0.3232,14.7497,-5.8075,-24.7171,0
23830284,-0.0344,0.7310,-0.6264,-0.2683,17.2060,-5.8549,-23.9118,0
23830450,-0.0258,0.7579,-0.6171,-0.2103,19.1216,-7.3206,-22.9183,0
23830617,-0.0151,0.7785,-0.6092,-0.1500,20.6162,-9.3755,-21.0810,0
23830784,0.0010,0.7921,-0.6041,-0.0872,22.9903,-11.5150,-18.7196,0
23830950,0.0225,0.7980,-0.6018,-0.0219,26.7570,-14.0711,-15.3741,0
23831117,0.0453,0.7965,-0.6013,0.0445,30.1696,-17.6725,-9.4062,0
23831284,-0.0693,-0.7874,0.6022,-0.1123,31.8059,-20.5075,0.7189,0
23831450,-0.1012,-0.7690,0.6046,-0.1811,30.3994,-20.7788,10.8464,0
23831617,-0.1402,-0.7416,0.6076,-0.2473,28.0839,-17.7901,15.9290,0
23831784,-0.1815,-0.7063,0.6116,-0.3069,26.1132,-16.1790,17.3303,0
23831950,-0.2153,-0.6694,0.6130,-0.3601,26.9170,-12.4806,21.6133,0
23832117,-0.2308,-0.6353,0.6125,-0.4098,24.4438,-5.8712,27.9162,0
23832284,-0.2379,-0.6027,0.6118,-0.4538,17.0926,-0.6459,31.5257,0
23832450,-0.2561,-0.5605,0.6141,-0.4931,11.6121,4.3552,31.7424,0
23832617,-0.2862,-0.5036,0.6221,-0.5267,10.9480,9.0221,29.0761,0
23832784,-0.3140,-0.4402,0.6358,-0.5507,11.3952,11.2532,27.6566,0
23832950,-0.3310,-0.3789,0.6544,-0.5645,9.3386,11.2781,28.4239,0
23833117,-0.3398,-0.3196,0.6756,-0.5709,4.4843,11.9065,31.6785,0
23833284,0.3469,0.2605,-0.6984,0.5692,-0.2737,13.9277,31.6821,0
23833450,0.3520,0.2009,-0.7248,0.5572,-3.5004,15.4147,31.2281,0
23833617,0.3540,0.1444,-0.7539,0.5343,-5.0345,15.7130,30.9825,0
23833784,0.3530,0.0916,-0.7855,0.5000,-6.3420,15.3369,31.8107,0
23833950,0.3521,0.0399,-0.8185,0.4521,-8.4131,13.1946,32.7742,0
23834117,0.3527,-0.0087,-0.8506,0.3899,-10.2475,7.8538,33.7618,0
23834284,0.3496,-0.0481,-0.8791,0.3205,-12.2699,1.2581,32.6721,0
23834450,0.3362,-0.0738,-0.9042,0.2529,-13.8353,-2.7961,30.3158,0
23834617,0.3090,-0.0881,-0.9279,0.1892,-17.5478,-4.7387,27.5853,0
23834784,0.2737,-0.0933,-0.9486,0.1282,-21.0042,-6.7297,24.8553,0
23834950,0.2362,-0.0965,-0.9645,0.0679,-23.3600,-8.2776,20.0224,0
23835117,0.1984,-0.0976,-0.9752,0.0083,-26.9739,-9.4805,14.7471,0
23835284,-0.1603,0.0964,0.9812,0.0482,-27.9749,-8.7688,6.7341,0
23835450,-0.1164,0.0922,0.9839,0.0993,-30.3321,-6.8712,-1.7893,0
23835617,-0.0673,0.0836,0.9843,0.1400,-31.3813,-4.1744,-8.8026,0
23835784,-0.0191,0.0725,0.9826,0.1702,-29.8221,-0.9339,-12.8240,0
23835950,0.0261,0.0607,0.9784,0.1958,-28.2333,2.0317,-16.8999,0
23836117,0.0679,0.0451,0.9721,0.2201,-26.5017,4.2076,-22.2407,0
23836284,0.1079,0.0252,0.9640,0.2416,-21.5203,6.9488,-27.5792,0
23836450,0.1505,0.0042,0.9547,0.2568,-16.9825,8.6994,-30.8771,0
23836617,0.1912,-0.0192,0.9446,0.2660,-14.1125,9.6693,-33.1866,0
23836784,0.2265,-0.0484,0.9341,0.2717,-11.3878,9.4158,-34.8368,0
23836950,-0.2558,0.0848,-0.9235,-0.2731,-7.7170,7.6404,-34.9624,0
23837117,-0.2814,0.1253,-0.9124,-0.2696,-3.0354,5.1028,-32.7459,0
23837284,-0.3052,0.1686,-0.8994,-0.2635,0.5211,2.1387,-30.6678,0
23837450,-0.3215,0.2173,-0.8850,-0.2573,4.2330,-0.7660,-28.3477,0
23837617,-0.3266,0.2717,-0.8697,-0.2513,8.9105,-2.9827,-24.9410,0
23837784,-0.3221,0.3274,-0.8544,-0.2429,13.5670,-4.2222,-21.1579,0
23837950,-0.3200,0.3797,-0.8370,-0.2298,16.8792,-4.1008,-17.4813,0
23838117,-0.3279,0.4240,-0.8171,-0.2124,17.3119,-4.1665,-13.7868,0
23838284,0.3410,-0.4624,0.7959,0.1910,15.3708,-5.6929,-9.5731,0
23838450,0.3539,-0.4984,0.7734,0.1680,13.1877,-7.2144,-4.1774,0
23838617,0.3591,-0.5323,0.7527,0.1452,11.7058,-7.6346,0.7946,0
23838784,0.3613,-0.5643,0.7316,0.1257,10.8178,-6.8495,5.2072,0
23838950,0.3656,-0.5921,0.7092,0.1127,9.9118,-5.5511,8.0443,0
23839117,0.3751,-0.6151,0.6852,0.1067,8.6660,-4.5142,8.8021,0
23839284,0.3842,-0.6355,0.6616,0.1045,6.9109,-3.4414,8.2726,0
23839450,0.3885,-0.6543,0.6403,0.1044,5.4918,-2.2061,7.7033,0
23839617,0.3865,-0.6718,0.6229,0.1062,5.2697,-1.4343,7.0844,0
23839784,0.3829,-0.6873,0.6072,0.1106,5.4816,-1.0048,6.2752,0
23839950,0.3836,-0.7007,0.5898,0.1184,5.0923,-0.4372,5.8274,0
23840117,0.3863,-0.7117,0.5729,0.1268,3.9869,0.4906,5.1528,0
23840284,0.3838,-0.7213,0.5595,0.1396,-0.1711,-1.3247,9.3902,0
23840450,0.3726,-0.7286,0.5530,0.1564,1.7968,-0.6036,8.4588,0
23840617,0.3597,-0.7365,0.5477,0.1682,4.8092,0.7884,3.3163,0
23840784,0.3570,-0.7449,0.5342,0.1799,4.0166,-0.1850,1.7240,0
23840950,0.3611,-0.7543,0.5139,0.1910,3.3999,1.7369,1.4127,0
23841117,0.3683,-0.7603,0.4954,0.2023,-0.4520,2.7202,-2.4011,0
23841284,0.3775,-0.7626,0.4785,0.2166,-0.3554,1.1489,-0.5550,0
23841450,0.3775,-0.7656,0.4687,0.2273,0.4302,-0.5818,0.3061,0
23841617,0.3713,-0.7696,0.4632,0.2351,0.3921,1.0422,0.9780,0
23841784,0.3639,-0.7734,0.4588,0.2426,0.5593,0.4854,1.1963,0
23841950,0.3569,-0.7764,0.4559,0.2489,1.6187,0.6532,1.2949,0
23842117,0.3514,-0.7789,0.4542,0.2520,2.5247,0.6149,1.6411,0
23842284,0.3500,-0.7795,0.4521,0.2560,2.5171,0.9453,1.4878,0
23842450,0.3519,-0.7786,0.4490,0.2614,2.2713,0.1101,1.1462,0
23842617,0.3560,-0.7766,0.4438,0.2705,1.5907,0.0706,0.1571,0
23842784,0.3613,-0.7719,0.4368,0.2878,-0.2746,2.5096,-3.5664,0
23842950,0.3632,-0.7662,0.4335,0.3050,-0.8532,-3.3536,-0.3480,0
23843117,0.3617,-0.7620,0.4382,0.3105,-0.7766,-1.6016,1.3577,0
23843284,0.3644,-0.7583,0.4404,0.3136,-1.2757,0.3175,5.0489,0
23843450,0.3713,-0.7566,0.4378,0.3132,-2.2316,1.3516,3.7393,0
23843617,0.3808,-0.7552,0.4330,0.3116,-0.6969,0.6552,1.1933,0
23843784,0.3905,-0.7544,0.4294,0.3065,1.1783,-0.6886,-0.2006,0
23843950,0.4007,-0.7528,0.4274,0.3002,2.0562,-0.9232,-1.2289,0
23844117,0.4122,-0.7490,0.4254,0.2970,2.4848,0.3628,-2.2981,0
23844284,0.4223,-0.7452,0.4216,0.2977,2.6467,2.5188,-2.5793,0
23844450,0.4305,-0.7427,0.4172,0.2984,2.8938,3.4144,-2.3349,0
23844617,0.4410,-0.7396,0.4060,0.3059,3.8240,5.3504,-2.7168,0
23844784,0.4467,-0.7404,0.3894,0.3172,4.3910,4.8100,-5.3619,0
23844950,0.4416,-0.7461,0.3804,0.3219,5.8481,2.4218,-8.5553,0
23845117,0.4317,-0.7512,0.3781,0.3261,6.6153,1.7180,-8.5283,0
23845284,0.4225,-0.7523,0.3758,0.3380,6.3986,-0.2284,-8.7926,0
23845450,0.4138,-0.7505,0.3790,0.3492,6.1908,-1.8839,-5.9522,0
23845617,0.4030,-0.7511,0.3903,0.3480,0.7021,-4.7203,-2.1802,0
23845784,0.4002,-0.7507,0.4005,0.3404,-0.6626,3.2410,-1.0316,0
23845950,0.3975,-0.7522,0.4035,0.3367,4.9920,0.7570,-5.9841,0
23846117,0.3894,-0.7597,0.4093,0.3221,5.5487,-0.3667,-5.7785,0
23846284,0.3725,-0.7727,0.4191,0.2975,4.8069,-0.0701,-5.4792,0
23846450,0.3589,-0.7833,0.4260,0.2760,6.3358,-2.0885,-0.6414,0
23846617,0.3453,-0.7944,0.4373,0.2420,6.5701,-6.4934,-2.4397,0
23846784,0.3277,-0.8031,0.4533,0.2056,3.4899,-2.8681,-3.7634,0
23846951,0.3141,-0.8087,0.4648,0.1769,-1.1467,0.2569,-1.9677,0
23847117,0.3059,-0.8137,0.4687,0.1572,-4.8548,-0.3966,4.2203,0
23847284,0.2923,-0.8200,0.4759,0.1253,-2.8783,-2.7953,6.3709,0
23847451,0.2830,-0.8233,0.4831,0.0935,-2.0350,-2.0036,4.9826,0
23847617,0.2774,-0.8234,0.4904,0.0673,1.6151,-3.4119,5.4971,0
23847784,0.2714,-0.8210,0.5012,0.0335,0.2007,-2.5774,7.8909,0
23847951,0.2693,-0.8141,0.5146,0.0014,1.7146,-3.7102,5.7771,0
23848117,0.2717,-0.8038,0.5287,-0.0233,1.5264,-2.9238,4.3735,0
23848284,0.2771,-0.7898,0.5455,-0.0440,3.1444,-1.3259,5.2158,0
23848451,0.2873,-0.7757,0.5588,-0.0596,5.8663,-3.3845,7.4348,0
23848617,0.3018,-0.7652,0.5637,-0.0750,3.9870,-4.8912,6.7578,0
23848784,0.3165,-0.7596,0.5606,-0.0931,2.5547,-4.1992,6.1636,0
23848951,0.3242,-0.7545,0.5584,-0.1178,2.0364,-1.6768,7.2358,0
23849117,0.3290,-0.7428,0.5658,-0.1408,2.9862,-0.6150,7.5277,0
23849284,0.3327,-0.7264,0.5796,-0.1605,4.6483,-2.5020,8.6580,0
23849451,0.3382,-0.7059,0.5972,-0.1749,3.2308,-2.9761,9.8089,0
23849617,0.3455,-0.6821,0.6178,-0.1835,1.5917,-4.3485,11.5421,0
23849784,0.3547,-0.6560,0.6388,-0.1891,-0.3707,-4.1979,12.0819,0
23849951,0.3646,-0.6254,0.6620,-0.1945,-3.2631,-2.5025,13.9265,0
23850117,0.3725,-0.5901,0.6883,-0.1978,-7.4143,-1.1939,16.4980,0
23850284,0.3777,-0.5494,0.7191,-0.1959,-12.7694,-0.2242,17.0780,0
23850451,0.3860,-0.5064,0.7485,-0.1854,-19.5051,-0.3368,15.0890,0
23850617,0.4000,-0.4638,0.7730,-0.1655,-27.4775,3.9554,12.3961,0
23850784,0.4153,-0.4199,0.7954,-0.1360,-37.6255,12.8692,7.7148,0
23850951,0.4298,-0.3803,0.8125,-0.1020,-46.7007,21.1229,0.7393,0
23851117,0.4479,-0.3551,0.8176,-0.0701,-53.0159,25.3815,-6.1391,0
23851284,0.4794,-0.3504,0.8034,-0.0438,-54.4493,23.8232,-13.3627,0
23851451,0.5232,-0.3704,0.7671,-0.0248,-47.5920,15.6177,-21.9697,0
23851617,0.5713,-0.4140,0.7086,-0.0089,-36.7604,6.0652,-30.7174,0
23851784,0.6137,-0.4765,0.6296,0.0049,-26.7959,-1.9277,-40.7763,0
23851951,0.6439,-0.5504,0.5314,0.0035,-12.1666,-11.4875,-52.7446,0
23852117,0.6657,-0.6202,0.4136,-0.0333,6.7440,-18.8420,-64.3184,0
23852284,0.6883,-0.6597,0.2826,-0.1060,34.5643,-23.4602,-66.9723,0
23852451,0.7243,-0.6412,0.1663,-0.1913,65.5362,-21.1306,-48.7279,0
23852617,0.7796,-0.5630,0.0678,-0.2656,85.4716,-22.4113,-8.8249,0
23852784,0.8331,-0.4491,-0.0253,-0.3220,69.3532,-12.1253,23.5022,0
23852951,0.8675,-0.3312,-0.1020,-0.3568,47.3861,-1.1049,28.9249,0
23853117,0.8724,-0.2569,-0.1649,-0.3816,39.6597,2.7595,19.7759,0
23853284,0.8487,-0.2670,-0.2089,-0.4059,37.8830,7.2466,11.5968,0
23853451,0.7940,-0.3600,-0.2160,-0.4396,35.9288,3.4414,18.2696,0
23853617,0.7036,-0.4817,-0.1844,-0.4888,33.5231,7.3063,30.1628,0
23853784,0.5978,-0.5566,-0.1206,-0.5642,38.8367,10.5726,35.1784,0
23853951,0.5128,-0.5488,-0.0596,-0.6575,42.7384,-0.1686,37.0347,0
23854117,0.4677,-0.4786,-0.0366,-0.7422,23.1028,-19.1558,53.1267,0
23854284,0.4346,-0.3830,-0.0550,-0.8133,-16.4087,-21.7862,63.7892,0
23854451,0.3899,-0.3037,-0.0828,-0.8654,-41.2637,-8.2418,51.1269,0
23854617,0.3349,-0.2507,-0.0687,-0.9057,-46.8868,8.8257,37.5445,0
23854784,0.2845,-0.2080,-0.0134,-0.9357,-44.4191,20.8758,36.2691,0
23854951,0.2497,-0.1406,0.0528,-0.9566,-45.0118,24.6330,30.8531,0
23855117,0.2367,-0.0393,0.0988,-0.9658,-52.6929,23.7803,13.3636,0
23855284,0.2433,0.0700,0.1040,-0.9618,-58.1585,25.9784,-11.6769,0
23855451,0.2620,0.1637,0.0714,-0.9484,-51.0731,26.7266,-32.8687,0
23855617,0.2869,0.2357,0.0138,-0.9284,-35.7448,20.2681,-44.0646,0
23855784,0.3044,0.2890,-0.0627,-0.9055,-21.1297,8.7680,-45.5630,0
23855951,0.3054,0.3369,-0.1541,-0.8772,-4.7855,0.3817,-39.9786,0
23856117,0.2864,0.3722,-0.2583,-0.8443,6.4551,-8.4736,-40.0990,0
23856284,0.2430,0.3964,-0.3561,-0.8106,13.4302,-10.9590,-39.4727,0
23856451,0.1951,0.4214,-0.4227,-0.7782,19.7129,-2.5989,-34.9555,0
23856617,0.1805,0.4494,-0.4609,-0.7437,23.5621,1.7973,-24.1019,0
23856784,0.2072,0.4450,-0.4915,-0.7194,24.9320,-4.2576,-18.9721,0
23856951,0.2586,0.3872,-0.5147,-0.7199,19.5448,-10.4273,-22.0459,0
23857117,0.3252,0.2833,-0.5234,-0.7349,8.1696,-10.7411,-25.4118,0
23857284,0.4017,0.1507,-0.5136,-0.7430,-5.2166,-10.8107,-24.0684,0
23857451,0.4814,0.0021,-0.4875,-0.7284,-12.7535,-13.7692,-16.4164,0
23857617,0.5531,-0.1573,-0.4461,-0.6858,-17.0300,-19.8960,-4.3235,0
23857784,0.6000,-0.3162,-0.3919,-0.6216,-15.0522,-20.5579,8.9449,0
23857951,0.6197,-0.4614,-0.3257,-0.5450,-11.1430,-10.1399,17.6684,0
23858117,0.6206,-0.5839,-0.2505,-0.4595,-5.2559,-1.7991,19.4147,0
23858284,0.6027,-0.6865,-0.1754,-0.3670,-1.9355,2.8951,22.4691,0
23858451,0.5706,-0.7698,-0.0935,-0.2702,-1.0197,7.3807,21.3590,0
23858617,0.5215,-0.8355,0.0074,-0.1731,2.8224,8.7859,19.5061,0
23858784,0.4400,-0.8856,0.1237,-0.0824,10.4910,7.9564,17.5389,0
23858951,0.3103,-0.9187,0.2443,-0.0077,22.8302,8.5447,17.3352,0
23859117,0.1370,-0.9252,0.3480,0.0648,34.9038,7.5328,10.5649,0
23859284,0.0460,0.8977,-0.4158,-0.1381,37.3436,6.0721,-3.8766,0
23859451,0.1936,0.8483,-0.4539,-0.1918,20.6645,3.3112,-11.8737,0
23859617,0.2719,0.8082,-0.4807,-0.2042,9.9365,5.5384,-7.1380,0
23859784,0.2884,0.7833,-0.5220,-0.1756,20.2348,6.9916,3.4710,0
23859951,0.2788,0.7529,-0.5803,-0.1366,36.8452,0.9492,14.0157,0
23860117,0.2641,0.7140,-0.6363,-0.1244,47.1172,-13.2821,17.4145,0
23860284,0.2480,0.6769,-0.6765,-0.1507,42.1924,-24.2231,13.0924,0
23860451,0.2308,0.6397,-0.7080,-0.1904,28.3146,-23.2606,6.7469,0
23860617,0.1994,0.5982,-0.7464,-0.2129,14.2898,-22.5917,3.5694,0
23860784,0.1470,0.5523,-0.7955,-0.2014,4.4254,-25.1472,6.2081,0
23860951,0.0690,0.4972,-0.8512,-0.1532,-5.5807,-28.0476,9.3611,0
23861117,-0.0266,0.4355,-0.8974,-0.0655,-13.4041,-26.9522,10.5808,0
23861284,0.1167,-0.3589,0.9243,-0.0576,-20.3172,-18.7561,13.5827,0
23861451,0.1950,-0.2681,0.9209,-0.2051,-28.4814,-15.1793,11.8844,0
23861617,0.2506,-0.1779,0.8743,-0.3758,-35.4762,-9.5148,10.8537,0
23861784,0.2728,-0.0950,0.7712,-0.5673,-39.8879,-5.1352,10.8114,0
23861951,0.2665,-0.0357,0.5864,-0.7641,-46.0858,-2.9179,14.6480,0
23862117,0.2163,0.0015,0.3384,-0.9158,-43.8300,20.3205,19.4555,0
23862284,0.1423,0.0416,0.0617,-0.9870,-28.9077,44.7249,2.7135,0
23862451,0.0518,0.0789,-0.1773,-0.9796,-28.3716,45.2951,-37.6101,0
23862617,0.0414,-0.1260,0.3072,0.9424,-10.3046,20.0643,-52.2256,0
23862784,0.0991,-0.1563,0.3677,0.9113,7.3753,4.3975,-39.1899,0
23862951,0.1104,-0.1488,0.4240,0.8865,10.5909,2.2644,-25.6022,0
23863117,0.0938,-0.1171,0.4926,0.8572,5.7065,1.1841,-24.9058,0
23863284,0.0751,-0.0830,0.5517,0.8265,-2.4842,-1.1722,-25.1300,0
23863451,0.0635,-0.0586,0.5964,0.7980,-4.0136,1.3751,-20.1083,0
23863618,0.0519,-0.0282,0.6324,0.7724,-2.8411,2.9352,-18.4622,0
23863784,0.0359,0.0176,0.6542,0.7552,-3.8765,2.9714,-21.3473,0
23863951,0.0165,0.0784,0.6591,0.7477,-6.7453,3.7821,-23.9057,0
23864118,-0.0053,0.1519,0.6561,0.7392,-9.3245,5.1205,-19.9745,0
23864284,-0.0266,0.2406,0.6482,0.7220,-13.3629,4.7690,-12.5984,0
23864451,-0.0370,0.3400,0.6320,0.6954,-18.4413,6.3081,-2.6577,0
23864618,-0.0353,0.4436,0.6060,0.6594,-17.1877,14.9706,4.3142,0
23864784,-0.0374,0.5439,0.5696,0.6151,-15.1558,22.6753,9.1744,0
23864951,-0.0491,0.6337,0.5222,0.5686,-15.4565,28.5676,16.1381,0
23865118,-0.0672,0.7019,0.4667,0.5339,-14.2790,29.0391,26.2902,0
23865284,-0.0912,0.7466,0.4180,0.5095,-8.2134,27.0080,31.3604,0
23865451,-0.1277,0.7815,0.3686,0.4869,-5.5431,16.6819,30.5351,0
23865618,-0.1683,0.8135,0.2981,0.4702,-5.1328,11.7019,35.5110,0
23865784,0.1983,-0.8456,-0.2002,-0.4534,-0.4586,8.1147,40.0748,0
23865951,0.2135,-0.8735,-0.0722,-0.4316,7.5296,3.6460,43.1400,0
23866118,0.2023,-0.8895,0.0813,-0.4016,19.4655,-6.6588,46.0026,0
23866284,0.1544,-0.8931,0.2362,-0.3503,34.7312,-17.4217,43.9915,0
23866451,0.0852,-0.8861,0.3682,-0.2684,42.6476,-22.1062,28.6439,0
23866618,0.0192,-0.8640,0.4749,-0.1661,43.9928,-25.7487,10.8272,0
23866784,-0.0301,-0.8302,0.5528,-0.0649,38.5886,-29.5511,-4.4676,0
23866951,0.0586,0.7945,-0.6040,-0.0232,27.2131,-28.2066,-13.4396,0
23867118,0.0712,0.7640,-0.6340,-0.0966,16.7431,-23.2178,-14.6007,0
23867284,0.0788,0.7400,-0.6499,-0.1544,13.3333,-18.3491,-14.9305,0
23867451,0.0777,0.7167,-0.6599,-0.2115,8.8641,-14.2848,-16.4813,0
23867618,0.0738,0.6925,-0.6659,-0.2675,4.2207,-10.7809,-15.6074,0
23867784,0.0752,0.6713,-0.6671,-0.3141,1.3482,-8.5946,-16.6789,0
23867951,0.0766,0.6521,-0.6658,-0.3543,-0.5716,-7.6872,-17.9325,0
23868118,0.0733,0.6340,-0.6646,-0.3886,-2.3347,-4.8005,-17.9037,0
23868284,0.0658,0.6170,-0.6656,-0.4146,-2.4212,-3.9364,-17.5351,0
23868451,0.0554,0.5999,-0.6709,-0.4323,-1.4065,-3.0044,-15.7679,0
23868618,0.0981,0.5844,-0.6663,-0.4526,38.2725,-11.7113,3.2608,0
23868784,0.1711,0.5615,-0.6395,-0.4965,3.9491,-10.0204,-19.8846,0
23868951,0.2012,0.5392,-0.6171,-0.5366,-4.9189,-13.3013,-17.8317,0
23869118,0.2026,0.5165,-0.6101,-0.5657,-6.6183,-11.9222,-10.6433,0
23869284,0.1897,0.4876,-0.6220,-0.5825,3.1552,-16.5256,0.9714,0
23869451,0.1768,0.4533,-0.6401,-0.5946,-1.7871,-19.7151,-3.0278,0
23869618,0.1553,0.4132,-0.6671,-0.6001,-6.4210,-17.8467,-4.2592,0
23869784,0.1287,0.3683,-0.7055,-0.5917,-8.9230,-11.7638,-3.8148,0
23869951,0.0994,0.3197,-0.7560,-0.5625,-15.0042,-9.4617,8.1422,0
23870118,0.0755,0.2648,-0.8115,-0.5155,-19.9723,-5.5267,18.1522,0
23870284,0.0566,0.2020,-0.8662,-0.4536,-24.7109,0.8337,23.4183,0
23870451,0.0312,0.1309,-0.9161,-0.3776,-21.5574,10.9729,24.0842,0
23870618,0.0047,0.0515,-0.9601,-0.2747,-16.0714,15.9764,19.2803,0
23870784,0.0390,0.0284,0.9870,0.1534,-13.9566,15.3626,21.8942,0
23870951,0.0749,0.1045,0.9916,0.0124,-9.4141,30.3017,10.9455,0
23871118,-0.0910,-0.1643,-0.9698,0.1558,-6.8862,32.5425,10.3746,0
23871284,-0.0805,-0.2166,-0.9167,0.3261,0.2217,28.6066,4.3371,0
23871451,-0.0607,-0.2634,-0.8261,0.4944,-1.2968,27.1763,-2.8237,0
23871618,-0.0368,-0.2855,-0.7063,0.6468,6.2715,28.9593,-12.0677,0
23871784,-0.0037,-0.2734,-0.5726,0.7729,11.2832,27.2244,-22.4085,0
23871951,0.0137,-0.2482,-0.4347,0.8656,20.0592,11.7969,-23.7960,0
23872118,0.0239,-0.2264,-0.2971,0.9273,9.6045,4.9527,-31.2947,0
23872284,0.0346,-0.1997,-0.1697,0.9644,5.5902,-7.0449,-33.6487,0
23872451,0.0342,-0.1686,-0.0462,0.9840,6.0413,-15.3445,-26.0872,0
23872618,0.0198,-0.1365,0.0758,0.9875,-0.1350,-16.6209,-18.1262,0
23872784,-0.0010,0.1037,-0.2020,-0.9739,-3.6378,-18.1347,-8.2163,0
23872951,0.0197,0.0880,-0.3343,-0.9382,-5.3171,-12.5542,0.0282,0
23873118,0.0405,0.0722,-0.4564,-0.8859,-4.6501,-2.9975,7.8986,0
23873284,0.0665,0.0470,-0.5587,-0.8254,-3.0860,5.0269,6.7552,0
23873451,0.0990,0.0218,-0.6069,-0.7883,-5.1022,7.1117,12.0900,0
23873618,0.1355,0.0009,-0.6004,-0.7882,-1.9298,11.1823,13.6991,0
23873784,0.1810,-0.0055,-0.5544,-0.8123,-6.1346,11.3523,11.8784,0
23873951,0.2306,0.0032,-0.4877,-0.8420,-11.6242,4.0496,10.7433,0
23874118,0.2833,0.0227,-0.4176,-0.8630,-11.5761,-1.0984,5.4419,0
23874284,0.3404,0.0495,-0.3468,-0.8726,-8.5859,-2.6842,-0.4264,0
23874451,0.4048,0.0764,-0.2678,-0.8709,-3.5216,-0.3974,0.2177,0
23874618,0.4743,0.1038,-0.1803,-0.8554,0.7927,-2.8871,2.2390,0
23874784,0.5392,0.1374,-0.0866,-0.8264,4.5415,-1.4684,12.0912,0
23874951,0.5951,0.1747,-0.0027,-0.7844,2.6934,-8.2878,4.5117,0
23875118,0.6361,0.2305,0.0857,-0.7314,1.0586,-9.6694,3.7143,0
23875284,0.6593,0.2938,0.1698,-0.6710,2.5015,-8.8462,1.8893,0
23875451,0.6689,0.3565,0.2420,-0.6057,6.1997,-6.2755,5.6925,0
23875618,0.6720,0.4133,0.2985,-0.5371,5.5606,-10.7047,1.9879,0
23875784,0.6604,0.4764,0.3635,-0.4525,1.0245,-11.9367,2.6382,0
23875951,0.6420,0.5312,0.4266,-0.3518,-1.6924,-13.2395,1.3844,0
23876118,0.6333,0.5689,0.4624,-0.2477,-0.8433,-9.9815,-1.3219,0
23876284,0.6217,0.6000,0.4819,-0.1456,-5.0720,-5.5612,2.2609,0
23876451,0.6046,0.6267,0.4888,-0.0519,-4.1112,-5.7313,-6.8615,0
23876618,0.5900,0.6504,0.4771,0.0344,-1.8368,-7.4129,-6.2134,0
23876784,0.5747,0.6707,0.4516,0.1265,0.2047,-4.8005,-7.8055,0
23876951,0.5609,0.6850,0.4099,0.2195,1.8366,-2.1651,-9.1880,0
23877118,0.5426,0.6952,0.3574,0.3074,-1.2602,0.0794,-7.3205,0
23877284,0.5244,0.7044,0.2899,0.3805,2.4067,-0.8742,-8.3182,0
23877451,0.4962,0.7088,0.2226,0.4493,-0.9219,1.9345,-5.7629,0
23877618,0.4791,0.7157,0.1359,0.4897,3.4387,-1.5855,-5.0283,0
23877784,0.4638,0.7399,0.0331,0.4862,-12.6941,5.7651,-10.8689,0
23877951,0.4493,0.7533,-0.0465,0.4781,-2.5319,2.8491,-4.4620,0
23878118,0.4462,0.7507,-0.1088,0.4749,-1.9504,7.2266,5.6699,0
23878284,0.4520,0.7383,-0.1569,0.4754,-2.8386,5.2041,11.3051,0
23878451,0.4664,0.7191,-0.2011,0.4742,-4.6586,3.0776,12.4365,0
23878618,0.4902,0.6925,-0.2417,0.4709,-3.1210,4.1639,13.3695,0
23878784,0.5255,0.6587,-0.2741,0.4634,-1.1899,1.2781,14.1860,0
23878951,0.5751,0.6166,-0.2961,0.4487,-1.0903,2.4170,13.7161,0
23879118,0.6383,0.5606,-0.3022,0.4325,-0.8895,6.2685,11.4911,0
23879284,0.7043,0.4947,-0.3008,0.4109,-2.4288,6.0363,9.9095,0
23879451,0.7673,0.4209,-0.2973,0.3817,2.6040,6.5484,6.9238,0
23879618,0.8285,0.3325,-0.2787,0.3541,4.5563,9.7286,2.9970,0
23879784,0.8847,0.2326,-0.2429,0.3228,6.3153,10.4206,3.2431,0
23879951,0.9324,0.1239,-0.1918,0.2802,9.2947,15.3668,-3.1715,0
23880118,0.9673,0.0049,-0.1213,0.2229,11.0948,9.5224,-6.0775,0
23880285,0.9807,-0.1108,-0.0491,0.1532,8.6019,5.2073,-3.3339,0
23880451,0.9723,-0.2187,0.0114,0.0816,9.1159,5.0789,-13.8576,0
23880618,0.9393,-0.3278,0.1009,-0.0077,9.9839,-2.5765,-19.8889,0
23880785,0.8837,-0.4222,0.1742,-0.1022,6.7590,-0.6700,-11.8105,0
23880951,0.8235,-0.4960,0.2113,-0.1767,4.6810,-3.1381,-12.1938,0
23881118,0.7539,-0.5570,0.2480,-0.2448,1.1979,-7.8300,-15.4280,0
23881285,0.6814,-0.6047,0.2827,-0.3001,0.2938,-3.6242,-13.5664,0
23881451,0.6156,-0.6459,0.3060,-0.3319,1.2337,-3.2309,-14.4950,0
23881618,0.5549,-0.6842,0.3161,-0.3521,1.0473,-11.0550,-12.4392,0
23881785,0.5034,-0.7220,0.3051,-0.3637,-2.0642,-8.8753,-7.9866,0
23881951,0.4579,-0.7566,0.2841,-0.3705,-7.0754,-10.7543,-2.4631,0
23882118,0.4178,-0.7868,0.2588,-0.3735,-9.1174,-3.8654,-2.8243,0
23882285,0.3863,-0.8137,0.2259,-0.3709,-6.6459,-3.2271,-0.3249,0
23882451,0.3722,-0.8424,0.1768,-0.3472,0.7076,4.6587,-4.6338,0
23882618,0.3748,-0.8750,0.1019,-0.2890,-7.0549,-2.1368,1.1671,0
23882785,0.3750,-0.8953,0.0309,-0.2383,-5.8262,0.5789,8.3984,0
23882951,0.3779,-0.9015,-0.0355,-0.2079,1.5859,0.1659,9.4396,0
23883118,0.3884,-0.8974,-0.1033,-0.1821,3.5789,-0.7314,12.5158,0
23883285,0.4049,-0.8824,-0.1554,-0.1824,2.7990,-4.2676,13.9394,0
23883451,0.4312,-0.8583,-0.1927,-0.2008,4.7721,-2.3615,9.1860,0
23883618,0.4647,-0.8275,-0.2288,-0.2167,4.4428,0.0385,5.4842,0
23883785,0.5007,-0.7906,-0.2743,-0.2215,3.4268,-0.3674,3.7478,0
23883951,0.5359,-0.7471,-0.3228,-0.2248,3.5043,-4.3044,5.3208,0
23884118,0.5678,-0.6979,-0.3694,-0.2325,4.6900,-4.6441,3.8054,0
23884285,0.5919,-0.6434,-0.4213,-0.2414,0.9320,-3.5067,0.7216,0
23884451,0.6085,-0.5797,-0.4751,-0.2608,-3.4490,-1.2716,0.9675,0
23884618,0.6160,-0.5061,-0.5318,-0.2856,-4.1220,-16.2509,6.4489,0
23884785,0.6281,-0.4194,-0.5677,-0.3276,1.1918,-13.4343,3.2055,0
23884951,0.6314,-0.3430,-0.5902,-0.3680,0.3919,-10.5177,6.8736,0
23885118,0.6440,-0.2654,-0.5898,-0.4086,4.5755,-4.8133,-4.0208,0
23885285,0.6650,-0.1902,-0.5768,-0.4346,3.7973,-0.6802,-2.0030,0
23885451,0.6790,-0.1271,-0.5691,-0.4459,-1.8121,2.6884,-0.2915,0
23885618,0.6751,-0.0844,-0.5823,-0.4451,0.7712,-1.1665,0.5743,0
23885785,0.6774,-0.0320,-0.5932,-0.4339,2.8670,2.8810,-6.1293,0
23885951,0.6750,0.0251,-0.6089,-0.4159,1.4263,1.0631,-5.3268,0
23886118,0.6632,0.0817,-0.6326,-0.3916,2.3312,-1.0737,-4.2743,0
23886285,0.6470,0.1408,-0.6554,-0.3634,1.0957,-2.6319,-3.9596,0
23886451,0.6266,0.1969,-0.6773,-0.3316,0.4546,-2.4204,-0.1210,0
23886618,0.5836,0.2429,-0.7154,-0.2976,-2.1888,1.3824,-0.0888,0
23886785,0.5631,0.2918,-0.7262,-0.2653,-5.3481,5.0802,-0.2224,0
23886951,0.5362,0.3314,-0.7415,-0.2299,-2.7210,-0.2320,2.9833,0
23887118,0.5014,0.3577,-0.7643,-0.1912,-1.2457,-0.8558,4.2842,0
23887285,0.4672,0.3738,-0.7877,-0.1463,-1.5880,0.1912,5.2787,0
23887451,0.4416,0.3772,-0.8089,-0.0919,-3.9124,1.4240,4.0806,0
23887618,0.4215,0.3663,-0.8291,-0.0282,-3.0054,2.5600,0.7910,0
23887785,0.4103,0.3423,-0.8440,0.0468,-2.0793,3.3146,-0.9121,0
23887951,0.4037,0.3062,-0.8526,0.1277,-1.6621,1.7936,-0.2194,0
23888118,-0.4065,-0.2579,0.8500,-0.2137,-2.5019,1.2110,-0.7802,0
23888285,-0.4151,-0.1990,0.8357,-0.2995,-4.9430,1.2797,-0.5321,0
23888451,0.4187,0.1335,-0.8153,0.3770,-5.2931,4.1656,-1.5161,0
23888618,0.4209,0.0602,-0.7887,0.4441,-4.8425,4.5487,-3.7094,0
23888785,0.4073,-0.0079,-0.7659,0.4975,-3.9959,-2.7327,-9.0187,0
23888951,0.3787,-0.0676,-0.7489,0.5396,-1.0711,-3.3246,-5.0387,0
23889118,0.3430,-0.1223,-0.7373,0.5691,1.3076,-2.9654,-3.6099,0
23889285,0.3032,-0.1722,-0.7304,0.5873,0.2771,-4.0336,-2.1056,0
23889451,0.2543,-0.2080,-0.7331,0.5955,1.4800,-1.1286,-1.4290,0
23889618,0.2048,-0.2349,-0.7419,0.5936,3.3661,-2.0590,0.5267,0
23889785,0.1624,-0.2562,-0.7547,0.5817,5.8215,-1.6212,3.7329,0
23889951,0.1314,-0.2730,-0.7718,0.5591,6.2645,-2.1044,6.4994,0
23890118,0.1108,-0.2823,-0.7932,0.5281,5.9877,-2.3353,6.3243,0
23890285,0.1029,-0.2863,-0.8170,0.4898,5.1181,-2.0334,6.2388,0
23890451,0.1041,-0.2838,-0.8434,0.4443,3.5905,-1.8885,6.3713,0
23890618,0.1181,-0.2771,-0.8691,0.3924,2.1315,-2.9760,5.3629,0
23890785,0.1411,-0.2659,-0.8920,0.3371,0.1312,-3.6056,3.2302,0
23890951,0.1647,-0.2496,-0.9118,0.2814,-1.4278,-3.8049,1.3721,0
23891118,0.1801,-0.2290,-0.9292,0.2273,-4.3417,-1.9589,0.2870,0
23891285,0.1897,-0.2053,-0.9439,0.1760,-3.0364,-0.6323,0.8463,0
23891451,0.1948,-0.1769,-0.9562,0.1284,-1.4025,-2.3822,-0.1046,0
23891618,0.1956,-0.1437,-0.9666,0.0830,-1.6471,-4.6704,-1.9552,0
23891785,0.1922,-0.1106,-0.9744,0.0369,-2.9462,-4.5621,-2.3471,0
23891951,0.1946,-0.0799,-0.9776,-0.0053,1.2758,-3.3862,1.6276,0
23892118,-0.2105,0.0476,0.9757,0.0369,3.8493,-0.6104,0.0275,0
23892285,0.2242,-0.0133,-0.9725,-0.0611,2.4877,-0.3055,-4.2087,0
23892451,0.2417,0.0234,-0.9667,-0.0809,1.7217,0.9422,-4.3158,0
23892618,0.2637,0.0589,-0.9582,-0.0941,0.6721,0.7009,-2.4514,0
23892785,0.2700,0.0913,-0.9533,-0.1000,0.1216,0.9070,-1.2654,0
23892951,0.2769,0.1200,-0.9475,-0.1058,-5.2068,3.4111,-4.8462,0
23893118,0.2885,0.1432,-0.9404,-0.1092,-2.8880,4.4260,0.3428,0
23893285,0.2917,0.1589,-0.9367,-0.1104,-3.3466,2.8090,0.4431,0
23893451,0.2940,0.1697,-0.9341,-0.1102,-1.9302,1.2405,0.0088,0
23893618,0.2954,0.1777,-0.9323,-0.1094,-1.4279,-0.3200,0.4731,0
23893785,0.2959,0.1832,-0.9313,-0.1077,-1.2550,-0.2570,0.9617,0
23893951,0.2982,0.1874,-0.9299,-0.1056,-0.8821,0.3578,0.7017,0
23894118,0.3024,0.1904,-0.9282,-0.1036,-0.8676,-0.1125,0.9749,0
23894285,0.3073,0.1924,-0.9264,-0.1021,-0.6099,-0.8239,0.7664,0
23894451,0.3115,0.1935,-0.9247,-0.1019,-0.2363,-1.7687,0.2510,0
23894618,0.3152,0.1946,-0.9231,-0.1029,0.2468,-1.9105,-0.0431,0
23894785,0.3189,0.1958,-0.9215,-0.1043,0.6473,-1.4367,-0.2646,0
23894951,0.3236,0.1976,-0.9193,-0.1054,0.7502,-0.5392,-0.7721,0
23895118,0.3299,0.2001,-0.9165,-0.1052,0.3973,0.2327,-0.5106,0
23895285,0.3371,0.2027,-0.9136,-0.1031,-0.4009,1.2248,-0.3512,0
23895451,0.3448,0.2050,-0.9107,-0.0990,-0.4679,1.2486,-0.2262,0
23895618,0.3520,0.2075,-0.9079,-0.0934,-0.2541,0.8640,-0.4920,0
23895785,0.3583,0.2101,-0.9056,-0.0863,0.5610,0.8420,-0.1364,0
23895951,0.3690,0.2134,-0.9014,-0.0757,0.4990,1.2368,-0.6611,0
23896118,0.3830,0.2159,-0.8961,-0.0614,0.3333,1.5800,-0.0429,0
23896285,0.3995,0.2174,-0.8895,-0.0448,-0.6707,1.6524,0.5972,0
23896451,0.4126,0.2182,-0.8839,-0.0281,-1.2267,0.3691,0.2580,0
23896618,0.4238,0.2188,-0.8788,-0.0121,-0.1815,-0.9460,0.5049,0
23896785,0.4328,0.2195,-0.8744,0.0020,0.4859,-1.3607,0.5475,0
23896952,0.4414,0.2200,-0.8698,0.0156,1.2001,-1.6292,0.4471,0
23897118,0.4496,0.2197,-0.8653,0.0289,0.7667,-1.4103,0.3885,0
23897285,0.4552,0.2187,-0.8622,0.0406,0.0745,-1.3423,0.4888,0
23897452,0.4580,0.2171,-0.8605,0.0505,-0.2936,-1.3049,-0.5404,0
23897618,0.4614,0.2144,-0.8588,0.0601,-0.3463,-0.6715,-2.4877,0
23897785,0.4653,0.2105,-0.8570,0.0691,0.1170,-0.8135,-4.0330,0
23897952,0.4686,0.2051,-0.8558,0.0771,0.9251,-1.1704,-5.0615,0
23898118,0.4717,0.1975,-0.8551,0.0849,0.3073,-1.4078,-3.4786,0
23898285,0.4829,0.1853,-0.8506,0.0948,-2.8150,-2.1879,-0.9270,0
23898452,-0.5099,-0.1729,0.8358,-0.1079,-3.6975,-1.3750,-2.3567,0
23898618,-0.5506,-0.1624,0.8096,-0.1222,-0.9642,-3.4046,-1.2354,0
23898785,-0.5864,-0.1522,0.7844,-0.1334,2.2326,-2.8726,1.2605,0
23898952,-0.6144,-0.1447,0.7626,-0.1418,0.8627,-2.6568,2.6746,0
23899118,-0.6344,-0.1407,0.7459,-0.1463,-0.2190,-1.0964,2.3812,0
23899285,-0.6467,-0.1401,0.7357,-0.1446,-0.5244,-1.6457,2.2242,0
23899452,-0.6555,-0.1400,0.7286,-0.1412,0.3095,-1.5967,2.8939,0
23899618,-0.6626,-0.1384,0.7230,-0.1384,-0.0417,-2.4528,2.4358,0
23899785,-0.6711,-0.1354,0.7160,-0.1365,-0.6904,-2.6818,2.1738,0
23899952,-0.6806,-0.1324,0.7079,-0.1343,-0.7259,-2.3673,1.1836,0
23900118,0.6911,0.1303,-0.6986,0.1320,-0.9270,-1.1665,-0.3413,0
23900285,0.7116,0.1274,-0.6788,0.1289,-1.8617,-2.2270,-4.4548,0
23900452,0.7487,0.1281,-0.6375,0.1288,3.0732,-4.4286,-1.4637,0
23900618,0.7664,0.1244,-0.6172,0.1274,-1.9951,-0.6295,3.7895,0
23900785,0.7685,0.1215,-0.6157,0.1245,1.7392,0.1616,6.0358,0
23900952,0.7688,0.1191,-0.6164,0.1213,0.3378,-0.8365,0.0669,0
23901118,0.7667,0.1171,-0.6202,0.1179,0.0496,-0.9412,-0.1514,0
23901285,0.7630,0.1155,-0.6256,0.1144,-0.2153,-1.3439,0.4508,0
23901452,0.7573,0.1144,-0.6333,0.1108,-0.6084,-1.3134,-0.4086,0
23901618,0.7492,0.1137,-0.6436,0.1071,-0.6814,-1.9234,0.2547,0
23901785,0.7372,0.1137,-0.6580,0.1030,-0.7335,-1.7027,-0.2785,0
23901952,0.7214,0.1140,-0.6760,0.0982,-0.5824,-1.2029,-0.4784,0
23902118,0.7032,0.1147,-0.6954,0.0937,-0.1538,-0.7991,0.0043,0
23902285,0.6960,0.1156,-0.7025,0.0929,0.7190,-1.2002,1.3357,0
23902452,0.6853,0.1172,-0.7129,0.0917,-0.4935,-0.8165,-0.0359,0
23902618,0.6764,0.1192,-0.7211,0.0914,1.0566,-0.0239,0.1236,0
23902785,0.6680,0.1214,-0.7285,0.0915,0.8518,0.1223,0.2341,0
23902952,0.6613,0.1233,-0.7342,0.0917,0.4543,-0.0470,-0.2001,0
23903118,0.6567,0.1251,-0.7380,0.0925,0.9261,-0.6010,0.3622,0
23903285,0.6542,0.1264,-0.7399,0.0933,0.4237,-1.0996,-0.0198,0
23903452,0.6561,0.1275,-0.7377,0.0953,0.9413,-0.2696,0.1727,0
23903618,0.6626,0.1285,-0.7312,0.0986,0.6025,-0.7152,0.1423,0
23903785,0.6688,0.1297,-0.7249,0.1021,0.1712,-0.5061,0.1324,0
23903952,0.6731,0.1307,-0.7203,0.1049,0.1789,-0.5662,-0.1046,0
23904118,0.6773,0.1314,-0.7159,0.1073,0.0534,-0.6835,0.2587,0
23904285,0.6827,0.1310,-0.7105,0.1091,-0.2273,-0.7230,-0.0372,0
23904452,0.6879,0.1302,-0.7054,0.1105,-0.4652,-0.7005,0.0752,0
23904618,0.6922,0.1294,-0.7012,0.1115,-0.1445,-0.6054,0.1120,0
23904785,0.6968,0.1283,-0.6967,0.1123,-0.1755,-0.7134,0.0722,0
23904952,0.6984,0.1272,-0.6954,0.1121,-1.4223,-1.1868,0.0769,0
23905118,0.6982,0.1266,-0.6957,0.1117,-0.1880,-0.4962,0.1870,0
23905285,0.6983,0.1261,-0.6957,0.1115,-0.2286,-0.3815,0.1548,0
23905452,0.6984,0.1255,-0.6958,0.1112,-0.0630,-0.5458,0.0279,0
23905618,0.6985,0.1250,-0.6958,0.1111,0.1847,-0.4136,0.2092,0
23905785,0.6986,0.1249,-0.6957,0.1113,-0.0814,-0.5006,0.0452,0
23905952,0.6986,0.1247,-0.6957,0.1115,0.0797,-0.4969,0.1510,0
23906118,0.6986,0.1246,-0.6957,0.1117,-0.1617,-0.5625,0.1002,0
23906285,0.6986,0.1245,-0.6957,0.1120,-0.0964,-0.5029,0.1228,0
23906452,0.6986,0.1243,-0.6956,0.1122,-0.0454,-0.4924,0.0625,0
23906618,0.6986,0.1242,-0.6956,0.1124,-0.0262,-0.4668,0.1941,0
23906785,0.6986,0.1240,-0.6956,0.1126,-0.0806,-0.4899,0.0623,0
23906952,0.6986,0.1239,-0.6956,0.1128,-0.0970,-0.5199,0.1266,0
23907118,0.6987,0.1238,-0.6955,0.1130,-0.0551,-0.4831,0.1287,0
23907285,0.6987,0.1236,-0.6955,0.1132,-0.0523,-0.4537,0.1038,0
23907452,0.6987,0.1235,-0.6955,0.1134,-0.0698,-0.4911,0.1000,0
23907618,0.6987,0.1234,-0.6955,0.1137,-0.0831,-0.4774,0.1280,0
23907785,0.6987,0.1232,-0.6955,0.1139,-0.0601,-0.4421,0.0837,0
23907952,0.6987,0.1231,-0.6955,0.1141,-0.0863,-0.4890,0.0714,0
23908118,0.6987,0.1229,-0.6954,0.1143,-0.0917,-0.4469,0.1529,0
23908285,0.6987,0.1228,-0.6954,0.1145,-0.0602,-0.4594,0.0622,0
23908452,0.6987,0.1226,-0.6954,0.1147,-0.0904,-0.4448,0.1459,0
23908618,0.6987,0.1225,-0.6954,0.1149,-0.0811,-0.4332,0.1222,0
23908785,0.6987,0.1224,-0.6954,0.1152,-0.0725,-0.4224,0.1049,0
23908952,0.6988,0.1222,-0.6953,0.1154,-0.0661,-0.4422,0.1050,0
23909118,0.6988,0.1221,-0.6953,0.1156,-0.0775,-0.4231,0.1192,0
23909285,0.6988,0.1219,-0.6953,0.1158,-0.0768,-0.4244,0.0965,0
23909452,0.6988,0.1218,-0.6953,0.1160,-0.0893,-0.4207,0.1172,0
23909618,0.6988,0.1217,-0.6952,0.1162,-0.0808,-0.4133,0.1061,0
23909785,0.6988,0.1215,-0.6952,0.1164,-0.0957,-0.4143,0.0926,0
23909952,0.6988,0.1214,-0.6952,0.1166,-0.0902,-0.4182,0.1293,0
23910118,0.6988,0.1212,-0.6952,0.1168,-0.0685,-0.3852,0.1164,0
23910285,0.6989,0.1211,-0.6952,0.1170,-0.0858,-0.3807,0.1278,0
23910452,0.6989,0.1209,-0.6951,0.1172,-0.0929,-0.3894,0.1178,0
23910618,0.6989,0.1208,-0.6951,0.1175,-0.0688,-0.3702,0.1163,0
23910785,0.6989,0.1207,-0.6951,0.1177,-0.0852,-0.3917,0.1255,0
23910952,0.6989,0.1205,-0.6951,0.1179,-0.0712,-0.3814,0.1342,0
23911118,0.6989,0.1204,-0.6951,0.1181,-0.0901,-0.3775,0.0975,0
23911285,0.6989,0.1203,-0.6950,0.1183,-0.0752,-0.3482,0.1264,0
23911452,0.6989,0.1201,-0.6950,0.1185,-0.0695,-0.3600,0.1194,0
23911618,0.6989,0.1200,-0.6950,0.1187,-0.0883,-0.3516,0.1230,0
23911785,0.6989,0.1199,-0.6950,0.1189,-0.0800,-0.3615,0.1184,0
23911952,0.6989,0.1197,-0.6950,0.1191,-0.0890,-0.3445,0.1225,0
23912118,0.6989,0.1196,-0.6950,0.1193,-0.0721,-0.3349,0.1039,0
23912285,0.6990,0.1195,-0.6949,0.1195,-0.0811,-0.3410,0.1174,0
23912452,0.6989,0.1193,-0.6949,0.1197,-0.0885,-0.3339,0.1171,0
23912618,0.6990,0.1192,-0.6949,0.1199,-0.0793,-0.3152,0.1050,0
23912785,0.6990,0.1191,-0.6949,0.1201,-0.0753,-0.3186,0.1247,0
23912952,0.6990,0.1190,-0.6948,0.1203,-0.0943,-0.3072,0.1076,0
23913118,0.6990,0.1188,-0.6948,0.1205,-0.0983,-0.3032,0.1141,0
23913285,0.6990,0.1187,-0.6948,0.1207,-0.0820,-0.3182,0.1201,0
23913452,0.6990,0.1186,-0.6948,0.1209,-0.0911,-0.3011,0.1204,0
23913619,0.6990,0.1184,-0.6947,0.1211,-0.0975,-0.2876,0.1190,0
23913785,0.6990,0.1183,-0.6947,0.1213,-0.0793,-0.2879,0.0957,0
23913952,0.6991,0.1182,-0.6947,0.1215,-0.0891,-0.2856,0.1272,0
23914119,0.6991,0.1181,-0.6947,0.1217,-0.0837,-0.2775,0.1203,0
23914285,0.6991,0.1179,-0.6946,0.1219,-0.0782,-0.2705,0.1220,0
23914452,0.6991,0.1178,-0.6946,0.1221,-0.0916,-0.2731,0.1217,0
23914619,0.6991,0.1177,-0.6946,0.1223,-0.1038,-0.2768,0.1183,0
23914785,0.6991,0.1176,-0.6946,0.1225,-0.0817,-0.2650,0.1200,0
23914952,0.6991,0.1174,-0.6946,0.1227,-0.0969,-0.2575,0.1397,0
23915119,0.6991,0.1173,-0.6945,0.1228,-0.0730,-0.2495,0.1187,0
23915285,0.6991,0.1172,-0.6945,0.1230,-0.0808,-0.2476,0.1294,0
23915452,0.6991,0.1171,-0.6945,0.1232,-0.0874,-0.2411,0.1247,0
23915619,0.6991,0.1170,-0.6945,0.1234,-0.0711,-0.2394,0.1224,0
23915785,0.6991,0.1168,-0.6945,0.1236,-0.0910,-0.2533,0.1114,0
23915952,0.6992,0.1167,-0.6944,0.1238,-0.0662,-0.2418,0.1211,0
23916119,0.6992,0.1166,-0.6944,0.1240,-0.0988,-0.2350,0.1087,0
23916285,0.6992,0.1165,-0.6944,0.1242,-0.1087,-0.2411,0.1415,0
23916452,0.6992,0.1164,-0.6944,0.1244,-0.0958,-0.2193,0.1004,0
23916619,0.6992,0.1163,-0.6943,0.1245,-0.0784,-0.2186,0.1333,0
23916785,0.6992,0.1161,-0.6943,0.1247,-0.1213,-0.2165,0.1210,0
23916952,0.6992,0.1160,-0.6943,0.1249,-0.0955,-0.2113,0.1382,0
23917119,0.6992,0.1159,-0.6943,0.1251,-0.0731,-0.2076,0.1187,0
23917285,0.6992,0.1158,-0.6942,0.1253,-0.1001,-0.2027,0.1327,0
23917452,0.6992,0.1157,-0.6942,0.1255,-0.0903,-0.2095,0.1077,0
23917619,0.6992,0.1156,-0.6942,0.1256,-0.0869,-0.1869,0.1193,0
23917785,0.6993,0.1155,-0.6942,0.1258,-0.1073,-0.1947,0.1196,0
23917952,0.6993,0.1153,-0.6942,0.1260,-0.1006,-0.1998,0.1271,0
23918119,0.6993,0.1152,-0.6941,0.1262,-0.0916,-0.1751,0.1195,0
23918285,0.6993,0.1151,-0.6941,0.1263,-0.1062,-0.1841,0.0998,0
23918452,0.6993,0.1150,-0.6941,0.1265,-0.0880,-0.1732,0.1148,0
23918619,0.6993,0.1149,-0.6941,0.1267,-0.0773,-0.1646,0.1234,0
23918785,0.6993,0.1148,-0.6940,0.1269,-0.0848,-0.1743,0.1174,0
23918952,0.6993,0.1147,-0.6940,0.1270,-0.0837,-0.1680,0.1147,0
23919119,0.6993,0.1146,-0.6940,0.1272,-0.0940,-0.1462,0.1202,0
23919285,0.6993,0.1145,-0.6940,0.1274,-0.0941,-0.1513,0.1240,0
23919452,0.6993,0.1144,-0.6940,0.1275,-0.1123,-0.1456,0.1174,0
23919619,0.6993,0.1143,-0.6939,0.1277,-0.0919,-0.1519,0.1192,0
23919785,0.6994,0.1142,-0.6939,0.1279,-0.0858,-0.1401,0.1258,0
23919952,0.6994,0.1141,-0.6939,0.1280,-0.0928,-0.1346,0.1114,0
23920119,0.6994,0.1140,-0.6939,0.1282,-0.0749,-0.1300,0.1217,0
23920285,0.6994,0.1139,-0.6938,0.1283,-0.0845,-0.1446,0.1297,0
23920452,0.6994,0.1138,-0.6938,0.1285,-0.0945,-0.1310,0.1310,0
23920619,0.6994,0.1137,-0.6938,0.1287,-0.1024,-0.1213,0.1160,0
23920785,0.6994,0.1136,-0.6938,0.1288,-0.0818,-0.1229,0.1278,0
23920952,0.6994,0.1135,-0.6937,0.1290,-0.0771,-0.1070,0.1114,0
23921119,0.6994,0.1134,-0.6937,0.1291,-0.1009,-0.1069,0.1067,0
23921285,0.6994,0.1133,-0.6937,0.1293,-0.0999,-0.1024,0.1238,0
23921452,0.6994,0.1132,-0.6937,0.1295,-0.0986,-0.1052,0.1371,0
23921619,0.6994,0.1131,-0.6937,0.1296,-0.0731,-0.1037,0.1093,0
23921785,0.6994,0.1131,-0.6937,0.1298,-0.0999,-0.1018,0.1332,0
23921952,0.6994,0.1130,-0.6936,0.1299,-0.0942,-0.0846,0.1295,0
23922119,0.6995,0.1129,-0.6936,0.1301,-0.1067,-0.0798,0.1247,0
23922285,0.6995,0.1128,-0.6936,0.1302,-0.0919,-0.0930,0.1340,0
23922452,0.6995,0.1127,-0.6936,0.1304,-0.1102,-0.0921,0.1421,0
23922619,0.6995,0.1126,-0.6936,0.1305,-0.1029,-0.0758,0.1164,0
23922785,0.6995,0.1125,-0.6935,0.1307,-0.0847,-0.0759,0.1218,0
23922952,0.6995,0.1125,-0.6935,0.1308,-0.0987,-0.0735,0.1288,0
23923119,0.6995,0.1124,-0.6935,0.1310,-0.0791,-0.0647,0.1214,0
23923285,0.6995,0.1123,-0.6935,0.1311,-0.0898,-0.0702,0.1325,0
23923452,0.6995,0.1122,-0.6935,0.1313,-0.1062,-0.0593,0.1196,0
23923619,0.6995,0.1122,-0.6934,0.1314,-0.1054,-0.0646,0.1304,0
23923785,0.6995,0.1121,-0.6934,0.1315,-0.0943,-0.0604,0.1128,0
23923952,0.6995,0.1120,-0.6934,0.1317,-0.0882,-0.0417,0.1256,0
23924119,0.6995,0.1119,-0.6934,0.1318,-0.0977,-0.0477,0.0996,0
23924285,0.6995,0.1119,-0.6934,0.1320,-0.0954,-0.0500,0.1212,0
23924452,0.6995,0.1118,-0.6934,0.1321,-0.0813,-0.0426,0.1231,0
23924619,0.6995,0.1117,-0.6933,0.1323,-0.0879,-0.0420,0.1282,0
23924785,0.6995,0.1116,-0.6933,0.1324,-0.0851,-0.0394,0.1169,0
23924952,0.6995,0.1116,-0.6933,0.1325,-0.1002,-0.0339,0.1242,0
23925119,0.6995,0.1115,-0.6933,0.1326,-0.0883,-0.0315,0.1173,0
23925285,0.6995,0.1114,-0.6933,0.1328,-0.0975,-0.0246,0.1367,0
23925452,0.6995,0.1114,-0.6933,0.1329,-0.0853,-0.0259,0.1214,0
23925619,0.6995,0.1113,-0.6932,0.1331,-0.1172,-0.0259,0.1135,0
23925785,0.6995,0.1112,-0.6932,0.1332,-0.1032,-0.0190,0.1232,0
23925952,0.6995,0.1111,-0.6932,0.1333,-0.0916,-0.0045,0.1227,0
23926119,0.6995,0.1111,-0.6932,0.1335,-0.0984,-0.0265,0.1213,0
23926285,0.6995,0.1110,-0.6932,0.1336,-0.0939,-0.0130,0.1121,0
23926452,0.6995,0.1109,-0.6932,0.1337,-0.0886,-0.0026,0.1329,0
23926619,0.6995,0.1109,-0.6931,0.1339,-0.1207,-0.0256,0.1173,0
23926785,0.6995,0.1108,-0.6931,0.1340,-0.0945,-0.0064,0.1140,0
23926952,0.6995,0.1108,-0.6931,0.1341,-0.0946,-0.0070,0.1250,0
23927119,0.6995,0.1107,-0.6931,0.1342,-0.0953,-0.0084,0.1111,0
23927285,0.6995,0.1106,-0.6931,0.1344,-0.0793,0.0065,0.1158,0
23927452,0.6995,0.1106,-0.6931,0.1345,-0.0918,0.0056,0.1155,0
23927619,0.6995,0.1105,-0.6930,0.1346,-0.0795,-0.0042,0.1087,0
23927785,0.6995,0.1105,-0.6930,0.1348,-0.0983,0.0071,0.1258,0
23927952,0.6995,0.1104,-0.6930,0.1349,-0.1107,0.0042,0.1235,0
23928119,0.6995,0.1104,-0.6930,0.1350,-0.0865,0.0042,0.1243,0
23928285,0.6995,0.1103,-0.6930,0.1351,-0.0930,0.0134,0.1273,0
23928452,0.6995,0.1102,-0.6930,0.1352,-0.1030,0.0103,0.1242,0
23928619,0.6995,0.1102,-0.6930,0.1353,-0.1160,0.0235,0.1242,0
23928785,0.6995,0.1101,-0.6930,0.1355,-0.1084,0.0236,0.1410,0
23928952,0.6995,0.1101,-0.6930,0.1356,-0.1132,0.0177,0.0928,0
23929119,0.6995,0.1100,-0.6929,0.1357,-0.1229,0.0346,0.1287,0
23929285,0.6995,0.1100,-0.6929,0.1358,-0.1085,0.0400,0.1207,0
23929452,0.6995,0.1099,-0.6929,0.1360,-0.1165,0.0201,0.1239,0
23929619,0.6995,0.1099,-0.6929,0.1361,-0.0954,0.0346,0.1234,0
23929785,0.6995,0.1098,-0.6929,0.1362,-0.1306,0.0381,0.1171,0
23929952,0.6995,0.1098,-0.6929,0.1363,-0.0875,0.0448,0.1237,0
23930119,0.6995,0.1097,-0.6929,0.1364,-0.0832,0.0526,0.1134,0
23930286,0.6995,0.1097,-0.6929,0.1365,-0.0958,0.0379,0.1287,0
23930452,0.6995,0.1096,-0.6929,0.1366,-0.1147,0.0465,0.1213,0
23930619,0.6995,0.1096,-0.6928,0.1368,-0.0861,0.0642,0.1065,0
23930786,0.6995,0.1095,-0.6928,0.1369,-0.1126,0.0411,0.1249,0
23930952,0.6995,0.1095,-0.6928,0.1370,-0.0998,0.0595,0.1207,0
23931119,0.6995,0.1095,-0.6928,0.1371,-0.0918,0.0510,0.1165,0
23931286,0.6995,0.1094,-0.6928,0.1372,-0.1196,0.0630,0.1261,0
23931452,0.6995,0.1094,-0.6928,0.1373,-0.1074,0.0687,0.1062,0
23931619,0.6995,0.1093,-0.6928,0.1374,-0.0989,0.0564,0.1049,0
23931786,0.6995,0.1093,-0.6927,0.1375,-0.1078,0.0631,0.1170,0
23931952,0.7038,0.1200,-0.6877,0.1320,0.0522,-0.1368,0.1200,0
23932119,0.7038,0.1200,-0.6877,0.1320,0.0643,-0.1361,0.1126,0
23932286,0.7038,0.1199,-0.6877,0.1321,0.0685,-0.1319,0.1184,0
23932452,0.7038,0.1199,-0.6877,0.1321,0.0546,-0.1237,0.1286,0
23932619,0.7038,0.1198,-0.6877,0.1322,0.0744,-0.1349,0.1198,0
23932786,0.7037,0.1198,-0.6877,0.1322,0.0844,-0.1274,0.1211,0
23932952,0.7037,0.1197,-0.6877,0.1323,0.0642,-0.1277,0.1314,0
23933119,0.7037,0.1197,-0.6877,0.1323,0.0710,-0.1340,0.1040,0
23933286,0.7037,0.1196,-0.6877,0.1324,0.0652,-0.1408,0.1390,0
23933452,0.7037,0.1195,-0.6877,0.1324,0.0771,-0.1217,0.1255,0
23933619,0.7037,0.1195,-0.6877,0.1324,0.0440,-0.1273,0.1245,0
23933786,0.7037,0.1194,-0.6877,0.1325,0.0675,-0.1155,0.1277,0
23933952,0.7037,0.1194,-0.6878,0.1325,0.0608,-0.1214,0.1296,0
23934119,0.7037,0.1193,-0.6878,0.1326,0.0525,-0.1266,0.1158,0
23934286,0.7037,0.1193,-0.6878,0.1326,0.0466,-0.1054,0.1116,0
23934452,0.7037,0.1193,-0.6878,0.1327,0.0626,-0.1159,0.1226,0
23934619,0.7037,0.1192,-0.6878,0.1327,0.0640,-0.1215,0.1058,0
23934786,0.7037,0.1192,-0.6878,0.1328,0.0639,-0.1000,0.1216,0
23934952,0.7036,0.1191,-0.6878,0.1328,0.0587,-0.1069,0.1280,0
23935119,0.7036,0.1191,-0.6878,0.1328,0.0586,-0.1220,0.1256,0
23935286,0.7036,0.1190,-0.6878,0.1329,0.0604,-0.1118,0.1258,0
23935452,0.7036,0.1190,-0.6878,0.1329,0.0416,-0.1192,0.1192,0
23935619,0.7036,0.1189,-0.6878,0.1330,0.0529,-0.1157,0.1157,0
23935786,0.7036,0.1189,-0.6878,0.1330,0.0541,-0.1107,0.1167,0
23935952,0.7036,0.1188,-0.6878,0.1330,0.0506,-0.1053,0.1156,0
23936119,0.7036,0.1188,-0.6878,0.1331,0.0487,-0.1188,0.1016,0
23936286,0.7036,0.1188,-0.6878,0.1331,0.0504,-0.1040,0.1283,0
23936452,0.7036,0.1187,-0.6879,0.1331,0.0434,-0.1027,0.1232,0
23936619,0.7036,0.1187,-0.6879,0.1332,0.0477,-0.0981,0.1059,0
23936786,0.7036,0.1186,-0.6879,0.1332,0.0408,-0.0915,0.1198,0
23936952,0.7036,0.1186,-0.6879,0.1333,0.0561,-0.1117,0.1229,0
23937119,0.7035,0.1186,-0.6879,0.1333,0.0470,-0.0926,0.1299,0
23937286,0.7035,0.1185,-0.6879,0.1334,0.0503,-0.1016,0.1130,0
23937452,0.7035,0.1185,-0.6879,0.1334,0.0329,-0.1007,0.1305,0
23937619,0.7035,0.1184,-0.6879,0.1334,0.0298,-0.1069,0.1251,0
23937786,0.7035,0.1184,-0.6879,0.1335,0.0392,-0.0911,0.1362,0
23937952,0.7035,0.1184,-0.6879,0.1335,0.0261,-0.0969,0.1320,0
23938119,0.7035,0.1183,-0.6879,0.1335,0.0378,-0.0885,0.1233,0
23938286,0.7035,0.1183,-0.6879,0.1336,0.0663,-0.0898,0.1318,0
23938452,0.7035,0.1182,-0.6879,0.1336,0.0317,-0.1074,0.1297,0
23938619,0.7035,0.1182,-0.6879,0.1337,0.0547,-0.0937,0.1335,0
23938786,0.7035,0.1182,-0.6879,0.1337,0.0165,-0.0969,0.1240,0
23938952,0.7035,0.1181,-0.6879,0.1337,0.0602,-0.1668,0.1036,0
23939119,0.7035,0.1183,-0.6878,0.1340,0.1399,-1.8711,0.1329,0
23939286,0.7044,0.1234,-0.6849,0.1398,0.0718,-5.9656,0.4083,0
23939452,0.7102,0.1217,-0.6791,0.1404,-5.5547,-3.9204,0.6853,0
23939619,0.7254,0.1130,-0.6651,0.1367,0.1009,0.2328,0.0040,0
23939786,0.7452,0.1102,-0.6422,0.1418,1.2753,3.6873,-0.3094,0
23939952,0.7595,0.1087,-0.6244,0.1466,-3.8087,0.9311,-0.0811,0
23940119,0.7642,0.1099,-0.6174,0.1506,-2.8236,-0.8810,0.2139,0
23940286,0.7756,0.1106,-0.6010,0.1584,0.2542,-1.5876,1.1338,0
23940452,0.7952,0.1033,-0.5723,0.1719,-0.6796,-0.5998,6.7120,0
23940619,0.8172,0.0853,-0.5353,0.1958,0.6043,-0.5560,7.5609,0
23940786,0.8438,0.0545,-0.4803,0.2332,1.4375,-2.0205,6.7005,0
23940952,0.8679,0.0209,-0.4130,0.2752,1.4678,-3.4857,8.2285,0
23941119,0.8803,-0.0069,-0.3520,0.3181,4.0605,-2.8970,10.5662,0
23941286,0.8874,-0.0349,-0.2909,0.3559,5.2231,-2.5747,7.8786,0
23941452,0.8936,-0.0668,-0.2188,0.3863,2.4799,-0.7460,5.3877,0
23941619,0.8962,-0.1042,-0.1374,0.4087,0.8751,0.5947,3.9259,0
23941786,0.8931,-0.1437,-0.0523,0.4232,0.3918,1.0537,1.8465,0
23941952,0.8839,-0.1801,0.0230,0.4309,0.5548,3.4701,1.4735,0
23942119,0.8739,-0.1987,0.0533,0.4404,1.5292,2.8937,-1.3760,0
23942286,0.8625,-0.2097,0.0538,0.4574,-0.8033,-2.4071,-6.3780,0
23942452,0.8467,-0.2287,0.0534,0.4775,-0.5902,-3.4581,-5.2112,0
23942619,0.8302,-0.2461,0.0448,0.4981,0.8046,-0.7202,-4.3405,0
23942786,0.8143,-0.2643,0.0395,0.5152,1.5243,-0.2826,-3.1738,0
23942952,0.7991,-0.2866,0.0436,0.5266,2.4586,-0.4892,-2.7708,0
23943119,0.7838,-0.3114,0.0510,0.5348,1.7177,0.0784,-3.0798,0
23943286,0.7673,-0.3344,0.0521,0.5447,-1.2295,-0.2613,-2.3395,0
23943452,0.7495,-0.3547,0.0437,0.5573,-2.7956,-0.6028,-0.2774,0
23943619,0.7300,-0.3740,0.0253,0.5715,-3.0490,-1.2458,0.4542,0
23943786,0.7086,-0.3957,0.0032,0.5842,-2.3106,-2.0259,0.3505,0
23943952,0.6848,-0.4204,-0.0213,0.5948,-3.4514,-0.9628,0.6364,0
23944119,0.6574,-0.4484,-0.0465,0.6038,-4.5473,0.4296,0.5214,0
23944286,0.6253,-0.4819,-0.0699,0.6098,-4.9320,0.8708,-0.1771,0
23944452,0.5903,-0.5229,-0.0871,0.6088,-4.8808,-0.2060,-1.2902,0
23944619,0.5527,-0.5665,-0.1042,0.6023,-4.5700,-1.6395,-2.7799,0
23944786,0.5140,-0.6089,-0.1249,0.5912,-3.5706,-2.0751,-3.3035,0
23944952,0.4763,-0.6465,-0.1494,0.5769,-2.8235,-2.1258,-2.9730,0
23945119,0.4402,-0.6791,-0.1771,0.5600,-2.1135,-1.6668,-3.0537,0
23945286,0.4025,-0.7046,-0.2114,0.5449,-0.2326,-0.9325,-3.0908,0
23945452,0.3643,-0.7243,-0.2483,0.5301,1.1790,-2.2230,-3.2884,0
23945619,0.3283,-0.7386,-0.2838,0.5159,2.2534,-1.6377,-3.2639,0
23945786,0.2985,-0.7518,-0.3136,0.4974,3.1015,-0.3941,-1.3291,0
23945952,0.2739,-0.7627,-0.3398,0.4774,2.9239,-0.8467,-0.5768,0
23946119,0.2539,-0.7706,-0.3640,0.4573,1.9288,-1.1074,-0.3064,0
23946286,0.2384,-0.7759,-0.3875,0.4371,1.3494,-0.9882,0.2821,0
23946452,0.2260,-0.7772,-0.4117,0.4188,1.8924,-0.0796,1.0147,0
23946619,0.2159,-0.7738,-0.4372,0.4043,1.5526,1.6127,1.0742,0
23946786,0.2095,-0.7660,-0.4643,0.3921,0.3100,3.0947,2.2212,0
23946953,0.2088,-0.7543,-0.4933,0.3796,0.6186,3.2591,2.7820,0
23947119,0.2140,-0.7392,-0.5232,0.3662,1.5273,2.6665,2.0670,0
23947286,0.2251,-0.7206,-0.5531,0.3523,1.4393,1.7896,1.8863,0
23947453,0.2405,-0.6971,-0.5852,0.3373,0.7817,1.2879,1.0616,0
23947619,0.2586,-0.6684,-0.6191,0.3211,0.8568,1.9581,1.4597,0
23947786,0.2778,-0.6352,-0.6526,0.3056,1.7768,2.4853,1.6196,0
23947953,0.3002,-0.5999,-0.6834,0.2880,2.2770,2.1856,1.3030,0
23948119,0.3261,-0.5630,-0.7106,0.2678,2.0888,0.9824,0.5769,0
23948286,0.3547,-0.5241,-0.7341,0.2462,1.9241,0.5158,0.9868,0
23948453,0.3840,-0.4820,-0.7545,0.2257,1.8315,1.5633,2.3040,0
23948619,0.4119,-0.4369,-0.7724,0.2070,1.0358,2.3949,2.3557,0
23948786,0.4391,-0.3906,-0.7871,0.1872,1.2804,2.0178,0.8436,0
23948953,0.4695,-0.3420,-0.7970,0.1656,2.6032,0.7415,-0.6742,0
23949119,0.5029,-0.2919,-0.8007,0.1445,2.9628,-0.3331,-1.2593,0
23949286,0.5422,-0.2398,-0.7957,0.1242,2.5538,-2.1053,-0.8940,0
23949453,0.5883,-0.1842,-0.7803,0.1056,2.5922,-2.6910,-1.0678,0
23949619,0.6376,-0.1264,-0.7545,0.0903,2.6513,-1.6510,-1.7417,0
23949786,0.6889,-0.0677,-0.7170,0.0817,3.2514,-0.0384,-3.3410,0
23949953,0.7423,-0.0056,-0.6650,0.0823,2.8496,1.6364,-6.3805,0
23950119,0.7980,0.0592,-0.5924,0.0936,2.6230,2.6906,-7.2631,0
23950286,0.8491,0.1237,-0.4998,0.1180,0.8342,4.1092,-7.0072,0
23950453,0.8877,0.1853,-0.3920,0.1548,-1.4534,4.0031,-6.3588,0
23950619,0.9093,0.2414,-0.2722,0.2017,-4.4487,3.3277,-5.0087,0
23950786,0.9093,0.2907,-0.1570,0.2532,-5.0296,2.2858,-1.0606,0
23950953,0.8904,0.3302,-0.0511,0.3090,-5.2191,0.1822,0.5373,0
23951119,0.8574,0.3564,0.0425,0.3688,-4.4757,-0.6445,0.6537,0
23951286,0.8162,0.3736,0.1126,0.4261,-4.4401,-0.7202,1.8221,0
23951453,0.7744,0.3854,0.1546,0.4773,-4.7144,1.5302,2.2243,0
23951619,0.7343,0.3925,0.1760,0.5252,-5.0006,1.9505,0.5721,0
23951786,0.6954,0.3940,0.1859,0.5716,-4.6264,1.8689,-1.4083,0
23951953,0.6562,0.3895,0.1905,0.6176,-3.5558,1.0639,-1.2274,0
23952119,0.6165,0.3795,0.1953,0.6616,-0.6940,-0.1366,1.7546,0
23952286,0.5788,0.3731,0.1902,0.6997,1.1147,-0.3482,3.3585,0
23952453,0.5407,0.3742,0.1793,0.7317,0.7294,-0.3955,2.7475,0
23952619,0.4985,0.3780,0.1716,0.7611,-0.2037,0.5098,2.7421,0
23952786,0.4509,0.3795,0.1697,0.7899,1.1480,1.2671,1.7328,0
23952953,0.4013,0.3805,0.1704,0.8155,0.5663,1.5693,1.1778,0
23953119,0.3518,0.3797,0.1708,0.8384,1.0373,1.3178,-0.8063,0
23953286,0.3061,0.3807,0.1660,0.8567,0.0602,2.8924,0.1891,0
23953453,0.2700,0.3788,0.1615,0.8704,0.2958,3.7481,-0.5971,0
23953619,0.2444,0.3745,0.1585,0.8803,2.0318,4.2497,-0.0084,0
23953786,0.2308,0.3718,0.1562,0.8855,3.1809,3.9664,-0.3854,0
23953953,0.2286,0.3716,0.1561,0.8861,3.5113,3.4878,0.1370,0
23954119,0.2365,0.3711,0.1581,0.8839,2.5480,2.7166,-0.2279,0
23954286,0.2548,0.3693,0.1594,0.8794,1.8626,2.6530,-0.1056,0
23954453,0.2832,0.3671,0.1560,0.8722,0.6518,2.1339,-1.1846,0
23954619,0.3180,0.3597,0.1469,0.8648,0.0860,1.2561,-2.1126,0
23954786,0.3562,0.3426,0.1325,0.8592,0.1237,0.5941,-1.7927,0
23954953,0.3984,0.3193,0.1104,0.8527,-0.2284,0.6395,-0.7890,0
23955119,0.4429,0.2926,0.0792,0.8438,-0.0182,0.1083,0.8696,0
23955286,0.4846,0.2574,0.0475,0.8347,-0.4732,-1.2212,2.5459,0
23955453,0.5229,0.2125,0.0175,0.8253,-0.7653,-2.9031,2.8655,0
23955619,0.5532,0.1599,-0.0116,0.8175,-2.1508,-6.0947,4.5128,0
23955786,0.5775,0.1087,-0.0450,0.8078,-4.2557,-1.0741,2.8279,0
23955953,0.5970,0.0601,-0.0919,0.7947,-4.0320,0.3795,-2.8382,0
23956119,0.6114,0.0058,-0.1436,0.7782,-2.6860,2.3557,-3.3153,0
23956286,0.6226,-0.0601,-0.1922,0.7562,-0.2929,5.2127,-4.8134,0
23956453,0.6278,-0.1211,-0.2481,0.7278,0.8123,3.8289,-2.4625,0
23956619,0.6233,-0.1743,-0.3092,0.6968,0.4345,1.5839,-2.4900,0
23956786,0.5988,-0.1978,-0.3734,0.6804,-8.3099,-8.5126,4.4635,0
23956953,0.5845,-0.2324,-0.3944,0.6699,-2.1982,2.0219,-1.4386,0
23957119,0.5851,-0.2722,-0.3867,0.6588,0.2124,2.1634,-2.0002,0
23957286,0.5912,-0.3133,-0.3666,0.6465,2.7668,1.3087,-4.2720,0
23957453,0.5932,-0.3454,-0.3507,0.6370,3.4596,0.7445,-3.7924,0
23957619,0.5897,-0.3607,-0.3464,0.6342,4.5577,2.0344,-1.1787,0
23957786,0.5842,-0.3631,-0.3497,0.6361,6.7506,3.3234,0.6619,0
23957953,0.5830,-0.3589,-0.3506,0.6390,5.6461,2.6360,0.7091,0
23958119,0.5874,-0.3479,-0.3453,0.6439,3.8937,1.5698,-0.4186,0
23958286,0.5977,-0.3316,-0.3302,0.6510,2.5123,0.2378,-0.6619,0
23958453,0.6124,-0.3098,-0.3054,0.6601,1.1884,0.5279,-1.0454,0
23958619,0.6304,-0.2819,-0.2717,0.6703,0.5620,0.5072,-0.6262,0
23958786,0.6475,-0.2449,-0.2313,0.6836,0.1200,0.9160,-0.5438,0
23958953,0.6613,-0.1962,-0.1905,0.6985,-0.4095,0.9921,-0.4704,0
23959119,0.6710,-0.1317,-0.1564,0.7127,-1.2557,0.8646,-2.0509,0
23959286,0.6796,-0.0550,-0.1250,0.7208,-2.2361,0.1331,-4.3482,0
23959453,0.6869,0.0094,-0.0860,0.7216,-4.1364,-0.9027,-3.6781,0
23959619,0.6901,0.0784,-0.0591,0.7170,-5.6536,-1.8566,2.4879,0
23959786,0.6916,0.1511,-0.0496,0.7045,-5.1516,0.0407,3.6831,0
23959953,0.6923,0.2048,-0.0365,0.6909,-2.5774,2.3634,0.3869,0
23960119,0.6919,0.2317,-0.0063,0.6838,-0.3487,3.0668,0.5830,0
23960286,0.6903,0.2507,0.0206,0.6784,0.8334,1.3371,3.4197,0
23960453,0.6907,0.2784,0.0212,0.6670,2.9715,2.5020,1.5083,0
23960619,0.6942,0.3057,0.0076,0.6516,4.2999,5.4306,-0.0644,0
23960786,0.7005,0.3207,-0.0072,0.6375,2.6422,6.2562,-0.1142,0
23960953,0.7102,0.3240,-0.0256,0.6245,1.1657,5.8570,0.8776,0
23961119,0.7220,0.3146,-0.0464,0.6145,-0.3761,4.1159,0.8210,0
23961286,0.7355,0.2958,-0.0654,0.6060,-0.5993,2.3906,-1.1700,0
23961453,0.7491,0.2853,-0.0885,0.5913,3.1533,2.3402,-1.0100,0
23961619,0.7615,0.2835,-0.1133,0.5717,6.3504,2.9930,-2.7217,0
23961786,0.7749,0.2805,-0.1336,0.5505,4.0247,2.5144,-2.2959,0
23961953,0.7892,0.2704,-0.1518,0.5301,0.8300,1.5710,-0.0258,0
23962119,0.8014,0.2588,-0.1790,0.5087,0.7181,0.4795,1.0226,0
23962286,0.8128,0.2383,-0.2040,0.4909,-2.4667,1.1644,-1.0948,0
23962453,0.8240,0.2110,-0.2163,0.4792,-1.5576,-2.4538,-0.9123,0
23962619,0.8303,0.1967,-0.2307,0.4677,-0.2581,-2.3209,2.1723,0
23962786,0.8330,0.1899,-0.2434,0.4591,0.5103,-1.2211,2.1456,0
23962953,0.8344,0.1848,-0.2539,0.4529,0.1034,-0.5884,0.3737,0
23963119,0.8346,0.1794,-0.2666,0.4475,-0.2417,-0.7599,-1.4255,0
23963286,0.8330,0.1774,-0.2794,0.4433,-0.3783,-1.5578,-2.0409,0
23963453,0.8314,0.1788,-0.2877,0.4404,-1.9204,-1.8606,-1.3746,0
23963620,0.8312,0.1830,-0.2929,0.4357,-1.9258,-1.5062,-1.3961,0
23963786,0.8324,0.1883,-0.2969,0.4284,-0.5307,-0.8500,-1.7691,0
23963953,0.8332,0.1918,-0.3023,0.4215,-0.8973,-1.2805,-2.5907,0
23964120,0.8328,0.1935,-0.3099,0.4159,-0.8696,-1.3307,-3.1902,0
23964286,0.8330,0.1950,-0.3161,0.4101,-0.5467,-1.5109,-0.9446,0
23964453,0.8350,0.1956,-0.3176,0.4045,0.1808,-1.1062,-0.1498,0
23964620,0.8383,0.1937,-0.3148,0.4008,-0.2471,-1.1319,-1.8080,0
23964786,0.8411,0.1892,-0.3135,0.3982,-1.2585,-0.8722,-4.1723,0
23964953,0.8427,0.1822,-0.3141,0.3975,-1.9272,-2.0109,-3.3010,0
23965120,0.8438,0.1741,-0.3141,0.3987,-1.3301,-2.4729,-0.0108,0
23965286,0.8447,0.1670,-0.3145,0.3996,0.0752,-1.6125,1.7941,0
23965453,0.8462,0.1611,-0.3142,0.3991,0.7025,-1.3604,1.5956,0
23965620,0.8488,0.1555,-0.3091,0.3996,-0.1059,-1.6475,1.8083,0
23965786,0.8530,0.1484,-0.2980,0.4020,-0.0085,-1.4619,1.5124,0
23965953,0.8575,0.1405,-0.2853,0.4044,0.5031,-1.3284,0.7606,0
23966120,0.8623,0.1342,-0.2732,0.4046,-0.3897,-2.1215,1.3115,0
23966286,0.8666,0.1296,-0.2629,0.4039,-0.7641,-1.9277,2.1135,0
23966453,0.8710,0.1245,-0.2521,0.4029,-0.4003,-1.1650,2.5005,0
23966620,0.8765,0.1176,-0.2379,0.4016,-1.3801,-1.4103,2.4719,0
23966786,0.8831,0.1077,-0.2185,0.4009,-0.9807,-1.6851,2.3577,0
23966953,0.8895,0.0964,-0.1969,0.4009,0.3753,-1.3029,1.9382,0
23967120,0.8945,0.0852,-0.1775,0.4013,0.4140,-0.8156,1.1885,0
23967286,0.8979,0.0757,-0.1645,0.4011,0.8134,-1.0217,0.4228,0
23967453,0.9001,0.0679,-0.1543,0.4017,0.0887,-2.6414,0.5426,0
23967620,0.9003,0.0608,-0.1470,0.4051,-0.8671,-2.7393,-0.8134,0
23967786,0.8992,0.0510,-0.1380,0.4121,-0.1732,-1.7100,-1.0332,0
23967953,0.8971,0.0410,-0.1299,0.4204,-0.1103,-1.3891,1.5607,0
23968120,0.8935,0.0311,-0.1258,0.4299,1.0294,-0.0476,1.2792,0
23968286,0.8892,0.0177,-0.1202,0.4410,-0.3984,-0.3496,2.9076,0
23968453,0.8865,0.0023,-0.1066,0.4503,-1.3427,0.9309,6.3646,0
23968620,0.8852,-0.0063,-0.0914,0.4560,1.6718,0.7094,6.0908,0
23968786,0.8856,-0.0143,-0.0698,0.4589,3.1894,0.2918,2.8900,0
23968953,0.8864,-0.0197,-0.0456,0.4603,5.9975,-3.9215,2.7019,0
23969120,0.8835,-0.0252,-0.0195,0.4674,9.5767,-8.2452,4.0953,0
23969286,0.8745,-0.0299,-0.0008,0.4841,6.3274,1.0091,4.2386,0
23969453,0.8627,-0.0289,0.0092,0.5049,-0.0432,0.8156,1.7128,0
23969620,0.8520,-0.0364,0.0383,0.5209,-0.5984,0.2034,-2.0387,0
23969786,0.8411,-0.0390,0.0619,0.5359,0.5467,0.1739,1.0599,0
23969953,0.8341,-0.0205,0.0596,0.5479,-4.1785,0.8412,-1.5288,0
23970120,0.8306,0.0193,0.0430,0.5549,-6.0228,2.9762,0.1169,0
23970286,0.8279,0.0500,0.0322,0.5577,-1.7713,-0.2630,0.4152,0
23970453,0.8246,0.0715,0.0312,0.5604,-0.6209,2.0559,0.7868,0
23970620,0.8211,0.0945,0.0403,0.5615,0.7196,1.6173,0.7787,0
23970786,0.8187,0.1147,0.0583,0.5597,-0.9191,1.5066,-2.1477,0
23970953,0.8155,0.1263,0.0775,0.5595,-3.6267,1.5258,-1.8612,0
23971120,0.8143,0.1407,0.0792,0.5575,-2.6685,2.0637,-2.0710,0
23971286,0.8145,0.1473,0.0871,0.5543,-2.3162,1.9865,-0.9934,0
23971453,0.8152,0.1505,0.0995,0.5503,-1.6287,0.7585,0.5213,0
23971620,0.8158,0.1539,0.1106,0.5464,-0.7110,-0.1069,-0.0169,0
23971786,0.8159,0.1568,0.1194,0.5436,-1.4465,0.2235,-0.6580,0
23971953,0.8159,0.1578,0.1267,0.5417,-1.8373,0.4945,-1.1808,0
23972120,0.8160,0.1572,0.1331,0.5402,-1.4145,0.1761,-1.6608,0
23972286,0.8162,0.1572,0.1369,0.5388,-0.6211,-0.1039,-1.0700,0
23972453,0.8164,0.1577,0.1389,0.5379,-0.1907,-0.4369,-0.9050,0
23972620,0.8162,0.1576,0.1411,0.5376,0.5647,-0.1491,-1.0528,0
23972786,0.8159,0.1566,0.1440,0.5376,-0.0979,0.2201,-1.1138,0
23972953,0.8159,0.1556,0.1460,0.5374,-0.6794,0.3490,-1.1748,0
23973120,0.8164,0.1556,0.1464,0.5365,-0.1690,-0.0565,-1.0777,0
23973286,0.8168,0.1559,0.1466,0.5358,-0.1030,0.0354,-0.8540,0
23973453,0.8167,0.1554,0.1481,0.5357,-0.4822,0.1371,-0.1010,0
23973620,0.8163,0.1542,0.1510,0.5358,-0.2886,-0.0522,-0.2144,0
23973786,0.8157,0.1534,0.1547,0.5359,-0.0890,-0.1120,0.0267,0
23973953,0.8152,0.1534,0.1566,0.5361,0.0059,0.0881,-0.0332,0
23974120,0.8148,0.1540,0.1571,0.5364,0.3429,-0.0095,0.1628,0
23974286,0.8143,0.1545,0.1573,0.5369,0.3576,-0.1921,0.5233,0
23974453,0.8137,0.1542,0.1582,0.5376,-0.0568,0.0020,0.8142,0
23974620,0.8130,0.1537,0.1597,0.5385,-0.4047,0.5427,0.5659,0
23974786,0.8124,0.1536,0.1607,0.5391,-0.4234,0.7880,0.1246,0
23974953,0.8128,0.1549,0.1583,0.5388,0.0727,0.7031,0.4303,0
23975120,0.8142,0.1576,0.1532,0.5374,0.5383,0.2890,1.0006,0
23975286,0.8158,0.1606,0.1485,0.5354,2.4348,-0.6031,0.0238,0
23975453,0.8176,0.1626,0.1438,0.5333,1.5963,0.6271,0.4473,0
23975620,0.8206,0.1647,0.1352,0.5304,1.8183,0.1670,-0.8456,0
23975786,0.8250,0.1686,0.1205,0.5258,5.5892,-2.7818,-2.2003,0
23975953,0.8293,0.1756,0.1033,0.5203,8.7556,-4.7784,-3.0446,0
23976120,0.8330,0.1839,0.0913,0.5137,5.5961,-3.1462,-3.0696,0
23976286,0.8381,0.1947,0.0756,0.5040,2.9368,-1.0296,-1.8701,0
23976453,0.8424,0.2031,0.0612,0.4954,-7.4862,3.9077,5.5673,0
23976620,0.8440,0.2107,0.0487,0.4909,-8.9192,4.6573,7.2797,0
23976786,0.8435,0.2164,0.0337,0.4905,-6.7297,5.2685,4.4496,0
23976953,0.8420,0.2213,0.0162,0.4918,0.5616,1.6574,-1.7424,0
23977120,0.8397,0.2245,0.0004,0.4944,0.3606,2.0252,-1.8939,0
23977286,0.8375,0.2268,-0.0138,0.4970,0.3152,2.0526,-0.5377,0
23977453,0.8359,0.2276,-0.0291,0.4986,-0.4635,1.7664,0.5528,0
23977620,0.8351,0.2264,-0.0429,0.4995,0.2579,2.0738,-0.7243,0
23977786,0.8349,0.2252,-0.0550,0.4991,0.5682,1.1592,-1.2858,0
23977953,0.8355,0.2250,-0.0687,0.4966,-0.3471,-0.0713,-0.7400,0
23978120,0.8360,0.2258,-0.0875,0.4924,1.4830,-0.3706,-2.3268,0
23978286,0.8363,0.2249,-0.1066,0.4885,3.0647,-2.3212,-3.0143,0
23978453,0.8359,0.2246,-0.1282,0.4841,2.2571,-1.7120,-1.4718,0
23978620,0.8362,0.2213,-0.1457,0.4802,1.6530,0.2209,-1.4746,0
23978786,0.8375,0.2156,-0.1601,0.4759,-0.0155,-0.1482,-0.5617,0
23978953,0.8382,0.2117,-0.1786,0.4697,-0.3672,0.0240,-0.8733,0
23979120,0.8382,0.2099,-0.2002,0.4618,0.0194,0.5404,-1.1276,0
23979286,0.8380,0.2087,-0.2216,0.4529,-0.1920,0.4686,-0.6340,0
23979453,0.8381,0.2069,-0.2408,0.4437,-1.8508,0.1465,0.0434,0
23979620,0.8368,0.2057,-0.2635,0.4335,-3.5737,0.4617,-0.5453,0
23979786,0.8336,0.2055,-0.2916,0.4216,-2.9094,1.6172,-0.9046,0
23979953,0.8300,0.2046,-0.3187,0.4094,-2.2160,0.4138,-0.3727,0
23980120,0.8253,0.2042,-0.3468,0.3960,-1.4414,-0.0770,-0.2879,0
23980287,0.8196,0.2046,-0.3749,0.3818,-0.9142,-0.6970,0.4703,0
23980453,0.8148,0.2038,-0.3990,0.3678,0.9296,-1.3935,1.2501,0
23980620,0.8095,0.2022,-0.4226,0.3538,1.0179,-0.1194,0.5477,0
23980787,0.8043,0.2003,-0.4448,0.3392,0.2115,0.1759,-0.5358,0
23980953,0.7988,0.2003,-0.4658,0.3238,-0.5816,-0.7949,-0.0646,0
23981120,0.7870,0.2058,-0.4945,0.3061,-2.5956,-1.0431,0.8402,0
23981287,0.7755,0.2114,-0.5205,0.2881,-1.0068,-0.6059,0.2842,0
23981453,0.7640,0.2146,-0.5445,0.2716,1.7481,-0.2862,1.8668,0
23981620,0.7531,0.2156,-0.5651,0.2590,2.6457,-0.1690,2.3957,0
23981787,0.7421,0.2168,-0.5828,0.2502,1.9655,-0.4592,1.9691,0
23981953,0.7303,0.2196,-0.5994,0.2431,0.5086,-0.1671,0.4313,0
23982120,0.7198,0.2229,-0.6133,0.2368,0.1151,-0.4313,0.5973,0
23982287,0.7108,0.2255,-0.6246,0.2320,0.3006,-0.5155,1.2482,0
23982453,0.7045,0.2268,-0.6323,0.2291,0.2465,0.0539,1.0795,0
23982620,0.6992,0.2275,-0.6386,0.2273,-0.2788,-0.1825,0.0470,0
23982787,0.6932,0.2286,-0.6454,0.2252,-0.1812,-0.3062,-1.0904,0
23982953,0.6875,0.2302,-0.6518,0.2224,-0.0106,-0.7698,-1.8923,0
23983120,0.6826,0.2278,-0.6577,0.2226,-1.7561,1.6705,3.8281,0
23983287,0.6794,0.2229,-0.6613,0.2268,0.0003,0.9787,0.4676,0
23983453,0.6792,0.2175,-0.6614,0.2323,-0.5450,0.6585,-0.1873,0
23983620,0.6763,0.2130,-0.6642,0.2370,-0.9657,-0.7100,0.0913,0
23983787,0.6722,0.2135,-0.6685,0.2358,1.4305,-0.4633,3.8306,0
23983953,0.6743,0.2110,-0.6677,0.2342,0.7020,0.1060,0.7052,0
23984120,0.6749,0.2091,-0.6684,0.2322,0.7624,0.3448,0.2846,0
23984287,0.6770,0.2070,-0.6675,0.2310,0.6898,-0.1398,0.2533,0
23984453,0.6791,0.2058,-0.6656,0.2310,0.2681,-0.0017,0.0842,0
23984620,0.6799,0.2053,-0.6650,0.2308,-0.5307,-0.2622,-0.1001,0
23984787,0.6793,0.2052,-0.6659,0.2303,-0.4273,-0.3127,0.2070,0
23984953,0.6790,0.2053,-0.6663,0.2301,-0.0791,0.2956,0.1927,0
23985120,0.6789,0.2053,-0.6663,0.2300,0.0290,0.0519,0.0893,0
23985287,0.6789,0.2053,-0.6663,0.2300,0.0327,0.0168,0.0955,0
23985453,0.6788,0.2053,-0.6664,0.2300,-0.1959,-0.1534,0.1781,0
23985620,0.6771,0.2059,-0.6682,0.2295,-0.0526,-0.0977,0.1679,0
23985787,0.6784,0.2058,-0.6666,0.2302,1.1840,0.9236,0.1119,0
23985953,0.6789,0.2061,-0.6657,0.2310,-0.6855,-0.2398,0.1069,0
23986120,0.6764,0.2074,-0.6679,0.2309,-0.7699,-0.0098,0.1371,0
23986287,0.6759,0.2077,-0.6683,0.2309,-0.0385,0.7477,0.0945,0
23986453,0.6771,0.2067,-0.6674,0.2313,-0.7799,0.7423,0.9349,0
23986620,0.6765,0.2050,-0.6681,0.2322,-0.1326,0.0383,1.1377,0
23986787,0.6775,0.2026,-0.6674,0.2334,0.8201,-1.1800,-0.9650,0
23986953,0.6816,0.2011,-0.6635,0.2342,0.7927,-1.1898,-0.8788,0
23987120,0.6817,0.2009,-0.6632,0.2345,0.6158,0.9270,0.7017,0
23987287,0.6817,0.2008,-0.6631,0.2351,-0.2178,0.1379,0.8368,0
23987453,0.6816,0.2002,-0.6631,0.2360,-0.4345,-0.1861,0.6159,0
23987620,0.6815,0.1991,-0.6633,0.2366,-0.4057,-0.5271,0.5121,0
23987787,0.6815,0.1972,-0.6634,0.2377,0.3721,-0.3962,1.9538,0
23987953,0.6809,0.1947,-0.6639,0.2401,0.4505,0.4247,2.0167,0
23988120,0.6796,0.1924,-0.6647,0.2437,0.3805,0.8862,0.2921,0
23988287,0.6787,0.1907,-0.6647,0.2474,-0.5442,-0.3766,-1.7356,0
23988453,0.6774,0.1904,-0.6654,0.2492,-0.5277,-0.4224,-2.6684,0
23988620,0.6778,0.1903,-0.6650,0.2494,0.9867,0.1379,-2.2246,0
23988787,0.6799,0.1914,-0.6625,0.2495,0.8318,-0.4246,-1.7172,0
23988953,0.6833,0.1929,-0.6586,0.2491,-1.6831,-0.7624,-0.9525,0
23989120,0.6846,0.1947,-0.6577,0.2469,-0.2444,0.6156,0.4959,0
23989287,0.6886,0.1948,-0.6540,0.2453,1.5161,0.4407,0.4542,0
23989453,0.6926,0.1950,-0.6502,0.2439,-0.9716,-0.2326,0.1000,0
23989620,0.6893,0.1987,-0.6538,0.2407,-0.4975,-0.4665,0.2422,0
23989787,0.6905,0.1993,-0.6534,0.2380,-0.8459,0.3864,0.9429,0
23989953,0.6908,0.1994,-0.6539,0.2354,-0.2247,0.3632,1.5518,0
23990120,0.6896,0.1996,-0.6556,0.2342,1.4390,0.4688,1.0162,0
23990287,0.6877,0.2004,-0.6573,0.2342,0.5763,0.2395,0.5609,0
23990453,0.6864,0.2005,-0.6583,0.2350,-0.2391,0.1279,0.8309,0
23990620,0.6874,0.1998,-0.6572,0.2359,0.4117,-0.2044,-0.8693,0
23990787,0.6883,0.1996,-0.6562,0.2363,-0.0175,0.1017,0.2466,0
23990953,0.6886,0.1994,-0.6558,0.2365,-0.1761,-0.4542,-0.1131,0
23991120,0.6881,0.1997,-0.6564,0.2362,-0.0833,0.0705,0.2574,0
23991287,0.6882,0.1993,-0.6565,0.2359,-0.5203,0.2269,0.2703,0
23991453,0.6908,0.1971,-0.6546,0.2356,-0.6254,0.6763,1.0254,0
23991620,0.6922,0.1959,-0.6534,0.2357,1.4217,-0.8441,-0.8151,0
23991787,0.6942,0.1948,-0.6516,0.2358,-0.1155,-0.0690,0.0402,0
23991953,0.6956,0.1942,-0.6504,0.2356,0.0560,0.1432,-0.2522,0
23992120,0.6946,0.1951,-0.6515,0.2345,-0.9168,-0.0850,-0.1982,0
23992287,0.6944,0.1958,-0.6521,0.2331,0.6340,0.3643,0.6437,0
23992453,0.6945,0.1955,-0.6517,0.2339,0.0602,0.4039,0.7025,0
23992620,0.6948,0.1956,-0.6511,0.2346,-0.0321,-0.2771,-0.2245,0
23992787,0.6961,0.1961,-0.6494,0.2352,0.2294,-0.0596,-0.2186,0
23992953,0.6984,0.1961,-0.6469,0.2351,-0.3156,0.2600,-0.3150,0
23993120,0.6997,0.1960,-0.6454,0.2355,-0.1094,0.2530,0.5548,0
23993287,0.7002,0.1972,-0.6440,0.2368,-1.2110,-0.6240,-0.1471,0
23993453,0.7004,0.1998,-0.6425,0.2380,-0.4678,-0.5480,-0.7441,0
23993620,0.6974,0.2026,-0.6446,0.2388,0.6237,0.4608,1.4668,0
23993787,0.6943,0.2050,-0.6469,0.2396,-0.2863,0.4155,0.0097,0
23993953,0.6917,0.2063,-0.6494,0.2392,0.4908,0.3802,0.1917,0
23994120,0.6903,0.2070,-0.6508,0.2389,0.4988,0.4463,0.1007,0
23994287,0.6884,0.2078,-0.6527,0.2385,0.2568,0.0203,0.1340,0
23994453,0.6856,0.2092,-0.6553,0.2381,0.2048,0.1521,0.0248,0
23994620,0.6830,0.2105,-0.6578,0.2377,0.0659,-0.1685,0.1740,0
23994787,0.6809,0.2115,-0.6597,0.2374,0.4006,-0.1268,0.2748,0
23994953,0.6814,0.2116,-0.6591,0.2379,0.5258,-0.1092,0.1715,0
23995120,0.6811,0.2120,-0.6591,0.2382,0.0408,-0.6295,-0.0145,0
23995287,0.6786,0.2135,-0.6613,0.2380,-0.4810,-0.7223,-0.0527,0
23995453,0.6776,0.2138,-0.6623,0.2377,1.0668,-0.0392,0.2056,0
23995620,0.6738,0.2159,-0.6655,0.2377,2.6870,-0.6353,0.3438,0
23995787,0.6734,0.2167,-0.6654,0.2384,-0.2777,-0.1449,0.1605,0
23995953,0.6733,0.2169,-0.6653,0.2387,-0.6867,0.1451,0.0035,0
23996120,0.6736,0.2168,-0.6650,0.2388,-1.7760,0.6169,0.1584,0
23996287,0.6729,0.2170,-0.6658,0.2384,-0.8986,-0.1290,0.0589,0
23996453,0.6712,0.2176,-0.6676,0.2378,-0.6057,-0.2439,0.1789,0
23996620,0.6708,0.2177,-0.6679,0.2377,-0.8103,0.0654,0.0586,0
23996787,0.6706,0.2180,-0.6680,0.2379,0.5729,-0.2041,0.1531,0
23996954,0.6713,0.2177,-0.6673,0.2380,0.3870,0.0392,0.1352,0
23997120,0.6723,0.2168,-0.6667,0.2377,0.1368,-0.1189,0.0758,0
23997287,0.6730,0.2161,-0.6665,0.2372,0.5037,-0.1482,0.1501,0
23997454,0.6736,0.2154,-0.6662,0.2367,-0.2130,-0.2433,0.0346,0
23997620,0.6740,0.2147,-0.6662,0.2362,-0.1115,0.5207,0.1277,0
23997787,0.6742,0.2142,-0.6664,0.2356,0.0480,0.1011,0.2359,0
23997954,0.6740,0.2137,-0.6669,0.2349,0.0022,-0.2046,0.1340,0
23998120,0.6741,0.2131,-0.6674,0.2342,0.2257,-0.6146,0.0502,0
23998287,0.6742,0.2127,-0.6675,0.2337,0.5253,0.0700,0.0310,0
23998454,0.6744,0.2125,-0.6674,0.2336,0.1975,0.6114,0.1681,0
23998620,0.6744,0.2126,-0.6674,0.2336,-0.2134,0.4434,0.2768,0
23998787,0.6742,0.2126,-0.6676,0.2335,0.1542,-0.0993,0.1007,0
23998954,0.6743,0.2126,-0.6676,0.2335,-0.1274,-0.3506,0.0427,0
23999120,0.6743,0.2123,-0.6677,0.2331,-0.3468,-0.4552,0.1576,0
23999287,0.6747,0.2117,-0.6677,0.2326,-0.5063,-0.6103,0.1500,0
23999454,0.6752,0.2110,-0.6678,0.2319,0.0670,0.1943,0.0716,0
23999620,0.6751,0.2105,-0.6682,0.2312,0.1327,0.3136,0.1647,0
23999787,0.6752,0.2101,-0.6684,0.2307,0.5381,0.7748,0.1409,0
23999954,0.6759,0.2098,-0.6677,0.2308,0.8120,0.5273,0.1340,0
24000120,0.6774,0.2095,-0.6661,0.2315,0.2746,0.1315,0.1773,0
24000287,0.6785,0.2096,-0.6646,0.2324,0.0133,-0.1619,0.1308,0
24000454,0.6783,0.2100,-0.6646,0.2327,-0.9210,-0.5146,-0.0077,0
24000620,0.6772,0.2103,-0.6657,0.2323,-0.0931,-0.0485,0.1930,0
24000787,0.6764,0.2105,-0.6667,0.2319,0.1351,0.2069,0.1175,0
24000954,0.6762,0.2107,-0.6669,0.2315,1.0896,0.5467,-0.3532,0
24001120,0.6770,0.2107,-0.6660,0.2317,-0.6103,-0.5965,0.6361,0
24001287,0.6763,0.2108,-0.6669,0.2312,0.0445,0.1523,0.0856,0
24001454,0.6765,0.2108,-0.6667,0.2313,0.1008,0.0418,0.1817,0
24001620,0.6767,0.2108,-0.6664,0.2315,-0.1264,-0.1415,0.0589,0
24001787,0.6769,0.2107,-0.6661,0.2316,0.0525,-0.0007,0.3297,0
24001954,0.6771,0.2107,-0.6659,0.2317,0.0343,0.0020,0.0321,0
24002120,0.6771,0.2107,-0.6658,0.2318,-0.0321,-0.0694,0.1252,0
24002287,0.6770,0.2108,-0.6661,0.2317,-0.0389,-0.0031,0.2512,0
24002454,0.6767,0.2108,-0.6663,0.2317,0.0262,-0.0395,0.0132,0
24002620,0.6765,0.2108,-0.6665,0.2316,0.0959,-0.0378,0.1348,0
24002787,0.6763,0.2109,-0.6667,0.2315,-0.0032,-0.0101,0.1130,0
24002954,0.6761,0.2109,-0.6669,0.2314,0.0217,-0.0093,0.1253,0
24003120,0.6763,0.2107,-0.6668,0.2314,-1.1801,0.4489,0.0619,0
24003287,0.6767,0.2097,-0.6671,0.2304,-1.2267,0.3617,0.2123,0
24003454,0.6772,0.2086,-0.6673,0.2294,0.5501,-0.2853,0.0708,0
24003620,0.6786,0.2071,-0.6666,0.2285,0.3631,0.1842,0.1844,0
24003787,0.6798,0.2054,-0.6663,0.2275,0.6727,-0.0298,0.1098,0
24003954,0.6807,0.2039,-0.6663,0.2263,1.2030,-0.0141,0.1009,0
24004120,0.6821,0.2025,-0.6654,0.2256,0.6120,-0.3752,0.1824,0
24004287,0.6824,0.2020,-0.6654,0.2252,-0.8370,-0.4960,-0.1471,0
24004454,0.6792,0.2027,-0.6689,0.2240,-0.8466,-0.5662,0.1244,0
24004620,0.6776,0.2031,-0.6705,0.2235,1.1461,0.6525,0.2085,0
24004787,0.6792,0.2027,-0.6690,0.2239,0.3855,0.2117,0.1645,0
24004954,0.6795,0.2026,-0.6686,0.2240,-0.6724,-0.4808,0.0553,0
24005120,0.6784,0.2029,-0.6697,0.2237,0.0096,-0.0041,0.1192,0
24005287,0.6786,0.2028,-0.6695,0.2238,0.5924,0.3552,0.1320,0
24005454,0.6794,0.2026,-0.6687,0.2240,-0.1354,-0.1415,0.1219,0
24005620,0.6790,0.2027,-0.6691,0.2239,-0.3446,-0.2472,0.1142,0
24005787,0.6782,0.2029,-0.6699,0.2237,0.2431,0.1478,0.1477,0
24005954,0.6788,0.2028,-0.6693,0.2239,0.3263,0.1563,0.1144,0
24006120,0.6794,0.2026,-0.6687,0.2240,-0.2359,-0.1957,0.1313,0
24006287,0.6788,0.2028,-0.6693,0.2238,-0.1737,-0.1462,0.1114,0
24006454,0.6782,0.2029,-0.6699,0.2237,0.3174,0.1631,0.1226,0
24006620,0.6788,0.2028,-0.6693,0.2238,0.1774,0.0798,0.1355,0
24006787,0.6793,0.2026,-0.6688,0.2240,-0.1463,-0.1381,0.1004,0
24006954,0.6789,0.2028,-0.6692,0.2239,-0.1545,-0.1492,0.1236,0
24007120,0.6784,0.2029,-0.6698,0.2237,0.0231,-0.0146,0.1255,0
24007287,0.6786,0.2028,-0.6696,0.2238,0.3358,0.1839,0.1484,0
24007454,0.6790,0.2027,-0.6691,0.2239,0.0063,-0.0295,0.1010,0
24007620,0.6791,0.2027,-0.6690,0.2239,-0.2245,-0.1948,0.1161,0
24007787,0.6787,0.2028,-0.6694,0.2238,-0.0048,-0.0523,0.1146,0
24007954,0.6783,0.2029,-0.6699,0.2237,0.0748,0.0274,0.1389,0
24008120,0.6786,0.2029,-0.6696,0.2237,0.2284,0.1085,0.1385,0
24008287,0.6790,0.2027,-0.6692,0.2239,-0.0054,-0.0538,0.1139,0
24008454,0.6791,0.2027,-0.6690,0.2239,-0.1493,-0.1198,0.1214,0
24008620,0.6788,0.2028,-0.6693,0.2238,-0.0508,-0.0722,0.1211,0
24008787,0.6785,0.2029,-0.6697,0.2237,0.0222,-0.0271,0.1265,0
24008954,0.6784,0.2029,-0.6697,0.2237,0.2567,0.1355,0.1244,0
24009120,0.6787,0.2028,-0.6694,0.2238,-0.0065,-0.0277,0.1038,0
24009287,0.6790,0.2027,-0.6691,0.2239,0.0338,-0.0371,0.1245,0
24009454,0.6791,0.2027,-0.6691,0.2239,-0.1677,-0.1181,0.1146,0
24009620,0.6788,0.2028,-0.6694,0.2238,0.0235,-0.0137,0.1251,0
24009787,0.6785,0.2029,-0.6697,0.2237,0.0207,-0.0282,0.1222,0
24009954,0.6784,0.2029,-0.6698,0.2237,0.2347,0.1101,0.1357,0
24010120,0.6787,0.2028,-0.6695,0.2238,0.0229,-0.0292,0.1211,0
24010287,0.6789,0.2028,-0.6692,0.2239,0.0147,-0.0259,0.1206,0
24010454,0.6791,0.2027,-0.6691,0.2239,-0.0895,-0.0926,0.1266,0
24010620,0.6789,0.2028,-0.6693,0.2238,-0.0108,-0.0443,0.1239,0
24010787,0.6786,0.2029,-0.6695,0.2237,0.0373,-0.0323,0.1293,0
24010954,0.6784,0.2029,-0.6698,0.2237,0.0306,-0.0209,0.1214,0
24011120,0.6784,0.2029,-0.6697,0.2237,0.1669,0.0560,0.1349,0
24011287,0.6786,0.2029,-0.6695,0.2237,0.0113,-0.0300,0.1360,0
24011454,0.6788,0.2028,-0.6693,0.2238,0.0190,-0.0364,0.1196,0
24011620,0.6790,0.2028,-0.6692,0.2238,0.0123,-0.0373,0.1150,0
24011787,0.6790,0.2028,-0.6691,0.2239,-0.0296,-0.0483,0.1238,0
24011954,0.6789,0.2028,-0.6693,0.2238,-0.0039,-0.0412,0.1298,0
24012120,0.6787,0.2028,-0.6694,0.2238,0.0197,-0.0152,0.1286,0
24012287,0.6786,0.2029,-0.6696,0.2237,0.0217,-0.0185,0.1430,0
24012454,0.6784,0.2029,-0.6698,0.2237,0.0326,-0.0398,0.1237,0
24012620,0.6784,0.2029,-0.6697,0.2237,0.1476,0.0525,0.1227,0
24012787,0.6786,0.2029,-0.6696,0.2237,0.0288,-0.0274,0.1203,0
24012954,0.6787,0.2029,-0.6694,0.2238,0.0272,-0.0190,0.1160,0
24013120,0.6789,0.2028,-0.6693,0.2238,0.0085,-0.0391,0.1302,0
24013287,0.6790,0.2028,-0.6691,0.2239,0.0007,-0.0312,0.1209,0
24013454,0.6790,0.2028,-0.6691,0.2239,-0.0257,-0.0596,0.1121,0
24013621,0.6789,0.2028,-0.6692,0.2238,0.0092,-0.0251,0.1434,0
24013787,0.6788,0.2029,-0.6694,0.2238,0.0389,-0.0180,0.1177,0
24013954,0.6786,0.2029,-0.6695,0.2238,0.0203,-0.0383,0.1192,0
24014121,0.6785,0.2029,-0.6696,0.2237,0.0341,-0.0424,0.1215,0
24014287,0.6783,0.2030,-0.6698,0.2237,0.0259,-0.0172,0.1082,0
24014454,0.6784,0.2030,-0.6697,0.2237,0.1010,0.0190,0.1323,0
24014621,0.6785,0.2029,-0.6696,0.2237,0.0072,-0.0249,0.1304,0
24014787,0.6786,0.2029,-0.6695,0.2237,0.0262,-0.0380,0.1104,0
24014954,0.6787,0.2029,-0.6694,0.2238,0.0340,-0.0134,0.1190,0
24015121,0.6622,0.2473,-0.6543,0.2688,0.0194,-0.0364,0.1117,0
24015287,0.6622,0.2473,-0.6542,0.2688,0.0252,-0.0181,0.1241,0
24015454,0.6623,0.2473,-0.6542,0.2688,0.0278,-0.0166,0.1276,0
24015621,0.6623,0.2473,-0.6542,0.2688,0.0379,-0.0196,0.1186,0
24015787,0.6623,0.2473,-0.6541,0.2688,0.0266,-0.0187,0.1266,0
24015954,0.6624,0.2473,-0.6541,0.2688,0.0148,-0.0274,0.1334,0
24016121,0.6623,0.2473,-0.6541,0.2688,0.0169,-0.0075,0.1095,0
24016287
24016454
24016621
24016787
